-- --------------------------------------------------------
-- Host:                         localhost
-- Server version:               8.0.18 - MySQL Community Server - GPL
-- Server OS:                    Win64
-- HeidiSQL Version:             10.2.0.5599
-- --------------------------------------------------------

/*!40101 SET @OLD_CHARACTER_SET_CLIENT=@@CHARACTER_SET_CLIENT */;
/*!40101 SET NAMES utf8 */;
/*!50503 SET NAMES utf8mb4 */;
/*!40014 SET @OLD_FOREIGN_KEY_CHECKS=@@FOREIGN_KEY_CHECKS, FOREIGN_KEY_CHECKS=0 */;
/*!40101 SET @OLD_SQL_MODE=@@SQL_MODE, SQL_MODE='NO_AUTO_VALUE_ON_ZERO' */;


-- Dumping database structure for data_process
CREATE DATABASE IF NOT EXISTS `data_process` /*!40100 DEFAULT CHARACTER SET utf8 */ /*!80016 DEFAULT ENCRYPTION='N' */;
USE `data_process`;

-- Dumping structure for table data_process.channel_messages
CREATE TABLE IF NOT EXISTS `channel_messages` (
  `messageId` varchar(50) NOT NULL,
  `message` longtext NOT NULL,
  `messageName` varchar(50) NOT NULL,
  `subject` varchar(200) DEFAULT NULL,
  `media` varchar(20) NOT NULL,
  `producerId` varchar(50) NOT NULL,
  `scheduledDate` varchar(50) DEFAULT NULL,
  `expiryDate` varchar(50) DEFAULT NULL,
  `dataMapTemplateName` varchar(100) DEFAULT NULL,
  `nextDeliveryDate` datetime DEFAULT NULL,
  `createdBy` varchar(50) NOT NULL,
  `createdDate` datetime NOT NULL,
  `modifiedBy` varchar(50) NOT NULL,
  `modifiedDate` datetime NOT NULL,
  `status` bit(1) NOT NULL DEFAULT b'1',
  `textHTML` bit(1) DEFAULT b'1',
  PRIMARY KEY (`messageId`)
) ENGINE=InnoDB DEFAULT CHARSET=utf8;

-- Dumping data for table data_process.channel_messages: ~0 rows (approximately)
DELETE FROM `channel_messages`;
/*!40000 ALTER TABLE `channel_messages` DISABLE KEYS */;
/*!40000 ALTER TABLE `channel_messages` ENABLE KEYS */;

-- Dumping structure for table data_process.city
CREATE TABLE IF NOT EXISTS `city` (
  `city` varchar(50) NOT NULL,
  `state` varchar(50) DEFAULT NULL,
  `zipCode` varchar(10) DEFAULT NULL,
  `status` bit(1) DEFAULT b'1',
  PRIMARY KEY (`city`)
) ENGINE=InnoDB DEFAULT CHARSET=utf8;

-- Dumping data for table data_process.city: ~18 rows (approximately)
DELETE FROM `city`;
/*!40000 ALTER TABLE `city` DISABLE KEYS */;
INSERT INTO `city` (`city`, `state`, `zipCode`, `status`) VALUES
	('Bangalore', 'Karnataka', NULL, b'1'),
	('Chennai', 'Tamil Nadu', NULL, b'1'),
	('Coimbatore', 'Tamil Nadu', NULL, b'1'),
	('Dharmapuri', 'Tamil Nadu', NULL, b'1'),
	('Erode', 'Tamil Nadu', NULL, b'1'),
	('Hyderabad', 'Andhra Pradesh', NULL, b'1'),
	('Kanyakumari', 'Tamil Nadu', NULL, b'1'),
	('Kodaikanal', 'Tamil Nadu', NULL, b'1'),
	('Madurai', 'Tamil Nadu', NULL, b'1'),
	('Mysore', 'Karnataka', NULL, b'1'),
	('Nammakkal', 'Tamil Nadu', NULL, b'1'),
	('Ooty', 'Tamil Nadu', NULL, b'1'),
	('Salem', 'Tamil Nadu', NULL, b'1'),
	('Theni', 'Tamil Nadu', NULL, b'1'),
	('Thenkasi', 'Tamil Nadu', NULL, b'1'),
	('Tirunelveli', 'Tamil Nadu', NULL, b'1'),
	('Trichy', 'Tamil Nadu', NULL, b'1'),
	('Vizagapatnam', 'Andhra Pradesh', NULL, b'1');
/*!40000 ALTER TABLE `city` ENABLE KEYS */;

-- Dumping structure for table data_process.country
CREATE TABLE IF NOT EXISTS `country` (
  `country` varchar(20) NOT NULL,
  `countryName` varchar(50) NOT NULL,
  `status` bit(1) NOT NULL DEFAULT b'0',
  `displayOrder` int(11) NOT NULL DEFAULT '0',
  PRIMARY KEY (`country`)
) ENGINE=InnoDB DEFAULT CHARSET=utf8;

-- Dumping data for table data_process.country: ~474 rows (approximately)
DELETE FROM `country`;
/*!40000 ALTER TABLE `country` DISABLE KEYS */;
INSERT INTO `country` (`country`, `countryName`, `status`, `displayOrder`) VALUES
	('Africa/Abidjan', 'Africa/Abidjan', b'0', 0),
	('Africa/Accra', 'Africa/Accra', b'0', 0),
	('Africa/Addis_Ababa', 'Africa/Addis_Ababa', b'0', 0),
	('Africa/Algiers', 'Africa/Algiers', b'0', 0),
	('Africa/Asmara', 'Africa/Asmara', b'0', 0),
	('Africa/Asmera', 'Africa/Asmera', b'0', 0),
	('Africa/Bamako', 'Africa/Bamako', b'0', 0),
	('Africa/Bangui', 'Africa/Bangui', b'0', 0),
	('Africa/Banjul', 'Africa/Banjul', b'0', 0),
	('Africa/Bissau', 'Africa/Bissau', b'0', 0),
	('Africa/Blantyre', 'Africa/Blantyre', b'0', 0),
	('Africa/Brazzaville', 'Africa/Brazzaville', b'0', 0),
	('Africa/Bujumbura', 'Africa/Bujumbura', b'0', 0),
	('Africa/Cairo', 'Africa/Cairo', b'0', 0),
	('Africa/Casablanca', 'Africa/Casablanca', b'0', 0),
	('Africa/Ceuta', 'Africa/Ceuta', b'0', 0),
	('Africa/Conakry', 'Africa/Conakry', b'0', 0),
	('Africa/Dakar', 'Africa/Dakar', b'0', 0),
	('Africa/Dar_es_Salaam', 'Africa/Dar_es_Salaam', b'0', 0),
	('Africa/Djibouti', 'Africa/Djibouti', b'0', 0),
	('Africa/Douala', 'Africa/Douala', b'0', 0),
	('Africa/El_Aaiun', 'Africa/El_Aaiun', b'0', 0),
	('Africa/Freetown', 'Africa/Freetown', b'0', 0),
	('Africa/Gaborone', 'Africa/Gaborone', b'0', 0),
	('Africa/Harare', 'Africa/Harare', b'0', 0),
	('Africa/Johannesburg', 'Africa/Johannesburg', b'0', 0),
	('Africa/Juba', 'Africa/Juba', b'0', 0),
	('Africa/Kampala', 'Africa/Kampala', b'0', 0),
	('Africa/Khartoum', 'Africa/Khartoum', b'0', 0),
	('Africa/Kigali', 'Africa/Kigali', b'0', 0),
	('Africa/Kinshasa', 'Africa/Kinshasa', b'0', 0),
	('Africa/Lagos', 'Africa/Lagos', b'0', 0),
	('Africa/Libreville', 'Africa/Libreville', b'0', 0),
	('Africa/Lome', 'Africa/Lome', b'0', 0),
	('Africa/Luanda', 'Africa/Luanda', b'0', 0),
	('Africa/Lubumbashi', 'Africa/Lubumbashi', b'0', 0),
	('Africa/Lusaka', 'Africa/Lusaka', b'0', 0),
	('Africa/Malabo', 'Africa/Malabo', b'0', 0),
	('Africa/Maputo', 'Africa/Maputo', b'0', 0),
	('Africa/Maseru', 'Africa/Maseru', b'0', 0),
	('Africa/Mbabane', 'Africa/Mbabane', b'0', 0),
	('Africa/Mogadishu', 'Africa/Mogadishu', b'0', 0),
	('Africa/Monrovia', 'Africa/Monrovia', b'0', 0),
	('Africa/Nairobi', 'Africa/Nairobi', b'0', 0),
	('Africa/Ndjamena', 'Africa/Ndjamena', b'0', 0),
	('Africa/Niamey', 'Africa/Niamey', b'0', 0),
	('Africa/Nouakchott', 'Africa/Nouakchott', b'0', 0),
	('Africa/Ouagadougou', 'Africa/Ouagadougou', b'0', 0),
	('Africa/Porto-Novo', 'Africa/Porto-Novo', b'0', 0),
	('Africa/Sao_Tome', 'Africa/Sao_Tome', b'0', 0),
	('Africa/Timbuktu', 'Africa/Timbuktu', b'0', 0),
	('Africa/Tripoli', 'Africa/Tripoli', b'0', 0),
	('Africa/Tunis', 'Africa/Tunis', b'0', 0),
	('Africa/Windhoek', 'Africa/Windhoek', b'0', 0),
	('America/Adak', 'America/Adak', b'0', 0),
	('America/Anchorage', 'America/Anchorage', b'0', 0),
	('America/Anguilla', 'America/Anguilla', b'0', 0),
	('America/Antigua', 'America/Antigua', b'0', 0),
	('America/Araguaina', 'America/Araguaina', b'0', 0),
	('America/Aruba', 'America/Aruba', b'0', 0),
	('America/Asuncion', 'America/Asuncion', b'0', 0),
	('America/Atikokan', 'America/Atikokan', b'0', 0),
	('America/Atka', 'America/Atka', b'0', 0),
	('America/Bahia', 'America/Bahia', b'0', 0),
	('America/Barbados', 'America/Barbados', b'0', 0),
	('America/Belem', 'America/Belem', b'0', 0),
	('America/Belize', 'America/Belize', b'0', 0),
	('America/Blanc-Sablon', 'America/Blanc-Sablon', b'0', 0),
	('America/Boa_Vista', 'America/Boa_Vista', b'0', 0),
	('America/Bogota', 'America/Bogota', b'0', 0),
	('America/Boise', 'America/Boise', b'0', 0),
	('America/Buenos_Aires', 'America/Buenos_Aires', b'0', 0),
	('America/Campo_Grande', 'America/Campo_Grande', b'0', 0),
	('America/Cancun', 'America/Cancun', b'0', 0),
	('America/Caracas', 'America/Caracas', b'0', 0),
	('America/Catamarca', 'America/Catamarca', b'0', 0),
	('America/Cayenne', 'America/Cayenne', b'0', 0),
	('America/Cayman', 'America/Cayman', b'0', 0),
	('America/Chicago', 'America/Chicago', b'0', 0),
	('America/Chihuahua', 'America/Chihuahua', b'0', 0),
	('America/Cordoba', 'America/Cordoba', b'0', 0),
	('America/Costa_Rica', 'America/Costa_Rica', b'0', 0),
	('America/Creston', 'America/Creston', b'0', 0),
	('America/Cuiaba', 'America/Cuiaba', b'0', 0),
	('America/Curacao', 'America/Curacao', b'0', 0),
	('America/Danmarkshavn', 'America/Danmarkshavn', b'0', 0),
	('America/Dawson', 'America/Dawson', b'0', 0),
	('America/Dawson_Creek', 'America/Dawson_Creek', b'0', 0),
	('America/Denver', 'America/Denver', b'0', 0),
	('America/Detroit', 'America/Detroit', b'0', 0),
	('America/Dominica', 'America/Dominica', b'0', 0),
	('America/Edmonton', 'America/Edmonton', b'0', 0),
	('America/Eirunepe', 'America/Eirunepe', b'0', 0),
	('America/El_Salvador', 'America/El_Salvador', b'0', 0),
	('America/Ensenada', 'America/Ensenada', b'0', 0),
	('America/Fortaleza', 'America/Fortaleza', b'0', 0),
	('America/Fort_Nelson', 'America/Fort_Nelson', b'0', 0),
	('America/Fort_Wayne', 'America/Fort_Wayne', b'0', 0),
	('America/Glace_Bay', 'America/Glace_Bay', b'0', 0),
	('America/Godthab', 'America/Godthab', b'0', 0),
	('America/Goose_Bay', 'America/Goose_Bay', b'0', 0),
	('America/Grand_Turk', 'America/Grand_Turk', b'0', 0),
	('America/Grenada', 'America/Grenada', b'0', 0),
	('America/Guadeloupe', 'America/Guadeloupe', b'0', 0),
	('America/Guatemala', 'America/Guatemala', b'0', 0),
	('America/Guayaquil', 'America/Guayaquil', b'0', 0),
	('America/Guyana', 'America/Guyana', b'0', 0),
	('America/Halifax', 'America/Halifax', b'0', 0),
	('America/Havana', 'America/Havana', b'0', 0),
	('America/Hermosillo', 'America/Hermosillo', b'0', 0),
	('America/Indiana/Knox', 'America/Indiana/Knox', b'0', 0),
	('America/Indianapolis', 'America/Indianapolis', b'0', 0),
	('America/Inuvik', 'America/Inuvik', b'0', 0),
	('America/Iqaluit', 'America/Iqaluit', b'0', 0),
	('America/Jamaica', 'America/Jamaica', b'0', 0),
	('America/Jujuy', 'America/Jujuy', b'0', 0),
	('America/Juneau', 'America/Juneau', b'0', 0),
	('America/Knox_IN', 'America/Knox_IN', b'0', 0),
	('America/Kralendijk', 'America/Kralendijk', b'0', 0),
	('America/La_Paz', 'America/La_Paz', b'0', 0),
	('America/Lima', 'America/Lima', b'0', 0),
	('America/Los_Angeles', 'America/Los_Angeles', b'0', 0),
	('America/Louisville', 'America/Louisville', b'0', 0),
	('America/Maceio', 'America/Maceio', b'0', 0),
	('America/Managua', 'America/Managua', b'0', 0),
	('America/Manaus', 'America/Manaus', b'0', 0),
	('America/Marigot', 'America/Marigot', b'0', 0),
	('America/Martinique', 'America/Martinique', b'0', 0),
	('America/Matamoros', 'America/Matamoros', b'0', 0),
	('America/Mazatlan', 'America/Mazatlan', b'0', 0),
	('America/Mendoza', 'America/Mendoza', b'0', 0),
	('America/Menominee', 'America/Menominee', b'0', 0),
	('America/Merida', 'America/Merida', b'0', 0),
	('America/Metlakatla', 'America/Metlakatla', b'0', 0),
	('America/Mexico_City', 'America/Mexico_City', b'0', 0),
	('America/Miquelon', 'America/Miquelon', b'0', 0),
	('America/Moncton', 'America/Moncton', b'0', 0),
	('America/Monterrey', 'America/Monterrey', b'0', 0),
	('America/Montevideo', 'America/Montevideo', b'0', 0),
	('America/Montreal', 'America/Montreal', b'0', 0),
	('America/Montserrat', 'America/Montserrat', b'0', 0),
	('America/Nassau', 'America/Nassau', b'0', 0),
	('America/New_York', 'America/New_York', b'0', 0),
	('America/Nipigon', 'America/Nipigon', b'0', 0),
	('America/Nome', 'America/Nome', b'0', 0),
	('America/Noronha', 'America/Noronha', b'0', 0),
	('America/Ojinaga', 'America/Ojinaga', b'0', 0),
	('America/Panama', 'America/Panama', b'0', 0),
	('America/Pangnirtung', 'America/Pangnirtung', b'0', 0),
	('America/Paramaribo', 'America/Paramaribo', b'0', 0),
	('America/Phoenix', 'America/Phoenix', b'0', 0),
	('America/Porto_Acre', 'America/Porto_Acre', b'0', 0),
	('America/Porto_Velho', 'America/Porto_Velho', b'0', 0),
	('America/Puerto_Rico', 'America/Puerto_Rico', b'0', 0),
	('America/Punta_Arenas', 'America/Punta_Arenas', b'0', 0),
	('America/Rainy_River', 'America/Rainy_River', b'0', 0),
	('America/Rankin_Inlet', 'America/Rankin_Inlet', b'0', 0),
	('America/Recife', 'America/Recife', b'0', 0),
	('America/Regina', 'America/Regina', b'0', 0),
	('America/Resolute', 'America/Resolute', b'0', 0),
	('America/Rio_Branco', 'America/Rio_Branco', b'0', 0),
	('America/Rosario', 'America/Rosario', b'0', 0),
	('America/Santarem', 'America/Santarem', b'0', 0),
	('America/Santa_Isabel', 'America/Santa_Isabel', b'0', 0),
	('America/Santiago', 'America/Santiago', b'0', 0),
	('America/Sao_Paulo', 'America/Sao_Paulo', b'0', 0),
	('America/Scoresbysund', 'America/Scoresbysund', b'0', 0),
	('America/Shiprock', 'America/Shiprock', b'0', 0),
	('America/Sitka', 'America/Sitka', b'0', 0),
	('America/St_Johns', 'America/St_Johns', b'0', 0),
	('America/St_Kitts', 'America/St_Kitts', b'0', 0),
	('America/St_Lucia', 'America/St_Lucia', b'0', 0),
	('America/St_Thomas', 'America/St_Thomas', b'0', 0),
	('America/St_Vincent', 'America/St_Vincent', b'0', 0),
	('America/Tegucigalpa', 'America/Tegucigalpa', b'0', 0),
	('America/Thule', 'America/Thule', b'0', 0),
	('America/Thunder_Bay', 'America/Thunder_Bay', b'0', 0),
	('America/Tijuana', 'America/Tijuana', b'0', 0),
	('America/Toronto', 'America/Toronto', b'0', 0),
	('America/Tortola', 'America/Tortola', b'0', 0),
	('America/Vancouver', 'America/Vancouver', b'0', 0),
	('America/Virgin', 'America/Virgin', b'0', 0),
	('America/Whitehorse', 'America/Whitehorse', b'0', 0),
	('America/Winnipeg', 'America/Winnipeg', b'0', 0),
	('America/Yakutat', 'America/Yakutat', b'0', 0),
	('America/Yellowknife', 'America/Yellowknife', b'0', 0),
	('Antarctica/Casey', 'Antarctica/Casey', b'0', 0),
	('Antarctica/Davis', 'Antarctica/Davis', b'0', 0),
	('Antarctica/Macquarie', 'Antarctica/Macquarie', b'0', 0),
	('Antarctica/Mawson', 'Antarctica/Mawson', b'0', 0),
	('Antarctica/McMurdo', 'Antarctica/McMurdo', b'0', 0),
	('Antarctica/Palmer', 'Antarctica/Palmer', b'0', 0),
	('Antarctica/Rothera', 'Antarctica/Rothera', b'0', 0),
	('Antarctica/Syowa', 'Antarctica/Syowa', b'0', 0),
	('Antarctica/Troll', 'Antarctica/Troll', b'0', 0),
	('Antarctica/Vostok', 'Antarctica/Vostok', b'0', 0),
	('Arctic/Longyearbyen', 'Arctic/Longyearbyen', b'0', 0),
	('Asia/Aden', 'Asia/Aden', b'0', 0),
	('Asia/Almaty', 'Asia/Almaty', b'0', 0),
	('Asia/Amman', 'Asia/Amman', b'0', 0),
	('Asia/Anadyr', 'Asia/Anadyr', b'0', 0),
	('Asia/Aqtau', 'Asia/Aqtau', b'0', 0),
	('Asia/Aqtobe', 'Asia/Aqtobe', b'0', 0),
	('Asia/Ashgabat', 'Asia/Ashgabat', b'0', 0),
	('Asia/Ashkhabad', 'Asia/Ashkhabad', b'0', 0),
	('Asia/Atyrau', 'Asia/Atyrau', b'0', 0),
	('Asia/Baghdad', 'Asia/Baghdad', b'0', 0),
	('Asia/Bahrain', 'Bahrain', b'0', 12),
	('Asia/Baku', 'Asia/Baku', b'0', 0),
	('Asia/Bangkok', 'Thailand', b'0', 15),
	('Asia/Barnaul', 'Asia/Barnaul', b'0', 0),
	('Asia/Beirut', 'Asia/Beirut', b'0', 0),
	('Asia/Bishkek', 'Asia/Bishkek', b'0', 0),
	('Asia/Brunei', 'Asia/Brunei', b'0', 0),
	('Asia/Calcutta', 'Asia/Calcutta', b'0', 0),
	('Asia/Chita', 'Asia/Chita', b'0', 0),
	('Asia/Choibalsan', 'Asia/Choibalsan', b'0', 0),
	('Asia/Chongqing', 'Asia/Chongqing', b'0', 0),
	('Asia/Chungking', 'Asia/Chungking', b'0', 0),
	('Asia/Colombo', 'Sri Lanka', b'0', 3),
	('Asia/Damascus', 'Asia/Damascus', b'0', 0),
	('Asia/Dhaka', 'Bangladesh', b'0', 17),
	('Asia/Dili', 'Asia/Dili', b'0', 0),
	('Asia/Dubai', 'Dubai', b'0', 13),
	('Asia/Dushanbe', 'Asia/Dushanbe', b'0', 0),
	('Asia/Famagusta', 'Asia/Famagusta', b'0', 0),
	('Asia/Gaza', 'Asia/Gaza', b'0', 0),
	('Asia/Harbin', 'Asia/Harbin', b'0', 0),
	('Asia/Hebron', 'Asia/Hebron', b'0', 0),
	('Asia/Hong_Kong', 'Asia/Hong_Kong', b'0', 0),
	('Asia/Hovd', 'Asia/Hovd', b'0', 0),
	('Asia/Ho_Chi_Minh', 'Asia/Ho_Chi_Minh', b'0', 0),
	('Asia/Irkutsk', 'Asia/Irkutsk', b'0', 0),
	('Asia/Istanbul', 'Asia/Istanbul', b'0', 0),
	('Asia/Jakarta', 'Indonesia', b'0', 4),
	('Asia/Jayapura', 'Asia/Jayapura', b'0', 0),
	('Asia/Jerusalem', 'Asia/Jerusalem', b'0', 0),
	('Asia/Kabul', 'Pakistan', b'0', 22),
	('Asia/Kamchatka', 'Asia/Kamchatka', b'0', 0),
	('Asia/Karachi', 'Asia/Karachi', b'0', 0),
	('Asia/Kashgar', 'Asia/Kashgar', b'0', 0),
	('Asia/Kathmandu', 'Nepal', b'0', 23),
	('Asia/Katmandu', 'Asia/Katmandu', b'0', 14),
	('Asia/Khandyga', 'Asia/Khandyga', b'0', 0),
	('Asia/Kolkata', 'India', b'1', 1),
	('Asia/Krasnoyarsk', 'Asia/Krasnoyarsk', b'0', 0),
	('Asia/Kuala_Lumpur', 'Malaysia', b'0', 5),
	('Asia/Kuching', 'Asia/Kuching', b'0', 0),
	('Asia/Kuwait', 'Kuwait', b'0', 19),
	('Asia/Macao', 'Asia/Macao', b'0', 0),
	('Asia/Macau', 'Asia/Macau', b'0', 0),
	('Asia/Magadan', 'Asia/Magadan', b'0', 0),
	('Asia/Makassar', 'Asia/Makassar', b'0', 0),
	('Asia/Manila', 'Phillippines', b'0', 20),
	('Asia/Muscat', 'Oman', b'0', 6),
	('Asia/Nicosia', 'Asia/Nicosia', b'0', 0),
	('Asia/Novokuznetsk', 'Asia/Novokuznetsk', b'0', 0),
	('Asia/Novosibirsk', 'Asia/Novosibirsk', b'0', 0),
	('Asia/Omsk', 'Asia/Omsk', b'0', 0),
	('Asia/Oral', 'Asia/Oral', b'0', 0),
	('Asia/Phnom_Penh', 'Asia/Phnom_Penh', b'0', 0),
	('Asia/Pontianak', 'Asia/Pontianak', b'0', 0),
	('Asia/Pyongyang', 'Asia/Pyongyang', b'0', 0),
	('Asia/Qatar', 'Qatar', b'0', 7),
	('Asia/Qyzylorda', 'Asia/Qyzylorda', b'0', 0),
	('Asia/Rangoon', 'Asia/Rangoon', b'0', 0),
	('Asia/Riyadh', 'Riyadh', b'0', 8),
	('Asia/Saigon', 'Asia/Saigon', b'0', 0),
	('Asia/Sakhalin', 'Asia/Sakhalin', b'0', 0),
	('Asia/Samarkand', 'Asia/Samarkand', b'0', 0),
	('Asia/Seoul', 'Asia/Seoul', b'0', 0),
	('Asia/Shanghai', 'Asia/Shanghai', b'0', 0),
	('Asia/Singapore', 'Singapore', b'0', 2),
	('Asia/Srednekolymsk', 'Asia/Srednekolymsk', b'0', 0),
	('Asia/Taipei', 'Asia/Taipei', b'0', 0),
	('Asia/Tashkent', 'Asia/Tashkent', b'0', 0),
	('Asia/Tbilisi', 'Asia/Tbilisi', b'0', 0),
	('Asia/Tehran', 'Asia/Tehran', b'0', 0),
	('Asia/Tel_Aviv', 'Asia/Tel_Aviv', b'0', 0),
	('Asia/Thimbu', 'Asia/Thimbu', b'0', 0),
	('Asia/Thimphu', 'Asia/Thimphu', b'0', 0),
	('Asia/Tokyo', 'Asia/Tokyo', b'0', 0),
	('Asia/Tomsk', 'Asia/Tomsk', b'0', 0),
	('Asia/Ujung_Pandang', 'Asia/Ujung_Pandang', b'0', 0),
	('Asia/Ulaanbaatar', 'Asia/Ulaanbaatar', b'0', 0),
	('Asia/Ulan_Bator', 'Asia/Ulan_Bator', b'0', 0),
	('Asia/Urumqi', 'Asia/Urumqi', b'0', 0),
	('Asia/Ust-Nera', 'Asia/Ust-Nera', b'0', 0),
	('Asia/Vientiane', 'Asia/Vientiane', b'0', 0),
	('Asia/Vladivostok', 'Asia/Vladivostok', b'0', 0),
	('Asia/Yakutsk', 'Asia/Yakutsk', b'0', 0),
	('Asia/Yangon', 'Asia/Yangon', b'0', 0),
	('Asia/Yekaterinburg', 'Asia/Yekaterinburg', b'0', 0),
	('Asia/Yerevan', 'Asia/Yerevan', b'0', 0),
	('Atlantic/Azores', 'Atlantic/Azores', b'0', 0),
	('Atlantic/Bermuda', 'Atlantic/Bermuda', b'0', 0),
	('Atlantic/Canary', 'Atlantic/Canary', b'0', 0),
	('Atlantic/Cape_Verde', 'Atlantic/Cape_Verde', b'0', 0),
	('Atlantic/Faeroe', 'Atlantic/Faeroe', b'0', 0),
	('Atlantic/Faroe', 'Atlantic/Faroe', b'0', 0),
	('Atlantic/Jan_Mayen', 'Atlantic/Jan_Mayen', b'0', 0),
	('Atlantic/Madeira', 'Atlantic/Madeira', b'0', 0),
	('Atlantic/Reykjavik', 'Atlantic/Reykjavik', b'0', 0),
	('Atlantic/Stanley', 'Atlantic/Stanley', b'0', 0),
	('Atlantic/St_Helena', 'Atlantic/St_Helena', b'0', 0),
	('Australia/ACT', 'Australia/ACT', b'0', 0),
	('Australia/Adelaide', 'Australia/Adelaide', b'0', 0),
	('Australia/Brisbane', 'Australia/Brisbane', b'0', 0),
	('Australia/Canberra', 'Australia/Canberra', b'0', 0),
	('Australia/Currie', 'Australia/Currie', b'0', 0),
	('Australia/Darwin', 'Australia/Darwin', b'0', 0),
	('Australia/Eucla', 'Australia/Eucla', b'0', 0),
	('Australia/Hobart', 'Australia/Hobart', b'0', 0),
	('Australia/LHI', 'Australia/LHI', b'0', 0),
	('Australia/Lindeman', 'Australia/Lindeman', b'0', 0),
	('Australia/Lord_Howe', 'Australia/Lord_Howe', b'0', 0),
	('Australia/Melbourne', 'Australia/Melbourne', b'0', 0),
	('Australia/North', 'Australia/North', b'0', 0),
	('Australia/NSW', 'Australia/NSW', b'0', 0),
	('Australia/Perth', 'Australia/Perth', b'0', 0),
	('Australia/Queensland', 'Australia/Queensland', b'0', 0),
	('Australia/South', 'Australia/South', b'0', 0),
	('Australia/Sydney', 'Australia/Sydney', b'0', 0),
	('Australia/Tasmania', 'Australia/Tasmania', b'0', 0),
	('Australia/Victoria', 'Australia/Victoria', b'0', 0),
	('Australia/West', 'Australia/West', b'0', 0),
	('Australia/Yancowinna', 'Australia/Yancowinna', b'0', 0),
	('Brazil/Acre', 'Brazil/Acre', b'0', 0),
	('Brazil/DeNoronha', 'Brazil/DeNoronha', b'0', 0),
	('Brazil/East', 'Brazil/East', b'0', 0),
	('Brazil/West', 'Brazil/West', b'0', 0),
	('Canada/Atlantic', 'Canada/Atlantic', b'0', 0),
	('Canada/Central', 'Canada/Central', b'0', 0),
	('Canada/Eastern', 'Canada/Eastern', b'0', 0),
	('Canada/Mountain', 'Canada/Mountain', b'0', 0),
	('Canada/Newfoundland', 'Canada/Newfoundland', b'0', 0),
	('Canada/Pacific', 'Canada/Pacific', b'0', 0),
	('Canada/Saskatchewan', 'Canada/Saskatchewan', b'0', 0),
	('Canada/Yukon', 'Canada/Yukon', b'0', 0),
	('Chile/Continental', 'Chile/Continental', b'0', 0),
	('Chile/EasterIsland', 'Chile/EasterIsland', b'0', 0),
	('Europe/Amsterdam', 'Europe/Amsterdam', b'0', 0),
	('Europe/Andorra', 'Europe/Andorra', b'0', 0),
	('Europe/Astrakhan', 'Europe/Astrakhan', b'0', 0),
	('Europe/Athens', 'Europe/Athens', b'0', 0),
	('Europe/Belfast', 'Europe/Belfast', b'0', 0),
	('Europe/Belgrade', 'Europe/Belgrade', b'0', 0),
	('Europe/Berlin', 'Europe/Berlin', b'0', 0),
	('Europe/Bratislava', 'Europe/Bratislava', b'0', 0),
	('Europe/Brussels', 'Europe/Brussels', b'0', 0),
	('Europe/Bucharest', 'Europe/Bucharest', b'0', 0),
	('Europe/Budapest', 'Europe/Budapest', b'0', 0),
	('Europe/Busingen', 'Europe/Busingen', b'0', 0),
	('Europe/Chisinau', 'Europe/Chisinau', b'0', 0),
	('Europe/Copenhagen', 'Europe/Copenhagen', b'0', 0),
	('Europe/Dublin', 'Europe/Dublin', b'0', 0),
	('Europe/Gibraltar', 'Europe/Gibraltar', b'0', 0),
	('Europe/Guernsey', 'Europe/Guernsey', b'0', 0),
	('Europe/Helsinki', 'Europe/Helsinki', b'0', 0),
	('Europe/Isle_of_Man', 'Europe/Isle_of_Man', b'0', 0),
	('Europe/Istanbul', 'Europe/Istanbul', b'0', 0),
	('Europe/Jersey', 'Europe/Jersey', b'0', 0),
	('Europe/Kaliningrad', 'Europe/Kaliningrad', b'0', 0),
	('Europe/Kiev', 'Europe/Kiev', b'0', 0),
	('Europe/Kirov', 'Europe/Kirov', b'0', 0),
	('Europe/Lisbon', 'Europe/Lisbon', b'0', 0),
	('Europe/Ljubljana', 'Europe/Ljubljana', b'0', 0),
	('Europe/London', 'United Kingdom', b'0', 9),
	('Europe/Luxembourg', 'Europe/Luxembourg', b'0', 0),
	('Europe/Madrid', 'Europe/Madrid', b'0', 0),
	('Europe/Malta', 'Europe/Malta', b'0', 0),
	('Europe/Mariehamn', 'Europe/Mariehamn', b'0', 0),
	('Europe/Minsk', 'Europe/Minsk', b'0', 0),
	('Europe/Monaco', 'Europe/Monaco', b'0', 0),
	('Europe/Moscow', 'Europe/Moscow', b'0', 0),
	('Europe/Nicosia', 'Europe/Nicosia', b'0', 0),
	('Europe/Oslo', 'Europe/Oslo', b'0', 0),
	('Europe/Paris', 'Europe/Paris', b'0', 0),
	('Europe/Podgorica', 'Europe/Podgorica', b'0', 0),
	('Europe/Prague', 'Europe/Prague', b'0', 0),
	('Europe/Riga', 'Europe/Riga', b'0', 0),
	('Europe/Rome', 'Europe/Rome', b'0', 0),
	('Europe/Samara', 'Europe/Samara', b'0', 0),
	('Europe/San_Marino', 'Europe/San_Marino', b'0', 0),
	('Europe/Sarajevo', 'Europe/Sarajevo', b'0', 0),
	('Europe/Saratov', 'Europe/Saratov', b'0', 0),
	('Europe/Simferopol', 'Europe/Simferopol', b'0', 0),
	('Europe/Skopje', 'Europe/Skopje', b'0', 0),
	('Europe/Sofia', 'Europe/Sofia', b'0', 0),
	('Europe/Stockholm', 'Europe/Stockholm', b'0', 0),
	('Europe/Tallinn', 'Europe/Tallinn', b'0', 0),
	('Europe/Tirane', 'Europe/Tirane', b'0', 0),
	('Europe/Tiraspol', 'Europe/Tiraspol', b'0', 0),
	('Europe/Ulyanovsk', 'Europe/Ulyanovsk', b'0', 0),
	('Europe/Uzhgorod', 'Europe/Uzhgorod', b'0', 0),
	('Europe/Vaduz', 'Europe/Vaduz', b'0', 0),
	('Europe/Vatican', 'Europe/Vatican', b'0', 0),
	('Europe/Vienna', 'Europe/Vienna', b'0', 0),
	('Europe/Vilnius', 'Europe/Vilnius', b'0', 0),
	('Europe/Volgograd', 'Europe/Volgograd', b'0', 0),
	('Europe/Warsaw', 'Europe/Warsaw', b'0', 0),
	('Europe/Zagreb', 'Europe/Zagreb', b'0', 0),
	('Europe/Zaporozhye', 'Europe/Zaporozhye', b'0', 0),
	('Europe/Zurich', 'Europe/Zurich', b'0', 0),
	('Indian/Antananarivo', 'Indian/Antananarivo', b'0', 0),
	('Indian/Chagos', 'Indian/Chagos', b'0', 0),
	('Indian/Christmas', 'Indian/Christmas', b'0', 0),
	('Indian/Cocos', 'Indian/Cocos', b'0', 0),
	('Indian/Comoro', 'Indian/Comoro', b'0', 0),
	('Indian/Kerguelen', 'Indian/Kerguelen', b'0', 0),
	('Indian/Mahe', 'Mahe', b'0', 10),
	('Indian/Maldives', 'Maldives', b'0', 11),
	('Indian/Mauritius', 'Mauritius', b'0', 21),
	('Indian/Mayotte', 'Indian/Mayotte', b'0', 0),
	('Indian/Reunion', 'Indian/Reunion', b'0', 0),
	('Mexico/BajaNorte', 'Mexico/BajaNorte', b'0', 0),
	('Mexico/BajaSur', 'Mexico/BajaSur', b'0', 0),
	('Mexico/General', 'Mexico/General', b'0', 0),
	('Pacific/Apia', 'Pacific/Apia', b'0', 0),
	('Pacific/Auckland', 'Pacific/Auckland', b'0', 0),
	('Pacific/Bougainville', 'Pacific/Bougainville', b'0', 0),
	('Pacific/Chatham', 'Pacific/Chatham', b'0', 0),
	('Pacific/Chuuk', 'Pacific/Chuuk', b'0', 0),
	('Pacific/Easter', 'Pacific/Easter', b'0', 0),
	('Pacific/Efate', 'Pacific/Efate', b'0', 0),
	('Pacific/Enderbury', 'Pacific/Enderbury', b'0', 0),
	('Pacific/Fakaofo', 'Pacific/Fakaofo', b'0', 0),
	('Pacific/Fiji', 'Pacific/Fiji', b'0', 0),
	('Pacific/Funafuti', 'Pacific/Funafuti', b'0', 0),
	('Pacific/Galapagos', 'Pacific/Galapagos', b'0', 0),
	('Pacific/Gambier', 'Pacific/Gambier', b'0', 0),
	('Pacific/Guadalcanal', 'Pacific/Guadalcanal', b'0', 0),
	('Pacific/Guam', 'Pacific/Guam', b'0', 0),
	('Pacific/Honolulu', 'Pacific/Honolulu', b'0', 0),
	('Pacific/Johnston', 'Pacific/Johnston', b'0', 0),
	('Pacific/Kiritimati', 'Pacific/Kiritimati', b'0', 0),
	('Pacific/Kosrae', 'Pacific/Kosrae', b'0', 0),
	('Pacific/Kwajalein', 'Pacific/Kwajalein', b'0', 0),
	('Pacific/Majuro', 'Pacific/Majuro', b'0', 0),
	('Pacific/Marquesas', 'Pacific/Marquesas', b'0', 0),
	('Pacific/Midway', 'Pacific/Midway', b'0', 0),
	('Pacific/Nauru', 'Pacific/Nauru', b'0', 0),
	('Pacific/Niue', 'Pacific/Niue', b'0', 0),
	('Pacific/Norfolk', 'Pacific/Norfolk', b'0', 0),
	('Pacific/Noumea', 'Pacific/Noumea', b'0', 0),
	('Pacific/Pago_Pago', 'Pacific/Pago_Pago', b'0', 0),
	('Pacific/Palau', 'Pacific/Palau', b'0', 0),
	('Pacific/Pitcairn', 'Pacific/Pitcairn', b'0', 0),
	('Pacific/Pohnpei', 'Pacific/Pohnpei', b'0', 0),
	('Pacific/Ponape', 'Pacific/Ponape', b'0', 0),
	('Pacific/Port_Moresby', 'Pacific/Port_Moresby', b'0', 0),
	('Pacific/Rarotonga', 'Pacific/Rarotonga', b'0', 0),
	('Pacific/Saipan', 'Pacific/Saipan', b'0', 0),
	('Pacific/Samoa', 'Pacific/Samoa', b'0', 0),
	('Pacific/Tahiti', 'Pacific/Tahiti', b'0', 0),
	('Pacific/Tarawa', 'Pacific/Tarawa', b'0', 0),
	('Pacific/Tongatapu', 'Pacific/Tongatapu', b'0', 0),
	('Pacific/Truk', 'Pacific/Truk', b'0', 0),
	('Pacific/Wake', 'Pacific/Wake', b'0', 0),
	('Pacific/Wallis', 'Pacific/Wallis', b'0', 0),
	('Pacific/Yap', 'Pacific/Yap', b'0', 0),
	('US/Alaska', 'US/Alaska', b'0', 0),
	('US/Aleutian', 'US/Aleutian', b'0', 0),
	('US/Arizona', 'US/Arizona', b'0', 0),
	('US/Central', 'US/Central', b'0', 0),
	('US/East-Indiana', 'US/East-Indiana', b'0', 0),
	('US/Eastern', 'US/Eastern', b'0', 0),
	('US/Hawaii', 'US/Hawaii', b'0', 0),
	('US/Indiana-Starke', 'US/Indiana-Starke', b'0', 0),
	('US/Michigan', 'US/Michigan', b'0', 0),
	('US/Mountain', 'US/Mountain', b'0', 0),
	('US/Pacific', 'US/Pacific', b'0', 0),
	('US/Pacific-New', 'US/Pacific-New', b'0', 0),
	('US/Samoa', 'US/Samoa', b'0', 0);
/*!40000 ALTER TABLE `country` ENABLE KEYS */;

-- Dumping structure for table data_process.data-extractor-pattern
CREATE TABLE IF NOT EXISTS `data-extractor-pattern` (
  `autoId` int(11) NOT NULL,
  `dataFilters` varchar(100) DEFAULT NULL,
  `description` varchar(100) DEFAULT NULL,
  `fromColonColonTo` varchar(100) DEFAULT NULL,
  `regExFor` varchar(100) DEFAULT NULL,
  `regExForOrder` int(11) DEFAULT NULL,
  `regExpression` varchar(100) DEFAULT NULL,
  `sentenceCaps` bit(1) DEFAULT b'0',
  PRIMARY KEY (`autoId`)
) ENGINE=InnoDB DEFAULT CHARSET=utf8;

-- Dumping data for table data_process.data-extractor-pattern: ~0 rows (approximately)
DELETE FROM `data-extractor-pattern`;
/*!40000 ALTER TABLE `data-extractor-pattern` DISABLE KEYS */;
/*!40000 ALTER TABLE `data-extractor-pattern` ENABLE KEYS */;

-- Dumping structure for table data_process.menu
CREATE TABLE IF NOT EXISTS `menu` (
  `menuId` varchar(10) NOT NULL,
  `parentId` varchar(10) DEFAULT NULL,
  `menuName` varchar(50) DEFAULT NULL,
  `cssClassIcon` varchar(100) DEFAULT NULL,
  `actionURL` varchar(200) DEFAULT NULL,
  `cssClass` varchar(100) DEFAULT NULL,
  `level` varchar(10) DEFAULT NULL,
  `haveSubMenu` bit(1) NOT NULL DEFAULT b'0',
  PRIMARY KEY (`menuId`)
) ENGINE=InnoDB DEFAULT CHARSET=utf8;

-- Dumping data for table data_process.menu: ~16 rows (approximately)
DELETE FROM `menu`;
/*!40000 ALTER TABLE `menu` DISABLE KEYS */;
INSERT INTO `menu` (`menuId`, `parentId`, `menuName`, `cssClassIcon`, `actionURL`, `cssClass`, `level`, `haveSubMenu`) VALUES
	('M0001', 'M0001\r\n', 'Dashboard\r\n', 'icon-home\r\n', 'dc7161be3dbf2250c8954e560cc35060?q=', 'title\r\n', 'A', b'0'),
	('M0002', 'M0002\r\n', 'Settings\r\n', 'icon-settings\r\n', 'javascript:;', 'title\r\n', 'B', b'1'),
	('M0003', 'M0002\r\n', 'Generate Key\r\n', 'icon-tag', 'javascript:loadContent(\'a9dc3f7729b51d26dc20af48c03dfee6\', \'\',\'false\');', 'title\r\n', 'BA', b'0'),
	('M0005', 'M0005\r\n', 'Search\r\n', 'icon-pencil\r\n', 'javascript:;', 'title\r\n', 'C', b'1'),
	('M0007', 'M0005\r\n', 'Student Search\r\n', 'icon-bar-chart\r\n', 'javascript:loadContent(\'bcca2120ed2c00bcf732c74ca8026490/Consumer\', \'\',\'false\');', 'title\r\n', 'CA', b'0'),
	('M0007_1', 'M0005\r\n', 'Employee Search\r\n', 'icon-bar-chart\r\n', 'javascript:loadContent(\'bcca2120ed2c00bcf732c74ca8026490/Employee\', \'\',\'false\');', 'title\r\n', 'CB', b'0'),
	('M0008', 'M0005\r\n', 'RSearch', 'icon-bar-chart\r\n', 'javascript:loadContent(\'bcca2120ed2c00bcf732c74ca8026490/Producer\', \'\',\'false\');', 'title\r\n', 'CC', b'0'),
	('M00081', 'M0005\r\n', 'Organization Search', 'icon-bar-chart\r\n', 'javascript:loadContent(\'ba6443f8aa1c6e707ccb0cd4f03aa1e9\', \'\',\'false\');', 'title\r\n', 'CD', b'0'),
	('M00082', 'M0005\r\n', 'Question Search', 'fa fa-file-text', 'javascript:loadContent(\'d0f9600d5f8d0b22a87adf6d58b32059/Question\', \'\',\'false\');', 'title\r\n', 'CE', b'0'),
	('M00083', 'M0005\r\n', 'Online Search', 'fa fa-file-text', 'javascript:loadContent(\'d0f9600d5f8d0b22a87adf6d58b32059/Online\', \'\',\'false\');', 'title\r\n', 'CG', b'0'),
	('M0009', 'M0009', 'Uploads', 'icon-bar-chart', 'javascript:;', 'title\r\n', 'D', b'1'),
	('M0010', 'M0009', 'E-Upload', 'icon-tag', 'javascript:loadContent(\'a500fe2139d875b2f6d9679600577191\', \'\',\'false\');', 'title\r\n', 'DA', b'0'),
	('M0011', 'M0009', 'E-Books', 'icon-tag', 'javascript:loadContent(\'d1ebf572dba98851c34e281efec5de26/EBooks/eupload-view\', \'\',\'false\');', 'title\r\n', 'DB', b'0'),
	('M0012', 'M0009', 'E-KeyPoints', 'icon-tag', 'javascript:loadContent(\'d1ebf572dba98851c34e281efec5de26/EKeyPoints/eupload-view\', \'\',\'false\');', 'title\r\n', 'DC', b'0'),
	('M0013', 'M0009', 'E-BluePrint', 'icon-tag', 'javascript:loadContent(\'d1ebf572dba98851c34e281efec5de26/EBluePrint/eupload-view\', \'\',\'false\');', 'title\r\n', 'DC', b'0'),
	('M0016', 'M0002\r\n', 'Information Alerts', 'icon-bar-chart\r\n', 'javascript:loadContent(\'f44c136f4bd6db98e4bec455066422c5\', \'\',\'false\');', 'title\r\n', 'BC', b'0');
/*!40000 ALTER TABLE `menu` ENABLE KEYS */;

-- Dumping structure for table data_process.menurole
CREATE TABLE IF NOT EXISTS `menurole` (
  `autoId` int(11) NOT NULL AUTO_INCREMENT,
  `menuId` varchar(50) NOT NULL,
  `producerId` varchar(50) NOT NULL DEFAULT 'PRD000001',
  `roleId` varchar(50) NOT NULL,
  PRIMARY KEY (`autoId`),
  KEY `FK_mamenurole_mamenu` (`menuId`),
  KEY `FK_mamenurole_producers` (`producerId`),
  KEY `FK_mamenurole_roles` (`roleId`),
  CONSTRAINT `FK_mamenurole_producers` FOREIGN KEY (`producerId`) REFERENCES `producers` (`producerId`)
) ENGINE=InnoDB AUTO_INCREMENT=2 DEFAULT CHARSET=utf8;

-- Dumping data for table data_process.menurole: ~0 rows (approximately)
DELETE FROM `menurole`;
/*!40000 ALTER TABLE `menurole` DISABLE KEYS */;
INSERT INTO `menurole` (`autoId`, `menuId`, `producerId`, `roleId`) VALUES
	(1, 'M0001', 'PRD000001', 'Admin');
/*!40000 ALTER TABLE `menurole` ENABLE KEYS */;

-- Dumping structure for table data_process.messages
CREATE TABLE IF NOT EXISTS `messages` (
  `messageId` varchar(50) NOT NULL,
  `message` longtext NOT NULL,
  `messageName` varchar(50) NOT NULL,
  `subject` varchar(200) DEFAULT NULL,
  `media` varchar(20) NOT NULL,
  `producerId` varchar(50) NOT NULL,
  `dataMapTemplateName` varchar(100) DEFAULT NULL,
  `createdDate` datetime NOT NULL,
  `modifiedDate` datetime NOT NULL,
  `status` bit(1) NOT NULL DEFAULT b'1',
  `textHTML` bit(1) DEFAULT b'1',
  PRIMARY KEY (`messageId`)
) ENGINE=InnoDB DEFAULT CHARSET=utf8;

-- Dumping data for table data_process.messages: ~4 rows (approximately)
DELETE FROM `messages`;
/*!40000 ALTER TABLE `messages` DISABLE KEYS */;
INSERT INTO `messages` (`messageId`, `message`, `messageName`, `subject`, `media`, `producerId`, `dataMapTemplateName`, `createdDate`, `modifiedDate`, `status`, `textHTML`) VALUES
	('Create_User_Admin', 'Hi ${user_producerName} <BR> <BR>  User ${user_userName} from ${user_country_countryName} has been created. Pls verify the user. <BR> Please click here <a href="${tokenURL}">Activation Link</a><BR><BR>By<BR> ${user_producerName}.', 'Create_User_Admin', 'Hi ${user_producerName} User Created Info Admin ', 'Email', 'PRD000001', NULL, '2021-01-01 00:00:00', '2021-01-01 00:00:00', b'1', b'1'),
	('Create_User_Employee', 'data_process: Your Account has been created successfully', 'Create_User_Employee', 'User Created Info Employee', 'Email', 'PRD000001', NULL, '2021-01-01 00:00:00', '2021-01-01 00:00:00', b'1', b'1'),
	('Create_User_Employee_SMS', 'data_process: Your Account has been created successfully', 'Create_User_Employee_SMS', 'User Created Info Employee SMS', 'SMS', 'PRD000001', NULL, '2021-01-01 00:00:00', '2021-01-01 00:00:00', b'1', b'1'),
	('User_Reset_Password', 'Hi ${user_userName} <BR> <BR>  Pls click the link to reset the password. <BR> Please click here <a href="${tokenURL}">Password Reset Link</a><BR><BR>By<BR> ${user_producerName}.', 'Create_User_Employee', '[${user_userName}] Your data_process Account Password Reset Link', 'Email', 'PRD000001', NULL, '2021-01-01 00:00:00', '2021-01-01 00:00:00', b'1', b'1');
/*!40000 ALTER TABLE `messages` ENABLE KEYS */;

-- Dumping structure for table data_process.operational_data
CREATE TABLE IF NOT EXISTS `operational_data` (
  `dataId` varchar(50) NOT NULL,
  `dataURN` varchar(50) DEFAULT NULL,
  `batch` varchar(50) DEFAULT NULL,
  `routeName` varchar(50) DEFAULT NULL,
  `subCountry` varchar(50) DEFAULT NULL,
  `workUnitId` varchar(50) DEFAULT NULL,
  `wuMiles` float DEFAULT NULL,
  `groupId` varchar(50) DEFAULT NULL,
  PRIMARY KEY (`dataId`)
) ENGINE=InnoDB DEFAULT CHARSET=utf8;

-- Dumping data for table data_process.operational_data: ~0 rows (approximately)
DELETE FROM `operational_data`;
/*!40000 ALTER TABLE `operational_data` DISABLE KEYS */;
INSERT INTO `operational_data` (`dataId`, `dataURN`, `batch`, `routeName`, `subCountry`, `workUnitId`, `wuMiles`, `groupId`) VALUES
	('0014675c-0243-431b-864f-c13e3edc4d5a', 'a6e51e8e-354b-4690-8da1-485584b1484b', 'Phase-3', 'Michigan Primary', 'USA_Michigan', '139069', 2.033, 'Jeeva'),
	('003ae75e-93d4-45e1-87c7-29a68e71ef47', '4639c5a6-bf50-44a5-a4d5-e9d9c8108b8e', 'Phase-3', 'Michigan Primary', 'USA_Michigan', '138349', 0.081, 'Ayyapan'),
	('0097146e-b678-41a6-865e-e8aaec17c0a1', '96c4872d-4563-431a-88ed-c7f56ea7ea8e', 'Phase-3', 'Michigan Primary', 'USA_Michigan', '138307', 6.19, 'Ayyapan'),
	('00c0e030-a638-4aec-b664-dda5fcf77262', 'e4dc9ef2-b63f-4493-97f6-3d8db695ccfa', 'Phase-3', 'Michigan Primary', 'USA_Michigan', '135652', 4.108, 'Gandeeban'),
	('00f1331f-9684-4d21-964f-58e30bd12232', 'd1134f5c-fffb-4416-b434-064ae6aa3f0f', 'Phase-3', 'Michigan Primary', 'USA_Michigan', '139326', 0.144, 'Jeeva'),
	('019c2d2b-71d3-4c12-a7a5-a2f90e49708e', 'f9f69335-8b46-4ae1-b71a-c33d27d882de', 'Phase-3', 'Michigan Primary', 'USA_Michigan', '139360', 6.576, 'Jeeva'),
	('01b58594-ba56-4adc-b26f-9e341f2641c3', '8da3694d-cc0a-4123-ac85-646d5352a64c', 'Phase-3', 'Michigan Primary', 'USA_Michigan', '139432', 0.193, 'Natraj'),
	('020f394a-9ea8-4941-a972-510ce7ee763f', '7b989397-b701-437d-b2ba-10c62fc6db27', 'Phase-3', 'Michigan Primary', 'USA_Michigan', '137802', 3.884, 'Gandeeban'),
	('02b66118-9752-4838-88f8-70e593dc59f8', '61cba91c-d81f-4910-a242-4b070e863cc9', 'Phase-3', 'Michigan Primary', 'USA_Michigan', '139077', 3.109, 'Jeeva'),
	('0346a724-f593-457e-912c-ac2f834150e8', '9a5b425c-b4db-4ba3-aa50-eaa2bef1728f', 'Phase-3', 'Michigan Primary', 'USA_Michigan', '139430', 5.27, 'Jeeva'),
	('03508380-b955-4090-806a-ce05d90ad25b', 'e6010e77-450b-465a-8eea-c2268e1f4c20', 'Phase-3', 'Michigan Primary', 'USA_Michigan', '139393', 2.771, 'Natraj'),
	('03a82b08-bd17-46a0-be4b-ac74bdad7f63', '1c937f23-143b-441b-8581-4765eab30ee9', 'Phase-3', 'Michigan Primary', 'USA_Michigan', '139402', 3.434, 'Natraj'),
	('045f9f36-aa11-4c43-aa3b-b2c62672ea50', '7cec1810-670b-4b2e-afaf-01798e470071', 'Phase-3', 'Michigan Primary', 'USA_Michigan', '137425', 4.199, 'Ayyapan'),
	('0460ec79-75c2-43bb-a550-7cf7bf23f40a', '0e319cb5-0803-43e3-bb4e-e9db591bc04c', 'Phase-3', 'Michigan Primary', 'USA_Michigan', '137355', 2.624, 'Ayyapan'),
	('04cd9a0b-43bc-4b6a-8a0f-da8e50785b9c', 'c295cfcd-027a-4600-a71b-9c98541d28d7', 'Phase-3', 'Michigan Primary', 'USA_Michigan', '139435', 4.863, 'Jeeva'),
	('051785f6-649c-4753-8525-c9a6561665a3', 'e6772f5d-132d-4352-8650-ee43ad918965', 'Phase-3', 'Michigan Primary', 'USA_Michigan', '137378', 2.46, 'Ayyapan'),
	('05ddff94-e302-44b4-846f-e5631d63e216', 'b477692f-d8c2-4745-9c0b-59a3a69e62b6', 'Phase-3', 'Michigan Primary', 'USA_Michigan', '139078', 3.188, 'Jeeva'),
	('0624d1a3-ce5e-4f9d-a3a8-fa644a9383b5', '0a906fc2-34a0-4ef9-9766-648d4ed662f1', 'Phase-3', 'Michigan Primary', 'USA_Michigan', '138204', 0.554, 'Gandeeban'),
	('0674a10e-e4a7-477d-8027-b9301c4b8f74', '01022b78-884a-4bac-850c-b17d58986710', 'Phase-3', 'Michigan Primary', 'USA_Michigan', '137426', 4.12, 'Ayyapan'),
	('06f14d1e-c92d-40b8-a2d2-dae3d27258d3', '1b14732f-62f5-4021-8958-56ddda4a34ec', 'Phase-3', 'Michigan Primary', 'USA_Michigan', '137802', 3.884, 'Gandeeban'),
	('0788b33c-8dc8-4115-8f25-d6356348f072', '7b2b5bb6-490d-4f24-a856-e3f9b3c2c73c', 'Phase-3', 'Michigan Primary', 'USA_Michigan', '139206', 2.191, 'Natraj'),
	('07936c73-15bd-4082-9ea7-4dc57a48e2f2', 'b5c73ab8-b4f8-4336-ba62-e59460447742', 'Phase-3', 'Michigan Primary', 'USA_Michigan', '139404', 3.076, 'Natraj'),
	('07f7cc9e-65bc-4373-8035-e93a3c3c0923', '320f2c08-5990-40e1-b249-e9ba5695908f', 'Phase-3', 'Michigan Primary', 'USA_Michigan', '139025', 0.192, 'Gandeeban'),
	('08493f9a-5d5a-43aa-803a-94de219e1094', 'c10edb7e-32f6-4e56-815d-0a197ef27b7c', 'Phase-3', 'Michigan Primary', 'USA_Michigan', '139328', 2.164, 'Natraj'),
	('096d27ed-9583-4506-9ffe-c8b8701b763a', '0dc19213-f15f-4e40-8215-b66ea1221bff', 'Phase-3', 'Michigan Primary', 'USA_Michigan', '139259', 4.687, 'Natraj'),
	('09bb85f8-8b48-458d-bd2a-99b05e1716dd', 'ce2a3b0e-a54c-49bf-aa6f-5f5a2f028d62', 'Phase-3', 'Michigan Primary', 'USA_Michigan', '139259', 4.687, 'Natraj'),
	('09e4c678-f2e3-4fa9-9f5c-31b44bae2227', '1c198e98-9799-4ed1-bef4-8a01bfbed4a8', 'Phase-3', 'Michigan Primary', 'USA_Michigan', '135651', 4.104, 'Gandeeban'),
	('0a13322a-3042-4a82-890c-e35a85d06dba', '91555c17-62e4-4f46-9c4c-215ba20aaf02', 'Phase-3', 'Michigan Primary', 'USA_Michigan', '138967', 2.861, 'Natraj'),
	('0a4672f8-04c6-48cb-93eb-ce641107fff5', 'c92e411f-3383-4ebd-b3e0-49242de99892', 'Phase-3', 'Michigan Primary', 'USA_Michigan', '139079', 0.165, 'Gandeeban'),
	('0a51d57e-6659-4bec-baef-1f67ac5c7164', '95ea006a-d09b-4db7-9338-0d686ce3aa73', 'Phase-3', 'Michigan Primary', 'USA_Michigan', '139168', 3, 'Jeeva'),
	('0a6b5e94-e895-40d8-949e-acb10d005338', '8347a312-dd5b-47a3-aea9-afb9bdf4151e', 'Phase-3', 'Michigan Primary', 'USA_Michigan', '137201', 2.97, 'Ayyapan'),
	('0adf5d81-2d37-48c7-831a-8727051516d8', '8a04849c-b993-4627-8896-b174b6c90b42', 'Phase-3', 'Michigan Primary', 'USA_Michigan', '139374', 3.543, 'Natraj'),
	('0b840be8-3302-4a93-b1c5-ac72cccb94a1', '56e1cc8b-f324-4e9c-85a4-c996ad889118', 'Phase-3', 'Michigan Primary', 'USA_Michigan', '137350', 7.709, 'Ayyapan'),
	('0bf7bec3-a9eb-42a7-b3c3-e5a285984515', '2b48c793-f851-4d37-85d2-704f08179ce2', 'Phase-3', 'Michigan Primary', 'USA_Michigan', '139166', 0.279, 'Ayyapan'),
	('0c7e700e-6fea-4e41-93cf-4c7d92f4e823', 'edbe152c-ed2f-4052-b292-ccb43b1b47a9', 'Phase-3', 'Michigan Primary', 'USA_Michigan', '139162', 2.845, 'Gandeeban'),
	('0e0508e7-e2ac-4b89-8c97-9da84d53e96c', '2027f494-41d3-405c-b53f-4cfb152c88e8', 'Phase-3', 'Michigan Primary', 'USA_Michigan', '138305', 3.147, 'Ayyapan'),
	('0e303333-2dd1-4f1d-83c8-d94f994952cb', '2a78a6e0-eae0-4079-a5fe-85a0b3fad2a1', 'Phase-3', 'Michigan Primary', 'USA_Michigan', '139168', 3, 'Jeeva'),
	('0ea95bfd-8c94-4892-8f25-0e7aba85a7ce', 'cc09928c-d8f1-4247-9aeb-aa2883622001', 'Phase-3', 'Michigan Primary', 'USA_Michigan', '139386', 2.261, 'Natraj'),
	('0f24e9c5-45a0-4d50-a975-a21168a59dbd', '75eb0a5d-f666-4925-9ce1-b7d25354d54d', 'Phase-3', 'Michigan Primary', 'USA_Michigan', '139310', 3.475, 'Gandeeban'),
	('0f319f90-bfde-472e-9a80-76b0cd1c3286', '87008dad-c12b-4a86-a5c3-875090541c31', 'Phase-3', 'Michigan Primary', 'USA_Michigan', '139431', 0.193, 'Natraj'),
	('0f379efe-5ca9-4cf6-a456-da0b2fb1d1c2', '80436810-27a2-49fd-bdfc-9dc9e4f2e6ff', 'Phase-3', 'Michigan Primary', 'USA_Michigan', '138165', 0.563, 'Gandeeban'),
	('0f797130-e0c1-431d-9825-89365f031a51', '529efe65-30f7-4f77-a967-9e0e811258bb', 'Phase-3', 'Michigan Primary', 'USA_Michigan', '138430', 4.335, 'Ayyapan'),
	('0fa61474-d74f-40e8-84f8-250faf550819', '03828475-c96e-43e0-b5c8-d07d19ae2bf2', 'Phase-3', 'Michigan Primary', 'USA_Michigan', '139434', 0.106, 'Natraj'),
	('0fe11387-74f8-4e6e-860b-41becb9fd7c5', '714ad20d-0075-4fdb-bf12-6b74b68eacda', 'Phase-3', 'Michigan Primary', 'USA_Michigan', '139163', 2.759, 'Gandeeban'),
	('0fee9dec-3152-421b-9c88-14e862b6292b', '4979fb1b-af0a-4d90-9269-c7467dd4460a', 'Phase-3', 'Michigan Primary', 'USA_Michigan', '139437', 3.768, 'Jeeva'),
	('10210197-0fd9-41dd-87df-9ade8fa78228', 'ce645673-bd24-447d-b7d9-c6fb00d1edd3', 'Phase-3', 'Michigan Primary', 'USA_Michigan', '138438', 4.883, 'Gandeeban'),
	('1031dff3-7bdf-427b-a33d-a86313ea1b24', 'ebcdb0df-449b-4714-b005-8f51b98b6889', 'Phase-3', 'Michigan Primary', 'USA_Michigan', '139431', 0.193, 'Natraj'),
	('1046a445-6bd3-4f30-b37a-0d5db4a43105', '9581e6a1-3897-4f7a-866f-1566af5bd855', 'Phase-3', 'Michigan Primary', 'USA_Michigan', '139042', 0.831, 'Jeeva'),
	('105678b6-625b-4c61-835e-5ef41c8f5207', '26c136ec-5b17-4a78-8fe7-c6059b4a0c06', 'Phase-3', 'Michigan Primary', 'USA_Michigan', '138956', 4.479, 'Jeeva'),
	('1086a9fe-cd96-40be-86fa-43a5c943d8f0', '2b7a67bc-2570-4c78-8fc9-8def8f24ab61', 'Phase-3', 'Michigan Primary', 'USA_Michigan', '139212', 3.79, 'Natraj'),
	('10ffec9e-fe1c-4672-8b47-1a3a1ff6482b', 'e658b3db-69a9-4076-b282-15f5df60d994', 'Phase-3', 'Michigan Primary', 'USA_Michigan', '139163', 2.759, 'Gandeeban'),
	('11993751-75f7-47ed-9856-c38b596ed1b1', '1af84a89-fe68-4701-a52a-a88dd87a8dd5', 'Phase-3', 'Michigan Primary', 'USA_Michigan', '139433', 0.177, 'Natraj'),
	('11ef8b4f-30d6-4879-beba-ee29600b372c', '2c890c97-0146-43a0-8361-bd4a7a2f2345', 'Phase-3', 'Michigan Primary', 'USA_Michigan', '138197', 2.016, 'Ayyapan'),
	('12230b2a-239b-48a1-ba69-04323a0e276c', '46279232-0abc-4654-aa71-fd51671c7558', 'Phase-3', 'Michigan Primary', 'USA_Michigan', '138171', 0.37, 'Gandeeban'),
	('12791f1b-8347-489d-8f52-ad39e51ca7a5', 'c7ca5c43-9b17-4e2b-8ccb-9e67d0cfa715', 'Phase-3', 'Michigan Primary', 'USA_Michigan', '138923', 0.084, 'Jeeva'),
	('12ade947-c36b-41bf-b825-fbcd5d8aaf56', '648e4277-4420-4735-9d3b-0348e2eafd3d', 'Phase-3', 'Michigan Primary', 'USA_Michigan', '137397', 2.579, 'Ayyapan'),
	('12d8e616-be59-45e8-80e7-4c7b4992728f', '1fca2a00-0ff8-47dc-ad3c-368b01345ecd', 'Phase-3', 'Michigan Primary', 'USA_Michigan', '138886', 2.797, 'Gandeeban'),
	('13378b76-f1b9-4287-b9a2-fa2d1dc07882', '8c88353a-d1fb-4fa8-afe1-5b42d5dfb6b3', 'Phase-3', 'Michigan Primary', 'USA_Michigan', '139023', 0.251, 'Gandeeban'),
	('136a2e04-8eac-40f2-b1dd-fc01e0a4f5c7', '76623173-6c62-4897-aa12-fb05baace006', 'Phase-3', 'Michigan Primary', 'USA_Michigan', '137417', 2.171, 'Ayyapan'),
	('137cb2bc-5da2-4e8b-9848-4c29da905034', 'ac058a11-2428-490f-a17e-0c067267d19a', 'Phase-3', 'Michigan Primary', 'USA_Michigan', '138166', 0.502, 'Gandeeban'),
	('13efe6dd-3d54-40f1-81d3-3461f027b17a', '4854e6b7-4a19-4cda-a0a1-f8d71985a18e', 'Phase-3', 'Michigan Primary', 'USA_Michigan', '138389', 0.88, 'Jeeva'),
	('1430bca8-ed9c-4d05-9ed3-690607088f8e', '9e878891-db57-4743-a9c4-f311b3e52399', 'Phase-3', 'Michigan Primary', 'USA_Michigan', '139225', 0.205, 'Natraj'),
	('1431b918-0168-4e14-9eab-a9ef5bcbea76', '762e9a55-59e7-4a98-aac9-8daf8cde1ad5', 'Phase-3', 'Michigan Primary', 'USA_Michigan', '135651', 4.104, 'Gandeeban'),
	('1432db0b-4d55-499a-876e-e5bcd30b9238', '91dace1b-7552-42a7-ae85-a78985517ad2', 'Phase-3', 'Michigan Primary', 'USA_Michigan', '139411', 2.884, 'Natraj'),
	('1475650e-a100-4383-8dd1-5f51a19d9d21', 'cbd6960e-13a2-4acf-b3a2-5d80b3f363e4', 'Phase-3', 'Michigan Primary', 'USA_Michigan', '139269', 6.076, 'Natraj'),
	('14d8743b-5489-45c2-8bf8-ccc8f54e764f', '294f6b9b-1be5-4ef5-90a3-c65add7b5de3', 'Phase-3', 'Michigan Primary', 'USA_Michigan', '139424', 3.083, 'Natraj'),
	('14f786d2-b9b1-4c5d-95d5-753df90e0b30', '62ded85b-7601-4a18-82ca-9f0f2eba40ef', 'Phase-3', 'Michigan Primary', 'USA_Michigan', '139078', 3.188, 'Jeeva'),
	('14fa1215-bcb9-40c2-8e44-23abd2174629', '14989561-66fe-432e-90ef-9c9c922e1f2f', 'Phase-3', 'Michigan Primary', 'USA_Michigan', '137439', 3.995, 'Jeeva'),
	('158918cd-d2c7-4456-9464-c1fbe860bcfc', 'a5214cc8-d1c5-4b50-b772-834a4b4481e5', 'Phase-3', 'Michigan Primary', 'USA_Michigan', '138956', 4.479, 'Jeeva'),
	('15bf79ac-da92-419a-94fb-a3c9811abe1d', '8678b4c3-adb2-473d-be0f-eacb89769ffe', 'Phase-3', 'Michigan Primary', 'USA_Michigan', '139214', 0.047, 'Natraj'),
	('16a40998-d5dc-4c58-ae50-a775aed66508', '2226ee53-7ac9-4620-9820-0e7bb7112eef', 'Phase-3', 'Michigan Primary', 'USA_Michigan', '139226', 0.202, 'Natraj'),
	('17c5e62a-63fb-4ab2-82fd-4fd1b4992879', '6319624d-55ff-4e33-9d45-f2ede2959b08', 'Phase-3', 'Michigan Primary', 'USA_Michigan', '138389', 0.88, 'Jeeva'),
	('17cde01f-efaf-4731-9150-7d51908c364c', 'b05ca8ed-fdf6-4e94-b9ad-9709b3292575', 'Phase-3', 'Michigan Primary', 'USA_Michigan', '139254', 2.739, 'Natraj'),
	('1830d96e-f9a0-4134-bcb7-a05feac1007d', '140b4f99-a762-4a68-97af-e4d8df325d06', 'Phase-3', 'Michigan Primary', 'USA_Michigan', '138961', 4.368, 'Jeeva'),
	('183f73c2-43f4-459c-8377-6c4057b528a2', '0c61c434-4eff-437a-9bf3-5a454bd9cc67', 'Phase-3', 'Michigan Primary', 'USA_Michigan', '139056', 2.228, 'Gandeeban'),
	('184b7499-0549-4a1a-83ee-52c260a5a1f9', 'cf8c7942-2401-442f-942f-a817239b1826', 'Phase-3', 'Michigan Primary', 'USA_Michigan', '139393', 2.771, 'Natraj'),
	('1855c4e6-37ae-408b-b559-d104d6d4c81b', '0503453a-5193-4bb5-9a27-08cd54623816', 'Phase-3', 'Michigan Primary', 'USA_Michigan', '139025', 0.192, 'Gandeeban'),
	('1870a795-7295-490c-a345-6b0dc9615a14', 'e52bf253-bae3-442e-a365-9fba2040ca17', 'Phase-3', 'Michigan Primary', 'USA_Michigan', '137389', 3.069, 'Ayyapan'),
	('194ccb66-95c9-48c5-87b9-849f24764738', '4841263b-3a09-464a-8106-a5a82c80ee05', 'Phase-3', 'Michigan Primary', 'USA_Michigan', '138345', 0.095, 'Ayyapan'),
	('194f82b3-6af7-4a24-aabd-999f92c0ebf1', 'd6a33179-6856-473d-8c91-908ea7b0ddd8', 'Phase-3', 'Michigan Primary', 'USA_Michigan', '137392', 5.274, 'Ayyapan'),
	('19559d42-2ee6-4538-b9da-d73a3b96df40', '51ae1d76-9a1f-4c84-a217-9d66ac453782', 'Phase-3', 'Michigan Primary', 'USA_Michigan', '138348', 0.06, 'Ayyapan'),
	('1996e0e2-72f6-46ed-93dd-357e128cdd69', '420e8d28-ec16-4444-b512-015c756e126b', 'Phase-3', 'Michigan Primary', 'USA_Michigan', '139250', 3.982, 'Jeeva'),
	('1a261c6c-b9f1-432d-8ce5-6d02ece2c998', 'bb05fd9e-3ed1-453c-bbf7-03c653eef6d4', 'Phase-3', 'Michigan Primary', 'USA_Michigan', '139293', 2.156, 'Jeeva'),
	('1a946fff-b8e8-473e-a2f1-9e31460bf33e', '1ec9fa40-0d4b-448d-a186-5083a311dc2f', 'Phase-3', 'Michigan Primary', 'USA_Michigan', '138955', 2.38, 'Jeeva'),
	('1aa008d9-1207-4aec-989f-9a7472ad0c9a', '58b49690-8cfc-405f-b140-81f6421360c9', 'Phase-3', 'Michigan Primary', 'USA_Michigan', '135652', 4.108, 'Gandeeban'),
	('1b1bb243-8199-4fcb-9390-cbe770804ccb', '17305df6-66f5-40e1-89a7-62c60f8ecbb0', 'Phase-3', 'Michigan Primary', 'USA_Michigan', '139316', 2.838, 'Jeeva'),
	('1b29516f-8e15-40da-915c-4ee7e05f005f', '44bb2bf9-2c2d-4b00-963b-1a2432bd263f', 'Phase-3', 'Michigan Primary', 'USA_Michigan', '139437', 3.768, 'Jeeva'),
	('1b2addd9-79a3-4280-ab3d-fb97f3425225', '1cb1f4a3-6d55-48b9-a65a-34b8fb1f0748', 'Phase-3', 'Michigan Primary', 'USA_Michigan', '137427', 4.356, 'Ayyapan'),
	('1b2f69f7-d829-4898-a5b7-a4345b061564', 'd95ab6d0-ab1f-4cd7-8f34-b918ebc636f5', 'Phase-3', 'Michigan Primary', 'USA_Michigan', '139225', 0.205, 'Natraj'),
	('1b3282ef-9ffa-4575-868a-7aa1031a9324', '9e060e90-9935-4333-adef-c39acbe42b4b', 'Phase-3', 'Michigan Primary', 'USA_Michigan', '138432', 3.529, 'Gandeeban'),
	('1bbca398-b66b-4500-90f6-5356dc8eb1fe', '31e35693-bea0-4f29-a786-f0cbea954501', 'Phase-3', 'Michigan Primary', 'USA_Michigan', '139334', 7.185, 'Jeeva'),
	('1c07d7bf-9438-4e9e-887b-e0f8744053a9', '7ffdd5bc-262b-48dc-a395-b91fb10d08f7', 'Phase-3', 'Michigan Primary', 'USA_Michigan', '139208', 2.032, 'Natraj'),
	('1c30541b-8ebb-4ba4-a5f5-091afb30a77e', 'ac65689f-cbc1-40ab-bc76-f2a25d48db17', 'Phase-3', 'Michigan Primary', 'USA_Michigan', '138428', 2.059, 'Jeeva'),
	('1c32a242-41bc-4846-a6b3-143c7f455a3e', '73993935-5c75-4910-bda1-77cede1291c8', 'Phase-3', 'Michigan Primary', 'USA_Michigan', '139401', 2.474, 'Natraj'),
	('1c54fe2a-ca3c-4077-9aae-9f045cb033a7', '1b39a04c-fa42-4f43-b3bd-c2918845968d', 'Phase-3', 'Michigan Primary', 'USA_Michigan', '138182', 2.399, 'Gandeeban'),
	('1c7a6779-be33-4618-8e4e-42f2768c9863', '6da91662-3578-422c-b33c-274556f0e9a0', 'Phase-3', 'Michigan Primary', 'USA_Michigan', '138401', 4.723, 'Gandeeban'),
	('1cfe91b6-67ca-45b0-9d6d-a948dbcc3cbf', 'c18777fa-e56d-4e97-9e24-2f7a07ae7ac6', 'Phase-3', 'Michigan Primary', 'USA_Michigan', '139206', 2.191, 'Natraj'),
	('1d21fa13-5ac7-4097-a017-fdb65da63803', 'bc6940c7-2dbb-4569-864a-53c261df8814', 'Phase-3', 'Michigan Primary', 'USA_Michigan', '137362', 8.747, 'Ayyapan'),
	('1de0f1f3-5074-4361-a3b1-d48e02933d66', '2aa4a90c-1338-4175-9d62-98d104e232f4', 'Phase-3', 'Michigan Primary', 'USA_Michigan', '138913', 3.194, 'Jeeva'),
	('1e0ce004-53db-434b-8612-6b9ba460def0', '3a514a6a-3ca8-469b-b8af-9e84751580d7', 'Phase-3', 'Michigan Primary', 'USA_Michigan', '138419', 5.517, 'Ayyapan'),
	('1e13b125-071b-4d44-b867-6a7f89c09df6', 'a56e4d85-cfb6-4b39-8ed5-110521aefea9', 'Phase-3', 'Michigan Primary', 'USA_Michigan', '137386', 5.99, 'Ayyapan'),
	('1e3ae4a4-a47b-492e-9b64-1d6875589def', '4e9ef4c1-430b-4d87-aea9-a3c83e629e85', 'Phase-3', 'Michigan Primary', 'USA_Michigan', '139215', 3.779, 'Natraj'),
	('1e8e72bb-b326-4336-80b5-d285d4091db7', 'cd32af5a-5e24-4869-a0ae-817e681f383b', 'Phase-3', 'Michigan Primary', 'USA_Michigan', '138948', 0.089, 'Jeeva'),
	('1e92bf57-5266-41a5-912f-2c9bfb433773', '5a9317fb-87ee-42d8-981f-96ac552009fb', 'Phase-3', 'Michigan Primary', 'USA_Michigan', '138310', 4.999, 'Ayyapan'),
	('1ee80b33-563e-4f05-bd79-7c2a773b91a3', '5c9a063c-c43a-4bbd-b0ee-0509567845f2', 'Phase-3', 'Michigan Primary', 'USA_Michigan', '139417', 2.891, 'Natraj'),
	('1eea2461-fbad-4ab9-9095-31eff00b7e61', 'a56c663b-d174-4e11-ac06-6ad77ee67109', 'Phase-3', 'Michigan Primary', 'USA_Michigan', '139223', 0.28, 'Jeeva'),
	('1f31b09f-001e-4741-b872-6b506410ffe9', 'ec63a3d6-0978-4148-8fdd-1f7de9fcb47d', 'Phase-3', 'Michigan Primary', 'USA_Michigan', '139289', 3.193, 'Jeeva'),
	('1f50bd92-61d2-4a81-9940-2ee5ab83d944', '48f6282d-7200-4b90-8d44-7f078b6a2a99', 'Phase-3', 'Michigan Primary', 'USA_Michigan', '138350', 0.267, 'Ayyapan'),
	('1f75fc3e-1229-4511-8081-d24bd0222c77', '90a4e8d6-cda3-412c-ab7f-902977092be0', 'Phase-3', 'Michigan Primary', 'USA_Michigan', '139392', 2.77, 'Natraj'),
	('1f95886a-3eac-4786-abe4-3d15c12327c6', '7f25f3ea-4a40-4939-a5a6-a399a922d764', 'Phase-3', 'Michigan Primary', 'USA_Michigan', '139439', 2.285, 'Natraj'),
	('1fa85bbe-7a7b-480d-98ad-aa39801c7231', '2390a940-73a2-4d75-be5d-22c2079218a1', 'Phase-3', 'Michigan Primary', 'USA_Michigan', '139392', 2.77, 'Natraj'),
	('202b79fd-bc14-40fc-bf51-099f7a3cdf87', '2f6f02b8-19db-4f21-a3e2-ea7528b2c734', 'Phase-3', 'Michigan Primary', 'USA_Michigan', '139408', 4.144, 'Natraj'),
	('2079f712-bbe3-450a-9800-98a3930b54d2', 'e14c940f-806c-41c0-b230-510f53a4babb', 'Phase-3', 'Michigan Primary', 'USA_Michigan', '139316', 2.838, 'Jeeva'),
	('21972db7-a968-4cc5-b94f-a963d89c78c0', '0f02b818-6e2f-4e57-bb79-5c159d86807e', 'Phase-3', 'Michigan Primary', 'USA_Michigan', '139327', 2.169, 'Natraj'),
	('21b028e9-e870-4a93-9c90-47571d35a79a', '83e608cd-3734-4ad6-b23b-ff1481158037', 'Phase-3', 'Michigan Primary', 'USA_Michigan', '139009', 2.712, 'Jeeva'),
	('22cc3179-0381-497a-8829-7e86255df490', '87bc36b3-4bd7-4683-b1f9-78ade925d65e', 'Phase-3', 'Michigan Primary', 'USA_Michigan', '139223', 0.28, 'Jeeva'),
	('2304908c-1a32-4ebb-a950-ab8527400f4d', 'eaba4c51-b535-402b-b145-739426a2f993', 'Phase-3', 'Michigan Primary', 'USA_Michigan', '139357', 2.297, 'Jeeva'),
	('23483383-075a-4868-bfbc-4049d7bd483b', '423580cf-b488-4f05-afd6-489776965ec2', 'Phase-3', 'Michigan Primary', 'USA_Michigan', '139314', 5.421, 'Gandeeban'),
	('23531d1b-3f53-4370-97d4-67f2029083a1', '00842aee-d827-4e48-b65f-adaed3b2a0de', 'Phase-3', 'Michigan Primary', 'USA_Michigan', '139022', 0.34, 'Gandeeban'),
	('23c32d19-14ed-43d7-8b0d-99d82a30143b', 'bb208887-5073-445e-99e2-b6bfb978e7d9', 'Phase-3', 'Michigan Primary', 'USA_Michigan', '139212', 3.79, 'Natraj'),
	('241a4af9-78eb-4371-bfa2-3976aed9e1da', 'a9fe5c2b-86c5-4c22-8199-110615f1757f', 'Phase-3', 'Michigan Primary', 'USA_Michigan', '135397', 3.12, 'Ayyapan'),
	('2476a064-2050-4408-8a83-b472558c0bf6', '6bc3e1f6-9965-4fb3-bb3e-a84ef103b7f0', 'Phase-3', 'Michigan Primary', 'USA_Michigan', '138304', 3.063, 'Gandeeban'),
	('24ae31d7-c67d-4da6-90e0-838a0641620e', 'e0f57477-d697-435b-9699-ed097800622b', 'Phase-3', 'Michigan Primary', 'USA_Michigan', '139200', 0.768, 'Natraj'),
	('24f2e485-5c34-4720-ba19-a1675bf53f65', 'c3e66576-c59d-4944-971e-6d91384264d4', 'Phase-3', 'Michigan Primary', 'USA_Michigan', '138181', 2.381, 'Ayyapan'),
	('258345bf-9f2f-4816-9e37-cdbb2300b1d9', '04726c0e-d5f6-4d4c-88d2-d350c65a41e7', 'Phase-3', 'Michigan Primary', 'USA_Michigan', '138390', 0.673, 'Jeeva'),
	('258b7971-8f44-4a7b-bbc8-957a858dcded', 'c476ab34-2ee5-4f34-910e-9e4be0dcb175', 'Phase-3', 'Michigan Primary', 'USA_Michigan', '137428', 6.856, 'Ayyapan'),
	('261c439c-dc94-4f67-bac7-361d70c66291', 'e8fd0f7a-bef4-4acb-a1ba-6c86377ffdcd', 'Phase-3', 'Michigan Primary', 'USA_Michigan', '135653', 3.196, 'Ayyapan'),
	('265a1fe8-a969-49af-a4bc-b7ecb5ba06e9', 'ade4f017-b89b-4bab-b868-f2fe46cc1fb3', 'Phase-3', 'Michigan Primary', 'USA_Michigan', '139245', 3.336, 'Jeeva'),
	('275d439b-486e-4e44-85c1-e9a0e777aab8', 'bd7e719d-ff6d-4e8d-8967-d7b006f9e30d', 'Phase-3', 'Michigan Primary', 'USA_Michigan', '137201', 2.97, 'Ayyapan'),
	('27957f04-8665-44e1-80bf-f0f23301b007', '79bbbc84-46fd-4d17-848c-8e3db2854af2', 'Phase-3', 'Michigan Primary', 'USA_Michigan', '138348', 0.06, 'Ayyapan'),
	('27bfd773-1f31-42d4-aac7-23602bd38d88', '0e2f7e88-6883-411f-a552-9935257eb8b1', 'Phase-3', 'Michigan Primary', 'USA_Michigan', '139200', 0.768, 'Natraj'),
	('27d1a65e-301d-4ebd-8d88-e6076e7a25c7', 'dccb76b8-7fbd-452e-947b-e2c197ebfc66', 'Phase-3', 'Michigan Primary', 'USA_Michigan', '138342', 2.843, 'Gandeeban'),
	('281bbdda-d801-47da-a4e8-d5a630e95e63', '0a903b57-b70c-4f3a-be34-1099438446ca', 'Phase-3', 'Michigan Primary', 'USA_Michigan', '138863', 2.467, 'Gandeeban'),
	('28f22d40-fe79-4bfd-8ca4-753f4c8035f4', 'f9661d4e-4a30-4d0a-a845-a94924407c0b', 'Phase-3', 'Michigan Primary', 'USA_Michigan', '137804', 3.47, 'Jeeva'),
	('28f3c97d-df48-4c13-849d-3e17bc50521b', '4c202e2f-cc8d-4323-a472-73cfb3e80942', 'Phase-3', 'Michigan Primary', 'USA_Michigan', '139434', 0.106, 'Natraj'),
	('291bd3b4-18cd-421e-ac5c-446d73a51351', '202267b5-b94f-4efa-8207-a1ad12f25c34', 'Phase-3', 'Michigan Primary', 'USA_Michigan', '139409', 2.283, 'Natraj'),
	('29358aa8-5215-473f-8af3-76d0a6b1eeda', '6be7f236-7c21-4b3f-ac48-76a6f08401c3', 'Phase-3', 'Michigan Primary', 'USA_Michigan', '139042', 0.831, 'Jeeva'),
	('293c6fa4-4c75-4d56-a897-c8e65857426f', 'b7265fc5-16bd-407c-8f86-7224b52ec2a9', 'Phase-3', 'Michigan Primary', 'USA_Michigan', '138404', 4.691, 'Gandeeban'),
	('293dcf17-4a36-4995-9d0a-c00fb3fb6770', '96ab3b7a-5464-439a-be39-1d975aee0ae8', 'Phase-3', 'Michigan Primary', 'USA_Michigan', '139215', 3.779, 'Natraj'),
	('294c66bd-b9c8-4aad-831d-ba5453279575', '8cda5738-9fe3-4976-8cbd-ec94c8201442', 'Phase-3', 'Michigan Primary', 'USA_Michigan', '138310', 4.999, 'Ayyapan'),
	('295467eb-34e5-4c73-b0bf-d2348685b8f4', '6da1d76e-ff54-4f93-b0e4-ee9788d0c1e4', 'Phase-3', 'Michigan Primary', 'USA_Michigan', '139173', 0.68, 'Gandeeban'),
	('29651aa8-6082-4a36-b5cb-c107f0f6e97b', '9e63db2d-627b-4586-9464-6039475c9a15', 'Phase-3', 'Michigan Primary', 'USA_Michigan', '135630', 2.236, 'Ayyapan'),
	('29980a05-5e75-4864-ba01-362f69f25f8a', 'b2f330bc-d0e9-4885-a128-cdf0ce18fcda', 'Phase-3', 'Michigan Primary', 'USA_Michigan', '138925', 0.625, 'Natraj'),
	('29bdba4d-addd-48ef-89e7-7a184ca3e77e', '892f9e20-9939-4a22-ac2f-477fc4be2dfa', 'Phase-3', 'Michigan Primary', 'USA_Michigan', '139315', 5.412, 'Gandeeban'),
	('29e92c6c-ed66-4ae2-b032-6faa479e64f7', '5a20cbe0-2125-47a0-8cc2-aba9c98af0c3', 'Phase-3', 'Michigan Primary', 'USA_Michigan', '139432', 0.193, 'Natraj'),
	('29f54b17-fee8-42dd-989f-f1d6309e2425', 'aa0e1ea7-da15-433f-aed6-95584c4ca0e9', 'Phase-3', 'Michigan Primary', 'USA_Michigan', '139214', 0.047, 'Natraj'),
	('2a9999e3-b201-43ba-8b9d-d891f2c741d0', '35b551c3-3375-4715-8ffa-686fb7e4e0c4', 'Phase-3', 'Michigan Primary', 'USA_Michigan', '138863', 2.467, 'Gandeeban'),
	('2ad5c229-010b-4e9c-b8ed-e4c982f5062b', '9184727d-95d8-4ebe-8e9c-bdac4eacccfc', 'Phase-3', 'Michigan Primary', 'USA_Michigan', '138314', 2.368, 'Gandeeban'),
	('2b316989-7bb5-48c6-b628-2bb9617a2caa', '98634d25-3e9c-46ff-99e6-3523efa68e79', 'Phase-3', 'Michigan Primary', 'USA_Michigan', '137804', 3.47, 'Jeeva'),
	('2b6029ad-c02c-4b49-b424-7a280f77fd42', '506af1a5-d9e3-4ce1-a7b6-efd1e83cb97e', 'Phase-3', 'Michigan Primary', 'USA_Michigan', '139229', 0.547, 'Natraj'),
	('2b6960e0-4f12-4de1-90a3-bbf93d9dae33', '7bc4efe0-6db8-4ebf-a79e-80214f2a8344', 'Phase-3', 'Michigan Primary', 'USA_Michigan', '138933', 0.515, 'Jeeva'),
	('2c2f41a5-1f27-470d-9bab-b49437d91511', '4f8ec6ff-78f6-457c-8e61-cdf07976ef7f', 'Phase-3', 'Michigan Primary', 'USA_Michigan', '138931', 0.499, 'Natraj'),
	('2c338252-9c62-4470-8a1b-ef09580041f4', '93c30a29-fa1f-4ece-b648-9925367213f6', 'Phase-3', 'Michigan Primary', 'USA_Michigan', '139333', 2.01, 'Jeeva'),
	('2c4bad1d-550f-4db7-a898-94e3597147f2', '5e38ade2-6e33-42dd-bd52-b7f8fd9a191f', 'Phase-3', 'Michigan Primary', 'USA_Michigan', '139021', 4.278, 'Jeeva'),
	('2c691f89-08dd-4c0c-98f5-dfaeefce42d1', '87dad0eb-0012-4849-9ad6-de17fa3ea48e', 'Phase-3', 'Michigan Primary', 'USA_Michigan', '139384', 2.468, 'Natraj'),
	('2cae3438-13f0-45c5-9949-9abb4a4d76f0', 'bf635c24-8965-4fff-a09b-8aeaa448ea0e', 'Phase-3', 'Michigan Primary', 'USA_Michigan', '135254', 0.964, 'Ayyapan'),
	('2cf281b4-a720-4c63-8543-da4bd4a4bbce', 'de252628-e6ce-478c-acd1-ec42a8f2df0d', 'Phase-3', 'Michigan Primary', 'USA_Michigan', '138914', 0.521, 'Jeeva'),
	('2d06923a-09eb-44fa-8f4f-5abf9a3a0511', 'f899ad84-e139-441e-8ac8-cac7cfec9f67', 'Phase-3', 'Michigan Primary', 'USA_Michigan', '139015', 0.056, 'Gandeeban'),
	('2d770ab8-97c3-4a95-a385-82839b716bc8', 'f5c2b69d-85fb-4066-b659-cf46914e8ed0', 'Phase-3', 'Michigan Primary', 'USA_Michigan', '138404', 4.691, 'Gandeeban'),
	('2e53a010-0c46-4b1b-8421-d33dd2326a23', '7e750398-3d73-4e5f-8a94-21b9ea832804', 'Phase-3', 'Michigan Primary', 'USA_Michigan', '139432', 0.193, 'Natraj'),
	('2ea60774-14d2-44b2-abc6-153e7cae9591', '18e1e0ff-b735-4d45-9679-cc845258db35', 'Phase-3', 'Michigan Primary', 'USA_Michigan', '139056', 2.228, 'Gandeeban'),
	('2eb5fd58-5b10-4f78-bb1e-e870861cd980', 'f3ad24b6-8e68-41a6-9b46-6aeb3b472918', 'Phase-3', 'Michigan Primary', 'USA_Michigan', '139221', 0.221, 'Jeeva'),
	('2efec316-2c83-478c-9647-5c633babccee', '8ed431a7-ecee-4828-a378-979576867d66', 'Phase-3', 'Michigan Primary', 'USA_Michigan', '139402', 3.434, 'Natraj'),
	('2f7997a6-6aa4-462e-8e94-215ae18fa953', '6a2a79fd-b32c-4962-97ed-0dc00c1c7750', 'Phase-3', 'Michigan Primary', 'USA_Michigan', '139278', 2.072, 'Natraj'),
	('2fb3126c-3fc0-4c64-ab2f-c398ddd5cd21', '879103d3-a47d-4525-901b-951c9f100b2f', 'Phase-3', 'Michigan Primary', 'USA_Michigan', '139177', 2.292, 'Jeeva'),
	('2ff51c67-d17c-49d0-8563-c3322af0c2c6', 'a64b0e47-83c8-4c25-9fd7-991f7fa35b5e', 'Phase-3', 'Michigan Primary', 'USA_Michigan', '139023', 0.251, 'Gandeeban'),
	('30e5592b-bee5-4d85-90fb-bf965e145317', '9842e8c1-154e-46e8-8412-9df84fc4828b', 'Phase-3', 'Michigan Primary', 'USA_Michigan', '139220', 0.398, 'Jeeva'),
	('30e57d39-ee52-4a61-a9bc-7254a22d3218', 'f2bc5a00-5f79-48f6-93ab-2f0015b8612f', 'Phase-3', 'Michigan Primary', 'USA_Michigan', '137413', 0.656, 'Ayyapan'),
	('30f7e820-fd25-4352-9fb3-0241da0dbd93', '37308e3c-0b5b-4544-bf9c-59952152acd9', 'Phase-3', 'Michigan Primary', 'USA_Michigan', '138314', 2.368, 'Gandeeban'),
	('31990d1c-af89-4615-9617-b2642e8ee0de', '7f49d54a-1264-4669-bdfc-4ca0492d666d', 'Phase-3', 'Michigan Primary', 'USA_Michigan', '138346', 0.178, 'Ayyapan'),
	('31ad5784-2140-443b-a18f-04d1f5506027', 'f0e7e2ce-dce2-4541-9b9f-5b68b88b381c', 'Phase-3', 'Michigan Primary', 'USA_Michigan', '139015', 0.056, 'Gandeeban'),
	('31c62cd1-98e6-49f3-9d0b-bd82f43f896c', '719d25c4-1267-44ae-8d01-80630403816e', 'Phase-3', 'Michigan Primary', 'USA_Michigan', '138172', 0.443, 'Gandeeban'),
	('31d83c4c-892c-4f84-9a52-4323c3eea85f', 'bd361d5d-6e53-4ea7-9b5c-d22926ccf217', 'Phase-3', 'Michigan Primary', 'USA_Michigan', '137426', 4.12, 'Ayyapan'),
	('320f6ac8-fa84-4360-963d-a26a785b67e9', 'c18ac1dc-3c1d-4212-909e-468786f44c04', 'Phase-3', 'Michigan Primary', 'USA_Michigan', '139001', 0.219, 'Gandeeban'),
	('328fad47-159a-4290-8a55-3af66c5c6e85', '1471722a-0507-479f-a788-16c9555328b7', 'Phase-3', 'Michigan Primary', 'USA_Michigan', '139429', 5.169, 'Jeeva'),
	('33659293-2148-42f7-8dc7-44d9bf1929f1', '47355d39-070d-4175-add3-8b4018ff116a', 'Phase-3', 'Michigan Primary', 'USA_Michigan', '138180', 2.328, 'Ayyapan'),
	('337118aa-f9d4-4996-aec7-92abdab47fa2', 'a50f9139-23a4-4593-affd-d4c2153255ba', 'Phase-3', 'Michigan Primary', 'USA_Michigan', '135654', 3.191, 'Gandeeban'),
	('33943f73-3445-4941-9999-90eb5a6243c9', '6e0ee241-11b0-483f-b397-ec024e50f023', 'Phase-3', 'Michigan Primary', 'USA_Michigan', '139290', 2.199, 'Natraj'),
	('33a318b4-ed9e-4845-b1e4-fa72d58113e8', '5f7612f0-bf18-40d3-832e-018d657f0074', 'Phase-3', 'Michigan Primary', 'USA_Michigan', '139417', 2.891, 'Natraj'),
	('33e2f30a-8313-48cc-8a36-ea67d91cfe9b', '966fcec5-1fa0-43a9-b142-d04f3afbeec3', 'Phase-3', 'Michigan Primary', 'USA_Michigan', '139247', 5.58, 'Natraj'),
	('345038f6-4c85-4135-bf39-a37d4e926e68', '9142187a-14ee-4411-b363-0c75638be731', 'Phase-3', 'Michigan Primary', 'USA_Michigan', '139283', 2.771, 'Gandeeban'),
	('34629775-8afa-4028-b4b2-2c0eebbeb8fa', '6dd30e13-3bc6-4cd3-a9f0-cf7383bdb36a', 'Phase-3', 'Michigan Primary', 'USA_Michigan', '138997', 4.279, 'Jeeva'),
	('34a0251f-ca30-4908-a441-30f96f041e67', 'e01733aa-e72c-48c2-b03d-699638164c9a', 'Phase-3', 'Michigan Primary', 'USA_Michigan', '138428', 2.059, 'Jeeva'),
	('34af2eb7-48ab-4d69-8e6e-0bbfde0102f3', 'c99add3e-d639-4ff1-89b1-79b2209a438d', 'Phase-3', 'Michigan Primary', 'USA_Michigan', '139166', 0.279, 'Ayyapan'),
	('3601d4c5-b0c3-4e0c-a9ca-529b85147e07', 'bb82bc2e-917c-4caa-8e60-ca5abe3b8054', 'Phase-3', 'Michigan Primary', 'USA_Michigan', '135253', 0.983, 'Ayyapan'),
	('3620720f-3313-4cd4-bce5-2beda27e4c96', '4cd87cea-cede-4a24-ab25-d97e1cf3dc1d', 'Phase-3', 'Michigan Primary', 'USA_Michigan', '139402', 3.434, 'Natraj'),
	('378d9026-91db-46dd-98fd-5f93a2c906a9', '57cef646-7bea-463b-a314-fe3d57a2da2d', 'Phase-3', 'Michigan Primary', 'USA_Michigan', '139384', 2.468, 'Natraj'),
	('37919b33-2486-4168-993c-e8cbb1f35542', '811f0ff9-c725-4583-bf51-94392920e070', 'Phase-3', 'Michigan Primary', 'USA_Michigan', '139424', 3.083, 'Natraj'),
	('37d12320-25d3-4d75-96eb-4b2368e9195b', '1005ed16-7d44-4f18-b7a9-95f8bbc2ae54', 'Phase-3', 'Michigan Primary', 'USA_Michigan', '138204', 0.554, 'Gandeeban'),
	('38771c3e-8805-4c48-9202-fdd7c2b0ec8e', 'b8251d41-3cd8-4efa-ad67-a556865ab305', 'K.Mohan', 'Michigan Primary', 'USA_Michigan', '137358', 5.746, 'Ayyapan'),
	('38775fbf-0398-4067-8529-db37abe4da49', 'b6b2882b-2cf8-425e-8d0c-46f728af4c82', 'Phase-3', 'Michigan Primary', 'USA_Michigan', '139022', 0.34, 'Gandeeban'),
	('390f9c9f-d03c-4c97-8180-fc50e8475130', '5aacb1b1-d814-41d1-b497-3c95d9ae708f', 'Phase-3', 'Michigan Primary', 'USA_Michigan', '138166', 0.502, 'Gandeeban'),
	('39aef2c5-0693-4555-9a06-ddfebcd75dc7', 'fd6d9306-662a-451b-811a-54aa14d198a8', 'Phase-3', 'Michigan Primary', 'USA_Michigan', '138188', 0.98, 'Gandeeban'),
	('39c7109e-17a3-4c77-a9b2-f91a4a6f1673', '2e6db947-3c12-473c-8528-644608cc8f09', 'Phase-3', 'Michigan Primary', 'USA_Michigan', '139254', 2.739, 'Natraj'),
	('39d3a980-d28b-4b77-8852-a0c5aee8d114', 'ca5581ee-54ae-475c-bedd-f274fbaa9cb1', 'Phase-3', 'Michigan Primary', 'USA_Michigan', '139299', 2.587, 'Jeeva'),
	('3a2b4319-deba-440d-96d2-087e83bbca4b', '4b1e7993-7cbd-4b75-ac7b-31890321cb34', 'Phase-3', 'Michigan Primary', 'USA_Michigan', '137416', 2.181, 'Ayyapan'),
	('3a3c80fa-424b-4cf7-b3f8-b47cf293a38d', '8c0b074a-554c-4859-bf92-21203502590a', 'Phase-3', 'Michigan Primary', 'USA_Michigan', '139360', 6.576, 'Jeeva'),
	('3a4ade6b-a26d-4c4c-83d1-870aa609122a', '09a519f8-ffad-41e1-9167-9e740032821b', 'Phase-3', 'Michigan Primary', 'USA_Michigan', '138411', 6.213, 'Gandeeban'),
	('3ae392d8-7e17-46d2-b6ce-ab21165e88d3', '05513458-fd02-469b-a6a7-5006576cd577', 'Phase-3', 'Michigan Primary', 'USA_Michigan', '139361', 3.588, 'Natraj'),
	('3c28f129-370c-401b-8b87-6e07596e00f9', '18d4af5c-5e46-4ee5-bb16-3769db2d874d', 'Phase-3', 'Michigan Primary', 'USA_Michigan', '138390', 0.673, 'Jeeva'),
	('3c634b00-a74c-4218-a2be-ffb01e857a78', '1ab00df9-3427-4d7a-9743-f97951789a3c', 'Phase-3', 'Michigan Primary', 'USA_Michigan', '139440', 2.289, 'Natraj'),
	('3c94d98c-406b-427e-854f-493ee0566b94', '2aa4f4b4-5945-46e9-b5ff-eecd32f8c1a6', 'Phase-3', 'Michigan Primary', 'USA_Michigan', '139175', 0.681, 'Gandeeban'),
	('3d05485b-46ad-4cf1-bacb-815ccc78f4c6', 'c844ddc8-b90d-49f1-96df-f1b1ad88d81d', 'Phase-3', 'Michigan Primary', 'USA_Michigan', '138949', 0.092, 'Jeeva'),
	('3d4eefa2-97a4-486c-b37d-203664246f59', 'd1a179f4-bf9b-40eb-a531-d82d955d54d8', 'Phase-3', 'Michigan Primary', 'USA_Michigan', '139173', 0.68, 'Gandeeban'),
	('3d57296f-86e8-40fb-adef-5820a519ccf2', 'da8e83ae-05d5-450e-a192-d35e93f0f8b2', 'Phase-3', 'Michigan Primary', 'USA_Michigan', '139212', 3.79, 'Natraj'),
	('3dbcd1ad-1286-4917-9c8f-baaa4ae2536e', '79273d2f-a197-4338-88c7-646c1677dd0e', 'Phase-3', 'Michigan Primary', 'USA_Michigan', '135413', 0.404, 'Ayyapan'),
	('3df09cb2-5693-4670-b28d-7700178d1154', '8f8e6c8e-12e7-4358-b91d-f53f52eb5845', 'Phase-3', 'Michigan Primary', 'USA_Michigan', '139297', 3.489, 'Natraj'),
	('3df1ae0d-a4b4-4dd9-9ae5-79a15683aea0', 'f534532b-caeb-4a75-936a-97d462bf2340', 'Phase-3', 'Michigan Primary', 'USA_Michigan', '139215', 3.779, 'Natraj'),
	('3e33c808-85c3-44ed-9301-341cd0c1ee2a', '0f3820dd-fca4-487a-bb6a-247921214f55', 'Phase-3', 'Michigan Primary', 'USA_Michigan', '139248', 2.832, 'Natraj'),
	('3e3481ef-216c-4e77-865e-e32cda9b4421', 'b1f649dd-9f2e-4753-97ff-8c60ab8b3c59', 'Phase-3', 'Michigan Primary', 'USA_Michigan', '138970', 3.622, 'Gandeeban'),
	('3edd80c5-1cc8-47e0-87fb-cff18d31ba53', '6397cd42-d33e-4ba6-9141-8650239ec9e0', 'Phase-3', 'Michigan Primary', 'USA_Michigan', '139021', 4.278, 'Jeeva'),
	('3f73fc2f-32f8-46d7-ba0b-158df3826b53', '7a96c173-fdc7-4e9b-8e50-edb811661d32', 'Phase-3', 'Michigan Primary', 'USA_Michigan', '139331', 5.119, 'Jeeva'),
	('3f90a482-7e26-4a37-b3fa-80b590ea3263', '3e337850-205c-4ded-b531-ea3004705c7c', 'Phase-3', 'Michigan Primary', 'USA_Michigan', '138955', 2.38, 'Jeeva'),
	('401ca4a5-8347-4016-8395-be0e12f4d9fa', '4ab10240-65d3-478b-9686-916cfa6c939b', 'Phase-3', 'Michigan Primary', 'USA_Michigan', '138182', 2.399, 'Gandeeban'),
	('408f294f-f4f0-4e20-b2c6-8f0bc42387e6', 'a493bb73-fd97-49d2-991b-ad469a0f12d1', 'Phase-3', 'Michigan Primary', 'USA_Michigan', '138304', 3.063, 'Gandeeban'),
	('40c51d47-14cf-4524-90a1-ca1d356286c5', 'e54b9a3d-4e6b-4167-876e-d92c1cb40164', 'Phase-3', 'Michigan Primary', 'USA_Michigan', '139391', 3.176, 'Natraj'),
	('4227658c-339c-4cfb-9c23-af1923d7e822', '3a7c2d36-a037-48bb-aebf-9fbc254bd757', 'Phase-3', 'Michigan Primary', 'USA_Michigan', '139003', 0.253, 'Jeeva'),
	('4330d38b-e401-4932-98fb-e5cee76a03cf', '8785284c-1471-4d9a-8bbd-14185c661a4f', 'Phase-3', 'Michigan Primary', 'USA_Michigan', '137200', 3.202, 'Ayyapan'),
	('43c8cacb-24de-4f8e-8e30-a3bbf24a1fab', '2b48404c-13aa-43b7-a7b6-1e0a67f9ce5d', 'Phase-3', 'Michigan Primary', 'USA_Michigan', '139164', 0.433, 'Ayyapan'),
	('43d0d7bd-2ef2-45c8-8966-076c0daf6091', '84e70d3f-4ce0-49ac-8272-0112fbc8a4e4', 'Phase-3', 'Michigan Primary', 'USA_Michigan', '138965', 7.679, 'Jeeva'),
	('4402948d-4e37-4c0b-bd92-c09cdfb76748', 'edd5ad9d-8c59-4c23-8164-ad0fe4e512dc', 'Phase-3', 'Michigan Primary', 'USA_Michigan', '138188', 0.98, 'Gandeeban'),
	('4477cba1-36c0-4c8d-8a8c-98cebc74cbd4', '16557245-c905-4a48-ad6b-51bc24f486af', 'Phase-3', 'Michigan Primary', 'USA_Michigan', '139051', 0.034, 'Gandeeban'),
	('44bee1ec-7587-4b92-a63c-52607b377eed', 'e949731c-2382-4592-acfb-2ffc40b48353', 'Phase-3', 'Michigan Primary', 'USA_Michigan', '135653', 3.196, 'Ayyapan'),
	('44ca29df-0bdf-41ce-93eb-2145ef6a84cc', 'c9e146b4-ee98-4f29-9c3b-a5a472ccfdd5', 'Phase-3', 'Michigan Primary', 'USA_Michigan', '139065', 0.078, 'Gandeeban'),
	('454167ed-6cb6-4e6e-be9f-b54de975d063', 'dc3a6ea7-6ad2-424d-bf61-bd995631cfb2', 'Phase-3', 'Michigan Primary', 'USA_Michigan', '139078', 3.188, 'Jeeva'),
	('45b563a9-dcc4-47f8-aa18-caa2fcbdf36e', '4ccba0a9-1d4c-404e-b7b1-45b28aa1b0b2', 'Phase-3', 'Michigan Primary', 'USA_Michigan', '139438', 3.815, 'Jeeva'),
	('45bdc895-f0a8-4a48-8a3f-f04f7b84de5d', '0dc60ce3-b6b9-4577-ba10-7b9b2fd27a36', 'Phase-3', 'Michigan Primary', 'USA_Michigan', '138341', 2.783, 'Gandeeban'),
	('469fab51-8aab-4776-9ff9-33f6a006109b', '01da1f07-7019-440b-8d49-f441d85bb1e3', 'Phase-3', 'Michigan Primary', 'USA_Michigan', '138303', 5.761, 'Gandeeban'),
	('46d63084-8647-4c81-a5b1-74cb84eee1e1', 'c50ac330-0331-4e55-a82e-af1f9f667716', 'Phase-3', 'Michigan Primary', 'USA_Michigan', '135397', 3.12, 'Ayyapan'),
	('47092c9d-1f7f-4acc-bf5d-25850d96cf6b', '19b41eba-d9e7-48f8-876c-c92fa4db5eaf', 'Phase-3', 'Michigan Primary', 'USA_Michigan', '138165', 0.563, 'Gandeeban'),
	('47099508-f7e8-4e5f-9f7d-ea435a8b0409', 'e0062700-5fbf-494c-b2fa-16263ac12ab2', 'Phase-3', 'Michigan Primary', 'USA_Michigan', '138416', 4.492, 'Gandeeban'),
	('4715dd1a-b394-49f0-8a95-c4fa4835fc31', '96e0185c-f7d5-49b4-99e1-6cbed8029370', 'Phase-3', 'Michigan Primary', 'USA_Michigan', '138350', 0.267, 'Ayyapan'),
	('4767a8cb-075f-4626-84af-0420bc6a0483', '54f1d44f-9270-426a-ae59-02ed427236f5', 'Phase-3', 'Michigan Primary', 'USA_Michigan', '139253', 2.696, 'Natraj'),
	('47adfbc3-e8ab-426f-b073-be2bee938aa6', '28c2fc62-08af-4605-bb3f-a546345ff9ff', 'Phase-3', 'Michigan Primary', 'USA_Michigan', '137406', 2.574, 'Ayyapan'),
	('47df6369-1b9b-4bc9-8627-01d10715500c', 'd02ddee5-b88b-47de-b6ee-414d7971460a', 'Phase-3', 'Michigan Primary', 'USA_Michigan', '139408', 4.144, 'Natraj'),
	('47e74e89-3f11-4e04-85ee-c69a80081482', '08b4cdd3-32b6-443b-81e1-0dd2f0876d13', 'Phase-3', 'Michigan Primary', 'USA_Michigan', '139004', 0.168, 'Jeeva'),
	('481553ac-4a91-41eb-a085-e42e56325e32', '643e8bbc-8826-4a74-a6ac-0c6a3290cd5e', 'Phase-3', 'Michigan Primary', 'USA_Michigan', '138203', 0.486, 'Ayyapan'),
	('4840ed3b-0635-47b5-b3ee-41bf22c94dc9', '3d1567cb-734d-4aed-b4d3-e61842d55ea8', 'Phase-3', 'Michigan Primary', 'USA_Michigan', '138349', 0.081, 'Ayyapan'),
	('48751023-beeb-4550-a97c-70bc07dadfb8', '82ac98f7-0989-417d-9080-01190c9e89a9', 'Phase-3', 'Michigan Primary', 'USA_Michigan', '137360', 2.581, 'Ayyapan'),
	('48843b67-b774-4402-a2da-a12539eff4d3', '930f2c77-a06e-4f9a-a37a-1448ed0ae443', 'Phase-3', 'Michigan Primary', 'USA_Michigan', '139277', 2.069, 'Natraj'),
	('48c314d0-aa12-4d12-a138-ab1aeab7c44b', '7c45239d-38e9-413f-abf9-de27cfc90e21', 'Phase-3', 'Michigan Primary', 'USA_Michigan', '139374', 3.543, 'Natraj'),
	('48d76969-5b1a-47c1-a553-b07c2b8653b6', 'a0aad65e-a70a-4dd1-92f5-486429bf8db6', 'Phase-3', 'Michigan Primary', 'USA_Michigan', '138410', 5.113, 'Gandeeban'),
	('48f71a4d-6100-46fa-82cb-87f6c096ed25', 'b9e489ea-fb40-4141-bce4-1b0b242b0a52', 'Phase-3', 'Michigan Primary', 'USA_Michigan', '138172', 0.443, 'Gandeeban'),
	('498802aa-be46-4d15-b9fd-40b869c6dc99', '1234b733-bab4-4a67-af6d-c3afe3beb2f2', 'Phase-3', 'Michigan Primary', 'USA_Michigan', '139002', 0.248, 'Gandeeban'),
	('4a01956a-e049-4ee6-87d0-7e5fb0d6336c', '457e2ad4-6cf7-488e-8188-2704ad1d99c1', 'Phase-3', 'Michigan Primary', 'USA_Michigan', '138871', 3.058, 'Ayyapan'),
	('4adaf49c-b8f4-4a82-ac1e-67f67f628ebf', '893f2033-0e0f-4ea4-a272-408b82d7bbef', 'Phase-3', 'Michigan Primary', 'USA_Michigan', '137406', 2.574, 'Ayyapan'),
	('4ae8569b-5d6d-4100-a9bb-bd6c46a875ff', '199a5e9f-7906-4848-b894-1242d72f35d2', 'Phase-3', 'Michigan Primary', 'USA_Michigan', '138416', 4.492, 'Gandeeban'),
	('4b31b0c9-b860-428f-9011-939e836ded15', '190e20a5-8bfc-4956-87ce-18f865b0e8de', 'Phase-3', 'Michigan Primary', 'USA_Michigan', '135630', 2.236, 'Ayyapan'),
	('4b9a72d3-500b-48c3-ac27-3c579fff81ea', 'addc5d6b-6785-4117-8b5f-cf0d26bc53fc', 'Phase-3', 'Michigan Primary', 'USA_Michigan', '138949', 0.092, 'Jeeva'),
	('4bd64e1a-4440-4f60-a6fd-af8c09391819', '28033438-c125-4970-afc5-73d066a7b683', 'Phase-3', 'Michigan Primary', 'USA_Michigan', '139208', 2.032, 'Natraj'),
	('4be4275f-f1f4-42a0-9675-27d56219438e', '8d88f294-d503-4a5f-9418-efce806607e9', 'Phase-3', 'Michigan Primary', 'USA_Michigan', '138430', 4.335, 'Ayyapan'),
	('4bf0d953-e66a-4775-b948-d00f9a30d503', '9e5baab2-18e1-401f-a9f8-959acf109002', 'Phase-3', 'Michigan Primary', 'USA_Michigan', '139360', 6.576, 'Jeeva'),
	('4c3a07a6-da22-4eaf-b7db-8c2fa49b4233', '397ca54b-962a-4257-a34f-16ea6e0b2ea5', 'Phase-3', 'Michigan Primary', 'USA_Michigan', '138310', 4.999, 'Ayyapan'),
	('4c6da81a-1aeb-48b1-86f7-91d98a72852f', '1245d435-ee5b-43b0-8dad-6c7af86178d4', 'Phase-3', 'Michigan Primary', 'USA_Michigan', '139022', 0.34, 'Gandeeban'),
	('4ce8a3bb-d1b3-471f-8c7d-2771fd7be01c', 'de37feab-26b0-47ba-9ad9-81542f4717a1', 'Phase-3', 'Michigan Primary', 'USA_Michigan', '139014', 2.343, 'Jeeva'),
	('4db93592-b31f-4e1f-88a5-ec954122b9da', '56278072-b61e-461c-aada-8c7db19606fa', 'Phase-3', 'Michigan Primary', 'USA_Michigan', '139326', 0.144, 'Jeeva'),
	('4e9a3b90-fd04-48be-a41a-3c87bfbefff0', 'b8e2a949-03ed-4b56-9f29-e086360a60c3', 'Phase-3', 'Michigan Primary', 'USA_Michigan', '138181', 2.381, 'Ayyapan'),
	('4f32f5f1-45ed-4dee-939e-7d8f3cfd5b24', 'a3cdf88c-a611-4e5e-8f2f-a1338cabd5c4', 'Phase-3', 'Michigan Primary', 'USA_Michigan', '138438', 4.883, 'Gandeeban'),
	('4f76fd5c-86d9-4aae-855d-369c2d977d20', 'cf68f98c-6d4c-4121-aeb9-83c0afa5905b', 'Phase-3', 'Michigan Primary', 'USA_Michigan', '139024', 0.306, 'Gandeeban'),
	('4f7b6233-83fd-44ba-bfda-3dff2c01fba2', 'ef9ef96f-4f24-4bd4-8d63-0610afa9499d', 'Phase-3', 'Michigan Primary', 'USA_Michigan', '138165', 0.563, 'Gandeeban'),
	('4fe529bc-eb50-4bad-98f3-ac0093539ab7', '8f3b75e4-8956-4d4b-ba4e-4b3eed34c079', 'Phase-3', 'Michigan Primary', 'USA_Michigan', '139229', 0.547, 'Natraj'),
	('501f6f90-0521-48d8-be78-55b0ce01a6e5', 'e9a41ff7-32ed-4311-8c77-124ae1712616', 'Phase-3', 'Michigan Primary', 'USA_Michigan', '138304', 3.063, 'Gandeeban'),
	('510878df-6597-42d6-b3c5-98c03bf91587', 'acc93d70-aff2-430c-b798-a8b3c4101ff8', 'Phase-3', 'Michigan Primary', 'USA_Michigan', '138204', 0.554, 'Gandeeban'),
	('51b9c592-9a67-4a37-9621-913a1c864ce6', 'f3859ad9-7e4f-4b90-846b-6a4e5df3b0eb', 'Phase-3', 'Michigan Primary', 'USA_Michigan', '138960', 2.788, 'Jeeva'),
	('521f240e-9993-4ab3-aa3b-8d74821955d1', '130187cd-b6e9-4df5-9344-39df131270b3', 'Phase-3', 'Michigan Primary', 'USA_Michigan', '135684', 4.247, 'Gandeeban'),
	('52b4dc7f-14be-413c-bb6e-15f6d42b311f', '14b49428-299a-4af1-95f9-38a99bea39fc', 'Phase-3', 'Michigan Primary', 'USA_Michigan', '138913', 3.194, 'Jeeva'),
	('52ff3711-a371-4080-bed7-4e4365e4dc01', '6f773cb8-f2c5-4150-8cf9-176acead598b', 'Phase-3', 'Michigan Primary', 'USA_Michigan', '138876', 3.419, 'Ayyapan'),
	('534491ca-e69c-42a9-9772-4b5f92f939a7', '4cc8f4d4-f3bb-46b5-a00d-3a585d508c21', 'Phase-3', 'Michigan Primary', 'USA_Michigan', '138436', 3.622, 'Gandeeban'),
	('534e01a1-c038-4f9b-804e-e5ff83d92bd5', 'bb195c81-3dd6-4ff9-9bb8-93c6de93dab7', 'Phase-3', 'Michigan Primary', 'USA_Michigan', '137393', 0.751, 'Ayyapan'),
	('5362e686-e809-446f-bf8b-b017409f5f29', 'c65dadfa-5134-4aad-9e06-7f5290060bb5', 'Phase-3', 'Michigan Primary', 'USA_Michigan', '139283', 2.771, 'Gandeeban'),
	('53fb4b79-fc11-42a9-9f00-8d4aec8ca46f', '5b0ae29e-191e-4531-94a7-a25acec082af', 'Phase-3', 'Michigan Primary', 'USA_Michigan', '139001', 0.219, 'Gandeeban'),
	('545a33f4-2ac8-4ba7-9802-76dc4dd6dac6', 'a69ea6bb-d756-4282-975b-89ee774b7135', 'Phase-3', 'Michigan Primary', 'USA_Michigan', '139269', 6.076, 'Natraj'),
	('54c7c6ad-0c17-43c4-afd0-c246fbf1e12b', 'ea99af5e-f335-421f-9dd9-9859f66c534f', 'Phase-3', 'Michigan Primary', 'USA_Michigan', '138965', 7.679, 'Jeeva'),
	('556474ea-51ae-412b-acea-c19f2b1643b3', '5562fbdd-9d40-4678-b380-8cbd57af585c', 'Phase-3', 'Michigan Primary', 'USA_Michigan', '137416', 2.181, 'Ayyapan'),
	('559df630-0343-4d1a-bf6d-69ff4a5ea786', '067f3b35-2554-4cf4-b9af-3d56263b9268', 'Phase-3', 'Michigan Primary', 'USA_Michigan', '139331', 5.119, 'Jeeva'),
	('55f4bedb-f06b-47a1-a303-e452b1edbbfa', '1aee511f-c63e-4ab9-ad39-651b2fe0fde3', 'Phase-3', 'Michigan Primary', 'USA_Michigan', '138351', 0.193, 'Ayyapan'),
	('55fffb9b-d95d-4c0b-84da-cc064bd21f91', '26dc20d9-2507-4d0b-a58b-7fbca0f7c918', 'Phase-3', 'Michigan Primary', 'USA_Michigan', '135415', 0.405, 'Ayyapan'),
	('5609830b-b89b-4207-8527-0c31661cdb15', '0123b30f-508a-43e3-8709-d1d3d019fd1f', 'Phase-3', 'Michigan Primary', 'USA_Michigan', '135397', 3.12, 'Ayyapan'),
	('562f0e90-fecc-4cde-b0cc-5bff1ce17b8d', 'd418b1e6-9e16-421e-ad65-436fee2c8c47', 'Phase-3', 'Michigan Primary', 'USA_Michigan', '135686', 4.258, 'Ayyapan'),
	('563971b8-7291-4354-85ec-1f2e8be27f8d', '0f26b41d-d3cf-4c9d-9afc-5c6340f246ed', 'Phase-3', 'Michigan Primary', 'USA_Michigan', '137394', 0.742, 'Ayyapan'),
	('56b53f58-4024-4148-8c8c-151b57117d1a', '0169f456-5aef-4726-a537-64854562c0ac', 'Phase-3', 'Michigan Primary', 'USA_Michigan', '139408', 4.144, 'Natraj'),
	('56c42e54-777f-4261-afe1-417d553a8b3f', '6e97f6b3-4325-4309-93b0-b3a94867d6d6', 'Phase-3', 'Michigan Primary', 'USA_Michigan', '139357', 2.297, 'Jeeva'),
	('577005b5-f441-4ba4-9bd3-c5d659bb6648', 'dc58e427-9f90-4429-840d-e402ebbf3950', 'Phase-3', 'Michigan Primary', 'USA_Michigan', '139219', 0.309, 'Jeeva'),
	('57f17e6b-db62-42a9-89bc-8b42b1ffd743', 'a0146bf7-dafd-4e4d-9691-24485e1005e9', 'Phase-3', 'Michigan Primary', 'USA_Michigan', '139404', 3.076, 'Natraj'),
	('5837f3f2-49d0-4b68-a687-bf66671f5355', '7c499629-aa51-4fa6-a46f-b90c694cdf5b', 'Phase-3', 'Michigan Primary', 'USA_Michigan', '139077', 3.109, 'Jeeva'),
	('5885b87d-3064-412d-8a28-bdb0a26be6f6', 'daab688f-942a-4ce8-a19f-aeea070e95f0', 'Phase-3', 'Michigan Primary', 'USA_Michigan', '139390', 3.178, 'Natraj'),
	('58d1da1e-c1b6-4275-a1c0-debf9c860b60', 'b5b2b65b-6dc7-4fe5-8f39-09da24ead463', 'Phase-3', 'Michigan Primary', 'USA_Michigan', '138169', 0.438, 'Gandeeban'),
	('592cbdad-943b-4523-82f7-dcfdebd22294', 'd269e1b1-692d-4a1c-b5e1-3840173f41fa', 'Phase-3', 'Michigan Primary', 'USA_Michigan', '139435', 4.863, 'Jeeva'),
	('598c6c89-c6e5-4016-ac1e-a67c1ce85c31', '1ecc94c3-5f1e-412e-980c-170a57f7673c', 'Phase-3', 'Michigan Primary', 'USA_Michigan', '139260', 0.052, 'Jeeva'),
	('5a000e0e-34da-464e-8c63-af50d569ff1d', '0d884e39-2ce5-41e4-8d67-e7665c24791d', 'Phase-3', 'Michigan Primary', 'USA_Michigan', '139230', 0.57, 'Natraj'),
	('5a573a19-da1b-4539-9723-ff000d8d05a6', '1e4569e9-f4e9-4250-905c-659473b11f22', 'Phase-3', 'Michigan Primary', 'USA_Michigan', '137200', 3.202, 'Ayyapan'),
	('5a69b140-4cbc-4756-8268-dc1491cf4c12', 'f544a78c-c96c-4df1-8e02-7aa11a6897df', 'Phase-3', 'Michigan Primary', 'USA_Michigan', '139326', 0.144, 'Jeeva'),
	('5a9a48e0-baeb-43d4-bd8e-523785f18b79', 'b9bb3cc6-bb3c-468f-a701-8d91b5bff1f0', 'Phase-3', 'Michigan Primary', 'USA_Michigan', '139247', 5.58, 'Natraj'),
	('5b60ac4f-673f-44b3-8df1-b76f11bd37a8', 'a1f0d987-ad45-4f4d-89d7-629034e073e1', 'Phase-3', 'Michigan Primary', 'USA_Michigan', '137200', 3.202, 'Ayyapan'),
	('5b6dc528-7510-4ea1-8994-28f2d5fd7dda', '3e74bda4-e751-4ef8-bd83-ce269815140b', 'Phase-3', 'Michigan Primary', 'USA_Michigan', '138419', 5.517, 'Ayyapan'),
	('5b8b53ef-6752-400c-9c96-70068ed479d3', '2879e3a4-2115-4e83-8691-5f41899aa42b', 'Phase-3', 'Michigan Primary', 'USA_Michigan', '137355', 2.624, 'Ayyapan'),
	('5c0625a0-0551-4547-a45e-c9690ef2aee3', '01501b6a-c7d0-498e-9d5f-a44677e67651', 'Phase-3', 'Michigan Primary', 'USA_Michigan', '139014', 2.343, 'Jeeva'),
	('5c4f90f9-eac0-43dc-bb69-f1003c6ff4db', 'ffbf7d90-fa02-44fd-af1b-3c16d2c243bf', 'Phase-3', 'Michigan Primary', 'USA_Michigan', '139328', 2.164, 'Natraj'),
	('5ceb0c52-471e-41de-b8b8-9bac9c83c797', 'c8a3d6cc-69d0-40c7-99d9-b7b97986c059', 'Phase-3', 'Michigan Primary', 'USA_Michigan', '138203', 0.486, 'Ayyapan'),
	('5d30ff7f-797b-4fb5-9cc4-d3830b6822f5', 'bd0185fa-db66-42fe-ac27-9b9f1337e600', 'Phase-3', 'Michigan Primary', 'USA_Michigan', '135254', 0.964, 'Ayyapan'),
	('5d7d8748-3db8-4d95-86fa-abee8b626527', '8cb53764-48f4-431f-96ea-1ed9f0747430', 'Phase-3', 'Michigan Primary', 'USA_Michigan', '137427', 4.356, 'Ayyapan'),
	('5df9b1a6-c520-4dbd-bd55-497eaed528f1', 'd58d5d85-3754-433b-b39d-1fa761896563', 'Phase-3', 'Michigan Primary', 'USA_Michigan', '139303', 2.504, 'Natraj'),
	('5e410df4-d0f6-452a-991d-1843c99594ea', 'c7b7ef6c-04ec-4f0a-a91d-a5b960f65a55', 'Phase-3', 'Michigan Primary', 'USA_Michigan', '139015', 0.056, 'Gandeeban'),
	('5e7be636-e44d-4e38-8d94-fee2a3187b60', 'afa44621-fc47-4917-ac93-b93e7517616f', 'Phase-3', 'Michigan Primary', 'USA_Michigan', '138437', 0.619, 'Jeeva'),
	('5fb9168f-5d23-4069-867f-808be42aa3ec', '4db08958-5722-4935-9b72-356381991851', 'Phase-3', 'Michigan Primary', 'USA_Michigan', '139004', 0.168, 'Jeeva'),
	('603630c0-0958-4f13-b805-854111041dfb', 'e85caf18-a0b9-4430-be50-476b9e1f8465', 'Phase-3', 'Michigan Primary', 'USA_Michigan', '138954', 3.057, 'Gandeeban'),
	('612ea299-b077-4519-922d-87fb62103dd6', 'a53525fd-7455-4380-a9bd-a7c4f575e136', 'Phase-3', 'Michigan Primary', 'USA_Michigan', '138340', 0.098, 'Ayyapan'),
	('620832b5-9aa6-46aa-b583-a15568b002a4', 'f45b90a4-41a8-4cc9-8dc5-a22cd3fd049e', 'Phase-3', 'Michigan Primary', 'USA_Michigan', '138933', 0.515, 'Jeeva'),
	('62187cb6-6a30-4df9-9d7a-e24f8a301d52', '5b51a464-1f3c-493d-8c40-6fe7f68348c0', 'Phase-3', 'Michigan Primary', 'USA_Michigan', '139315', 5.412, 'Gandeeban'),
	('62857051-b0a9-40ee-9045-7ba8e170327e', '6d9a4bed-4246-4159-85f8-2e05c39afa3d', 'Phase-3', 'Michigan Primary', 'USA_Michigan', '138971', 5.759, 'Jeeva'),
	('62d82035-a8f7-491a-a95b-d522826c4e30', 'ae33412d-b0ff-4c7d-9434-c8a15fd1902f', 'Phase-3', 'Michigan Primary', 'USA_Michigan', '137832', 2.029, 'Gandeeban'),
	('62e95af2-e2d7-4da4-bc77-99f4ad6e7d66', '9b0c6a5a-36f0-43a9-a6b3-a6f47684ca01', 'Phase-3', 'Michigan Primary', 'USA_Michigan', '139162', 2.845, 'Gandeeban'),
	('6306a29c-fd57-48a9-bd7d-347a31786a08', '76f6eb3c-0553-48eb-9ad8-507b87d5189f', 'Phase-3', 'Michigan Primary', 'USA_Michigan', '138925', 0.625, 'Natraj'),
	('63610122-1a71-460b-a90a-2e84cdf142c3', 'bdf17852-932c-4ffd-8a3e-73d084d34138', 'Phase-3', 'Michigan Primary', 'USA_Michigan', '138167', 2.023, 'Gandeeban'),
	('63be108f-61e6-4bbf-a339-ffd46a893f43', 'f91071ea-3e56-4b41-af27-669c3f4846e8', 'Phase-3', 'Michigan Primary', 'USA_Michigan', '139062', 2.01, 'Jeeva'),
	('642e89b1-12c7-449b-a483-b471e1ea27ad', '15e79dec-a9fc-4a83-8ac9-9f26dcf62016', 'Phase-3', 'Michigan Primary', 'USA_Michigan', '139223', 0.28, 'Jeeva'),
	('653e5ba6-fe25-49da-a9c0-39c5398cd0b9', '29f26354-c02d-4de3-9b34-effb09680c9c', 'Phase-3', 'Michigan Primary', 'USA_Michigan', '138314', 2.368, 'Gandeeban'),
	('657da80a-6132-4b25-ba5f-900a09f02133', '8da7ab84-8c15-4178-83bc-f66a5b375567', 'Phase-3', 'Michigan Primary', 'USA_Michigan', '139165', 0.304, 'Ayyapan'),
	('6632c55a-fcc0-43fd-b69d-fd298087b337', 'fc3c6843-36a5-4e32-a7e5-52cbf5855502', 'Phase-3', 'Michigan Primary', 'USA_Michigan', '139051', 0.034, 'Gandeeban'),
	('668f4d12-422f-4749-a23a-10d4bdd3be44', '0e3cea51-d42b-4d29-add7-a42df0f3371f', 'Phase-3', 'Michigan Primary', 'USA_Michigan', '138401', 4.723, 'Gandeeban'),
	('66d1b6a9-226e-4edf-8049-acf22f38e022', '89b054fd-6a0b-4b1d-9cf2-536a6573f5f8', 'Phase-3', 'Michigan Primary', 'USA_Michigan', '138313', 2.376, 'Ayyapan'),
	('678aeb2b-23af-4c4a-9610-aa4ca0bf1119', '2fdcd757-3457-4592-913a-f4276278c3e0', 'Phase-3', 'Michigan Primary', 'USA_Michigan', '139404', 3.076, 'Natraj'),
	('67ac3279-450c-4847-b267-681c7f86c429', 'cf0704fe-553b-459d-966e-79e8cdca4092', 'Phase-3', 'Michigan Primary', 'USA_Michigan', '139020', 3.619, 'Jeeva'),
	('68328e82-192c-4c18-b996-9ba0cc147e1e', '800d7d2d-f2e5-40a9-bff8-bd365b5c3e31', 'Phase-3', 'Michigan Primary', 'USA_Michigan', '139290', 2.199, 'Natraj'),
	('6840df6b-0329-46cd-8670-94d4f9b67ab8', 'ee81bf56-6a5f-41cd-81b6-73763583b3ea', 'Phase-3', 'Michigan Primary', 'USA_Michigan', '138307', 6.19, 'Ayyapan'),
	('68dda509-d0c3-4372-a405-c5e11dfc5286', 'aa98f421-b8b5-47b4-8de6-9a86cdbe4680', 'Phase-3', 'Michigan Primary', 'USA_Michigan', '139386', 2.261, 'Natraj'),
	('69cca299-7e5c-424f-8660-6a2cb2a25cbe', 'fcfbe2e7-69dd-4c3a-b588-68776f020f44', 'Phase-3', 'Michigan Primary', 'USA_Michigan', '139242', 3.118, 'Natraj'),
	('6a6410c9-0ede-4aca-ab4b-433c8c41ef7e', '9a91b89e-f302-4193-8b68-433fb2c574f5', 'Phase-3', 'Michigan Primary', 'USA_Michigan', '139166', 0.279, 'Ayyapan'),
	('6ad2aeee-f392-485f-b9ac-1c4d7da047c0', 'ee949b94-1d72-4b4a-8b72-ed0613670530', 'Phase-3', 'Michigan Primary', 'USA_Michigan', '139011', 2.292, 'Jeeva'),
	('6adc7ccf-4b3c-4600-b118-cf185f1f40e6', '9d94c1c1-cc39-4a6c-aa0e-7fde749d46e7', 'Phase-3', 'Michigan Primary', 'USA_Michigan', '139267', 6.077, 'Natraj'),
	('6af9688d-a765-49d5-a4e7-2ab47e590768', '57d8a286-7661-4a2f-94ff-80230a7e4f29', 'Phase-3', 'Michigan Primary', 'USA_Michigan', '138886', 2.797, 'Gandeeban'),
	('6cfe23e8-607c-4dc4-aa2c-be7f11a28631', 'a00412b5-4df0-463c-985b-ef022abe2c3a', 'Phase-3', 'Michigan Primary', 'USA_Michigan', '138199', 2.783, 'Ayyapan'),
	('6d9a6b71-4bcc-45c4-8aa2-3b036b4b83fb', 'ddef7055-91d0-4e17-9540-4d6348e711a7', 'Phase-3', 'Michigan Primary', 'USA_Michigan', '139056', 2.228, 'Gandeeban'),
	('6dbd62e9-dbe5-4118-af2d-aa5c29a2d9fb', '42d1f362-4cdd-4ba9-88b6-d73287101f1d', 'Phase-3', 'Michigan Primary', 'USA_Michigan', '138303', 5.761, 'Gandeeban'),
	('6ddf161e-aa29-45fe-93fe-8298c2e89120', '4c994a20-9b03-489f-908b-1aa1e1c9b06b', 'Phase-3', 'Michigan Primary', 'USA_Michigan', '138390', 0.673, 'Jeeva'),
	('6df1933c-2273-4dc3-977d-f9e1f296c77c', '348af0a7-8de7-4edf-8f53-657747053399', 'Phase-3', 'Michigan Primary', 'USA_Michigan', '139375', 3.539, 'Jeeva'),
	('6dfa56bb-6598-47ba-adec-39fbd5bae9b4', 'e6a913d8-0f1b-4438-8b9c-91ece20a25ba', 'Phase-3', 'Michigan Primary', 'USA_Michigan', '139440', 2.289, 'Natraj'),
	('6e2047ca-7654-4ef5-88ba-38602d969933', '4b5ca8b3-537b-4020-b59e-f00baf441532', 'Phase-3', 'Michigan Primary', 'USA_Michigan', '139269', 6.076, 'Natraj'),
	('6ee2254c-6cf0-457e-930d-be8a1c18751f', '3d31dade-c5d4-4c18-bceb-3efc3c14e731', 'Phase-3', 'Michigan Primary', 'USA_Michigan', '137378', 2.46, 'Ayyapan'),
	('6f06012e-c626-4ebd-a85e-deb3d68550f7', 'a0dba070-a564-4300-8dd1-772eaf3a38ac', 'Phase-3', 'Michigan Primary', 'USA_Michigan', '139164', 0.433, 'Ayyapan'),
	('7051783e-4774-4915-ae21-4916fb5e864e', '23a238f0-7d35-4576-965c-1f28f71b0990', 'Phase-3', 'Michigan Primary', 'USA_Michigan', '139429', 5.169, 'Jeeva'),
	('70a769ac-3e2a-4205-99b7-991d43678447', '771deac4-0939-47be-b2d3-04a950cbf351', 'Phase-3', 'Michigan Primary', 'USA_Michigan', '137425', 4.199, 'Ayyapan'),
	('70bff016-acd0-444c-8904-a817bd04dd31', '3a4e515c-de60-435a-a310-d6297705af88', 'Phase-3', 'Michigan Primary', 'USA_Michigan', '138410', 5.113, 'Gandeeban'),
	('70d91ba2-d4b3-4258-a781-257ccbdfa8a0', '015d679f-98bf-4948-afd4-0c82b988d624', 'Phase-3', 'Michigan Primary', 'USA_Michigan', '138411', 6.213, 'Gandeeban'),
	('70de51e1-cb63-48a3-b127-900646561ac6', 'b0dbe0b4-ed6b-467b-81f7-b0a24515ca6f', 'Phase-3', 'Michigan Primary', 'USA_Michigan', '139209', 2.033, 'Natraj'),
	('71521685-d7d9-41ed-8249-e2c90be47487', '2f59d110-b3da-45d7-a641-081a141d846b', 'Phase-3', 'Michigan Primary', 'USA_Michigan', '139003', 0.253, 'Jeeva'),
	('718c3d82-469d-4cf7-8e8a-a954781b01d1', 'ab84e47e-2c8c-4a2c-9050-1b570a3e9227', 'Phase-3', 'Michigan Primary', 'USA_Michigan', '138914', 0.521, 'Jeeva'),
	('71df552b-c12b-4c0f-b526-94b52b530639', '9d754f89-0109-4a57-bc8c-f8256e83180d', 'Phase-3', 'Michigan Primary', 'USA_Michigan', '139333', 2.01, 'Jeeva'),
	('71f0f3b3-4846-41e2-9e09-2fb4a19d8f98', 'b37bdfdb-f7fc-4fbe-8c90-abe0be1aa702', 'Phase-3', 'Michigan Primary', 'USA_Michigan', '139226', 0.202, 'Natraj'),
	('725349ce-342a-409b-809d-12c2a4045818', 'b84101e5-e6ef-4f70-aac2-3eb3eeb52045', 'Phase-3', 'Michigan Primary', 'USA_Michigan', '138961', 4.368, 'Jeeva'),
	('738dc8ad-575a-4f76-9e01-bbf11c8a3371', 'ebeab0e5-11da-40b9-a8ea-89e766ef694e', 'Phase-3', 'Michigan Primary', 'USA_Michigan', '137392', 5.274, 'Ayyapan'),
	('742ced24-c2da-4d55-98b5-4fce316011e2', 'cad390f2-6442-4646-85e2-821bcc81a6c5', 'Phase-3', 'Michigan Primary', 'USA_Michigan', '138347', 0.088, 'Ayyapan'),
	('7439848a-204c-43bc-bccc-1d4269eabf94', '5af8581d-a86b-4edf-92fe-834413ceea9e', 'Phase-3', 'Michigan Primary', 'USA_Michigan', '137368', 5.454, 'Ayyapan'),
	('74449ae7-c52e-4a7e-b9ca-7532aca10ab1', 'e5090ab7-df11-487c-91f8-a647810bdd9a', 'K.Mohan', 'Michigan Primary', 'USA_Michigan', '137358', 5.746, 'Ayyapan'),
	('74d0d135-2fbf-40d7-b91b-2443d33f79e4', '0ecca239-124b-42ff-aadd-9225aeeaddc7', 'Phase-3', 'Michigan Primary', 'USA_Michigan', '137803', 2.004, 'Gandeeban'),
	('75ad1775-10bb-4d59-8ffe-8c23587e4f7c', '25e51e36-5dce-4780-b1d3-c6590bc854db', 'Phase-3', 'Michigan Primary', 'USA_Michigan', '139436', 5.184, 'Jeeva'),
	('75e58e0b-752a-4157-8fc5-0d2f68e2d70e', '2d0ea775-ac70-4cfc-accd-394e662293a0', 'Phase-3', 'Michigan Primary', 'USA_Michigan', '138923', 0.084, 'Jeeva'),
	('75ffae1d-5f9d-4445-a71b-bbddcc0317a5', '9e740d4f-4fd8-46bb-9641-add88d6bfba4', 'Phase-3', 'Michigan Primary', 'USA_Michigan', '137344', 5.136, 'Gandeeban'),
	('761937e8-a539-45a9-82e2-89368ed36d75', '47938839-8415-4991-9f07-e53d0ec076cc', 'Phase-3', 'Michigan Primary', 'USA_Michigan', '138862', 4.231, 'Ayyapan'),
	('7655a3ce-e40a-4faf-94de-3d8bce9471ba', '53251a20-0253-4f27-925f-feffd36a3175', 'Phase-3', 'Michigan Primary', 'USA_Michigan', '135630', 2.236, 'Ayyapan'),
	('76a471b4-058f-49e2-afa3-25af055993f4', '25a73be8-3cda-4529-aede-71d8fe763d3e', 'Phase-3', 'Michigan Primary', 'USA_Michigan', '139221', 0.221, 'Jeeva'),
	('77101f80-a01c-4b5c-bd95-b491a7beb69b', '81e37ba9-8548-499e-8407-2aeef04ab6e0', 'Phase-3', 'Michigan Primary', 'USA_Michigan', '139314', 5.421, 'Gandeeban'),
	('789e6ba0-dc79-4158-9344-03a6b5075768', 'dc72dc0f-904a-4320-b16f-41c3b55545e2', 'Phase-3', 'Michigan Primary', 'USA_Michigan', '137344', 5.136, 'Gandeeban'),
	('7949474a-9a53-4560-9c26-5823e990ffe3', 'd9b1909b-beff-45b1-91d5-03d578e17802', 'Phase-3', 'Michigan Primary', 'USA_Michigan', '138967', 2.861, 'Natraj'),
	('797c0959-335a-43b0-b744-ace445832d98', '5d440498-0de2-474c-b14a-a1a8f6fa5965', 'K.Mohan', 'Michigan Primary', 'USA_Michigan', '137358', 5.746, 'Ayyapan'),
	('79a99ad6-0810-4e3f-a730-0cdca6eb45d9', 'ebc44085-7776-42ce-89b5-2681d1365a9f', 'Phase-3', 'Michigan Primary', 'USA_Michigan', '138185', 0.999, 'Gandeeban'),
	('7ae59dad-6127-422a-a4c2-d0701182e2f9', '8e6808af-58c8-4ef9-b935-b71540e1b7e1', 'Phase-3', 'Michigan Primary', 'USA_Michigan', '138169', 0.438, 'Gandeeban'),
	('7aef341f-bad2-49ce-96fd-aa5c91385db9', '821b05e0-75d6-4732-b8f5-d7945fa5079f', 'Phase-3', 'Michigan Primary', 'USA_Michigan', '139390', 3.178, 'Natraj'),
	('7bb3606b-aa01-455c-b370-a45a4979fb7a', 'a5108652-f4b7-4b99-bb10-424588240acb', 'Phase-3', 'Michigan Primary', 'USA_Michigan', '139328', 2.164, 'Natraj'),
	('7bf99bcb-8b92-4304-96b0-1c5e39aaa6b3', '37f32838-10b0-47e1-96bf-a17240fb4fb6', 'Phase-3', 'Michigan Primary', 'USA_Michigan', '139247', 5.58, 'Natraj'),
	('7cb626dd-f1c0-4857-9fbc-37ca5bf1f5bc', 'f46b376c-0abc-4b0b-945b-966263e05105', 'Phase-3', 'Michigan Primary', 'USA_Michigan', '137368', 5.454, 'Ayyapan'),
	('7d2e6ca9-ea24-49ab-9db9-a8f3ebf05e8d', '2a35b2fa-a96b-410e-9a45-4f81b3b3206f', 'Phase-3', 'Michigan Primary', 'USA_Michigan', '139077', 3.109, 'Jeeva'),
	('7d52a251-2455-4e70-ba47-de4de423bb31', 'd4624b78-b319-4e87-9fd3-526cb3e9ae2f', 'Phase-3', 'Michigan Primary', 'USA_Michigan', '138428', 2.059, 'Jeeva'),
	('7d932910-114f-4010-bea1-b9c46d57d06f', '5f6ef0e2-d179-47fc-8a55-1674ae1ceb82', 'Phase-3', 'Michigan Primary', 'USA_Michigan', '138185', 0.999, 'Gandeeban'),
	('7e79eb7c-eb8a-4f6c-a7b8-2f34b65b489b', 'f05d88f6-db44-4b84-bca3-6813a9734cb0', 'Phase-3', 'Michigan Primary', 'USA_Michigan', '139282', 3.76, 'Natraj'),
	('7eb21edf-1eef-4e2a-83ae-06bd01f7abc5', 'a1762f2d-0356-4a2f-990d-e5f737fd387e', 'Phase-3', 'Michigan Primary', 'USA_Michigan', '138933', 0.515, 'Jeeva'),
	('7f052d99-1f5d-431a-925c-0b68e1a5cf58', '9a5d8cab-30a7-4bc9-b1b5-96536518fee7', 'Phase-3', 'Michigan Primary', 'USA_Michigan', '137801', 2.317, 'Gandeeban'),
	('7f5b4172-fbc4-4148-9653-f7ef4b7e219d', 'bb1cfc78-959d-4dce-9bb0-67748a48970e', 'Phase-3', 'Michigan Primary', 'USA_Michigan', '138863', 2.467, 'Gandeeban'),
	('81775985-cea0-482e-a018-32f2c5cf0801', '9d858c8a-1bfe-44e2-bdba-5ebb2e9699b9', 'Phase-3', 'Michigan Primary', 'USA_Michigan', '137801', 2.317, 'Gandeeban'),
	('817a2831-6852-443b-b21f-4901dc9a89d8', '7a7969b2-0939-4517-97ad-89b067e30242', 'Phase-3', 'Michigan Primary', 'USA_Michigan', '139065', 0.078, 'Gandeeban'),
	('8192922b-8144-4b91-91aa-1eb645e6a970', '73131682-76d2-40bf-ac75-9b5269bfe7c0', 'Phase-3', 'Michigan Primary', 'USA_Michigan', '139221', 0.221, 'Jeeva'),
	('81aa3c56-90de-4e18-afa1-2b31e63bc2dc', '5fef4dfa-9422-4a50-b2e8-7185bdade2da', 'Phase-3', 'Michigan Primary', 'USA_Michigan', '139079', 0.165, 'Gandeeban'),
	('81b00756-1d31-4489-8e5a-9d437fdfe69d', 'ec04dc22-7787-4eee-b7bf-ea67593f84dd', 'Phase-3', 'Michigan Primary', 'USA_Michigan', '138862', 4.231, 'Ayyapan'),
	('81f6d6b7-35ef-491e-a04e-04b13a6d1260', 'c5c33b81-7256-49fa-a0fe-49236fd7d946', 'Phase-3', 'Michigan Primary', 'USA_Michigan', '139282', 3.76, 'Natraj'),
	('82808d33-6adf-4b4c-bd37-14b08135669e', '3a538caa-6dae-4ddc-8930-8b73fa72fe1a', 'Phase-3', 'Michigan Primary', 'USA_Michigan', '138197', 2.016, 'Ayyapan'),
	('83280c72-88f2-4b29-b613-fd8a7a9c04cb', '262f36c6-9420-4880-83a0-f273aa54a2f0', 'Phase-3', 'Michigan Primary', 'USA_Michigan', '138341', 2.783, 'Gandeeban'),
	('838a8e1a-8ce0-4088-b4b9-05b03358ebe2', '34a1733a-3ab8-42c5-b73a-178de8b7c7db', 'Phase-3', 'Michigan Primary', 'USA_Michigan', '137397', 2.579, 'Ayyapan'),
	('83dd724e-9552-409f-b2e0-39b3408c7a48', '1b6c692d-a502-4169-a1a5-57d0fefb4e1b', 'Phase-3', 'Michigan Primary', 'USA_Michigan', '139002', 0.248, 'Gandeeban'),
	('83fcf131-3511-4f36-bf46-4cec9039eadb', '88e6ef0c-90b8-445d-95d5-9526b1e4b490', 'Phase-3', 'Michigan Primary', 'USA_Michigan', '138199', 2.783, 'Ayyapan'),
	('8457e8a5-f398-47a1-b6f1-faf2f801a1ea', '5e3ca203-0576-4b8e-9efe-33604a099ec1', 'Phase-3', 'Michigan Primary', 'USA_Michigan', '139356', 2.31, 'Jeeva'),
	('84b463a8-f4f0-4c2f-9b18-8c20bd3b6efd', '25c4a735-9c07-48f7-845e-1e4ebd7e89e5', 'Phase-3', 'Michigan Primary', 'USA_Michigan', '138432', 3.529, 'Gandeeban'),
	('8571a63d-3dd0-40b8-a9d8-8ea0f923c6f1', 'ed96dd7c-61cf-4612-86d4-9176fc54c5e7', 'Phase-3', 'Michigan Primary', 'USA_Michigan', '138197', 2.016, 'Ayyapan'),
	('85f1ce70-37d5-4a99-959b-2f12b3945fc9', '294555e5-536c-449a-8985-21ba271c3356', 'Phase-3', 'Michigan Primary', 'USA_Michigan', '137360', 2.581, 'Ayyapan'),
	('8624fe59-e0b0-47d0-b31a-1f029cd0f4af', 'de22d764-c6a6-4f89-842f-f209e8de4ddd', 'Phase-3', 'Michigan Primary', 'USA_Michigan', '138922', 0.594, 'Natraj'),
	('8631c6f8-9a1b-490a-847b-d7c23143e817', 'debb8fac-0e18-4d72-be2d-259a2bbc0988', 'Phase-3', 'Michigan Primary', 'USA_Michigan', '138967', 2.861, 'Natraj'),
	('86735f02-2a90-4130-a250-e2bd0211cd3e', '04d12900-1848-43b3-8813-7deec4200963', 'Phase-3', 'Michigan Primary', 'USA_Michigan', '137202', 5.136, 'Ayyapan'),
	('8679cfd7-3b3a-4fa7-b66c-ac7615053f24', 'f504c299-b834-4809-990d-8e5a245072b8', 'Phase-3', 'Michigan Primary', 'USA_Michigan', '139220', 0.398, 'Jeeva'),
	('875521a6-0b57-4121-bf8f-051c4cbbdf5d', '9481b764-2194-408b-b3d1-7ec4111b517d', 'Phase-3', 'Michigan Primary', 'USA_Michigan', '139436', 5.184, 'Jeeva'),
	('878c3db9-2795-458d-8c71-3e1be5777f18', '9a05d769-f4d2-4845-a7bb-acaca7d8952a', 'Phase-3', 'Michigan Primary', 'USA_Michigan', '138172', 0.443, 'Gandeeban'),
	('87b9bd73-c678-4a14-81a8-88bd1f20fdd1', '2531d6d4-32df-4187-b37d-a856241fa3b6', 'Phase-3', 'Michigan Primary', 'USA_Michigan', '137832', 2.029, 'Gandeeban'),
	('8824ec01-e377-4633-8796-618ba435ef0c', '915b4535-9cd6-41d4-9c94-24b1fecb4292', 'Phase-3', 'Michigan Primary', 'USA_Michigan', '139214', 0.047, 'Natraj'),
	('887d6c6b-897f-4a02-ab6d-9ba6138575c6', '7a55d5a1-0777-4844-9c07-f9908de6d58b', 'Phase-3', 'Michigan Primary', 'USA_Michigan', '139163', 2.759, 'Gandeeban'),
	('8887f137-2334-4db5-ac92-82bb8006c7ce', 'df2d8cce-7b7d-4244-9deb-7026bb3f6ced', 'Phase-3', 'Michigan Primary', 'USA_Michigan', '139362', 3.978, 'Natraj'),
	('8940a67d-1020-4fd2-ae5f-6a8380146120', 'aa448070-3d65-47f1-a184-151380ce0219', 'Phase-3', 'Michigan Primary', 'USA_Michigan', '137397', 2.579, 'Ayyapan'),
	('89a9cc8f-30e8-498e-8be0-0c9362d975cc', 'f858eef8-721a-4e4f-8989-7632e642e3f0', 'Phase-3', 'Michigan Primary', 'USA_Michigan', '139436', 5.184, 'Jeeva'),
	('89fd9317-2ef2-421c-ba0b-d5c3abed04ae', 'd5b9c5c7-5dfa-4392-98f1-4bb3253b0bfa', 'Phase-3', 'Michigan Primary', 'USA_Michigan', '139177', 2.292, 'Jeeva'),
	('8a7e40e7-7a84-46d1-86b6-ffa715dafc5f', '3b9da55a-6076-4e93-b128-56da1b8047dc', 'Phase-3', 'Michigan Primary', 'USA_Michigan', '139310', 3.475, 'Gandeeban'),
	('8ae0f3b7-2d50-4457-804f-695a4319dc7f', '259e5fd2-e2a3-472d-a912-e642e6e62c5b', 'Phase-3', 'Michigan Primary', 'USA_Michigan', '138931', 0.499, 'Natraj'),
	('8b42c9d1-67ed-499d-9aae-0a66303ff7ff', 'dbb96df9-61ef-46ac-bd58-0e67dea548db', 'Phase-3', 'Michigan Primary', 'USA_Michigan', '139433', 0.177, 'Natraj'),
	('8ba63028-5644-4a8e-a408-15eaa153820f', 'e3a8d465-43c7-4fef-8ca2-62a8a7e293ba', 'Phase-3', 'Michigan Primary', 'USA_Michigan', '137413', 0.656, 'Ayyapan'),
	('8c58072a-a79f-45e7-a676-1ef69289a113', '618eba90-d950-41aa-8a23-047ad98b5b93', 'Phase-3', 'Michigan Primary', 'USA_Michigan', '138915', 3.612, 'Jeeva'),
	('8c951abf-ddf9-4ea6-8134-ff9bad0e71a3', 'd8e348ff-2083-47e0-86ae-148577e4c99c', 'Phase-3', 'Michigan Primary', 'USA_Michigan', '138871', 3.058, 'Ayyapan'),
	('8d250ada-67f0-4f18-b071-b1387e1d04e2', '3071a5e3-2343-472a-8965-370f66d1c355', 'Phase-3', 'Michigan Primary', 'USA_Michigan', '139318', 0.355, 'Natraj'),
	('8e1f4add-6e56-485b-9cec-68553a6a5430', '835f974f-1084-4cdb-b44a-71e08144c722', 'Phase-3', 'Michigan Primary', 'USA_Michigan', '139002', 0.248, 'Gandeeban'),
	('8e42c5a6-2750-466d-83b3-1149a46bbea1', '44e363c6-3712-4273-8b16-63bec808ce9a', 'Phase-3', 'Michigan Primary', 'USA_Michigan', '138436', 3.622, 'Gandeeban'),
	('8e4f0b79-ed07-46d7-9f2e-b80bd586852f', '3009e421-45f0-487e-8a67-57e5155c6e0d', 'Phase-3', 'Michigan Primary', 'USA_Michigan', '139411', 2.884, 'Natraj'),
	('8e61c5de-dd64-420d-983f-3550b5d7787e', '9f793e02-b48f-4ea7-b693-a7ec95b05da6', 'Phase-3', 'Michigan Primary', 'USA_Michigan', '139438', 3.815, 'Jeeva'),
	('8e968a19-d005-4f3c-af56-494895df1a69', 'fba6e176-c08a-4e9c-a55e-de88b88b463c', 'Phase-3', 'Michigan Primary', 'USA_Michigan', '139218', 0.286, 'Natraj'),
	('8ede47d1-dc01-42c4-bd06-a9ba7620f836', '9277282e-ebd0-49c3-80fc-95166539c222', 'Phase-3', 'Michigan Primary', 'USA_Michigan', '139282', 3.76, 'Natraj'),
	('8ffe064d-7e9a-4fee-82bf-83325f3bac45', 'c96175cc-4b9d-4669-ae1d-8cb4093eec38', 'Phase-3', 'Michigan Primary', 'USA_Michigan', '139439', 2.285, 'Natraj'),
	('90a7fd67-3c28-4c09-95ec-dda3ddb3e4ce', '23657122-94af-492a-b8b6-a4678c30250b', 'Phase-3', 'Michigan Primary', 'USA_Michigan', '135395', 3.148, 'Ayyapan'),
	('91045100-737b-4abc-85cd-977cc0dde8e5', 'ec08577a-ea12-4958-9377-f8ff3d879005', 'Phase-3', 'Michigan Primary', 'USA_Michigan', '138346', 0.178, 'Ayyapan'),
	('91081346-7fc4-494c-b4a4-ec0b2b9c03ec', '3bfd73a4-2eca-4918-ad6b-b719c8d98a0f', 'Phase-3', 'Michigan Primary', 'USA_Michigan', '139267', 6.077, 'Natraj'),
	('912253b0-76fa-4692-bd5f-f112914d076a', '0053d3e3-d9c9-4792-97b9-68ed6767f0c6', 'Phase-3', 'Michigan Primary', 'USA_Michigan', '138960', 2.788, 'Jeeva'),
	('91f39004-0816-4696-98fe-a052e409888e', '4342c4c0-9cf7-43d2-acaa-0c1f61aadf99', 'Phase-3', 'Michigan Primary', 'USA_Michigan', '139362', 3.978, 'Natraj'),
	('92c55b03-8c8b-47b3-8b5d-ca706da56f2d', '6286d8a8-f287-492b-ba44-5383d22b1ab9', 'Phase-3', 'Michigan Primary', 'USA_Michigan', '139009', 2.712, 'Jeeva'),
	('92c99ced-8ecb-40eb-aed5-09bae254b29b', '8e363e9e-0b99-4df8-9194-bb81549dde55', 'Phase-3', 'Michigan Primary', 'USA_Michigan', '139356', 2.31, 'Jeeva'),
	('92f25298-51b1-4ffa-9167-a1c014612346', '591ebc8d-f577-4ed7-b057-869e2ce7d0fc', 'Phase-3', 'Michigan Primary', 'USA_Michigan', '139167', 0.394, 'Gandeeban'),
	('93b96887-34f9-4e18-9cd5-6f6aeb744817', '4d88f3d8-6ce7-445e-88a0-c89068ae2bfe', 'Phase-3', 'Michigan Primary', 'USA_Michigan', '138437', 0.619, 'Jeeva'),
	('946fe5ed-4ed0-4e85-8c07-3d8c513a6751', '76705a6a-3a8a-4add-bed4-8abcc7713f27', 'Phase-3', 'Michigan Primary', 'USA_Michigan', '139310', 3.475, 'Gandeeban'),
	('94b59e90-bae3-499d-9adc-39608c8ce83e', '6b98f77a-78d9-4bf6-b951-3239e1790ca7', 'Phase-3', 'Michigan Primary', 'USA_Michigan', '138185', 0.999, 'Gandeeban'),
	('951d08ce-a68f-43af-abdf-4e816824c3a3', '13e88e59-e941-4b98-a1f6-84fd445cc403', 'Phase-3', 'Michigan Primary', 'USA_Michigan', '139260', 0.052, 'Jeeva'),
	('95bb8e11-7650-4973-a934-450bacd1e9a4', '1b6080ec-9b79-4170-bf4e-f5d20c217fc9', 'Phase-3', 'Michigan Primary', 'USA_Michigan', '139283', 2.771, 'Gandeeban'),
	('95ca4ae0-7a4c-4118-913f-0e610d6bc6e8', '07d6b823-a74b-4639-9a2a-f8c7640d9a29', 'Phase-3', 'Michigan Primary', 'USA_Michigan', '139242', 3.118, 'Natraj'),
	('95f9020a-621f-4d27-8f1d-c71fa2069316', 'c23452e0-9aa5-4fa2-a222-484fe47bdc0d', 'Phase-3', 'Michigan Primary', 'USA_Michigan', '139390', 3.178, 'Natraj'),
	('9642f4d8-1934-40ad-bc30-b2c42f54d92b', '1c7d282a-168c-42fb-93ba-ab0207e182b4', 'Phase-3', 'Michigan Primary', 'USA_Michigan', '138997', 4.279, 'Jeeva'),
	('96c3c414-6e31-4d22-88be-155fe0770ac9', '4e4ae9bd-5c32-483b-b8a5-43b01fb54b15', 'Phase-3', 'Michigan Primary', 'USA_Michigan', '137202', 5.136, 'Ayyapan'),
	('97a24a71-fbb8-4f34-8128-96c49ae618a0', '4c0135d4-881c-413c-844d-7772621d4968', 'Phase-3', 'Michigan Primary', 'USA_Michigan', '139250', 3.982, 'Jeeva'),
	('983ae80d-7b5e-4f56-a6b5-4acead3c5469', '5e5b49d0-0a88-4001-8a9a-73431db61188', 'Phase-3', 'Michigan Primary', 'USA_Michigan', '139429', 5.169, 'Jeeva'),
	('98a3b9eb-a317-4755-88b5-14546b6c0a25', '8690c187-90d4-4e2f-9aaf-fb77aedab170', 'Phase-3', 'Michigan Primary', 'USA_Michigan', '139065', 0.078, 'Gandeeban'),
	('98fbe2e3-1cf9-4b3a-b824-48343d77a9c8', 'bb36b34a-53d3-45c4-a339-3f2a565c23ea', 'Phase-3', 'Michigan Primary', 'USA_Michigan', '139175', 0.681, 'Gandeeban'),
	('9af223e7-99af-4900-8578-ab6a9ba31087', '54a5d70b-3e14-4f20-8188-ea3da67686dd', 'Phase-3', 'Michigan Primary', 'USA_Michigan', '139225', 0.205, 'Natraj'),
	('9b345f63-9fd5-4be9-8cbb-603d12e309b8', '0af23493-f9c9-4a56-9b2c-60b1d419ffad', 'Phase-3', 'Michigan Primary', 'USA_Michigan', '135654', 3.191, 'Gandeeban'),
	('9b411d02-a2e4-4d91-b396-4fe568875e69', 'aeaa69b5-27a2-4adb-8dd2-b0d98b96ec49', 'Phase-3', 'Michigan Primary', 'USA_Michigan', '137412', 0.67, 'Ayyapan'),
	('9bd1b46b-7d53-46b3-b1a8-a6ac7213581b', 'a5e5c19c-a9fd-4d91-8048-7085958ea295', 'Phase-3', 'Michigan Primary', 'USA_Michigan', '138345', 0.095, 'Ayyapan'),
	('9bf3a9ed-daae-4e61-9231-0bcee9e22e1a', '88bb63a4-6f3c-4233-acd0-3ac009b47041', 'Phase-3', 'Michigan Primary', 'USA_Michigan', '139209', 2.033, 'Natraj'),
	('9c51a5a0-1238-4e9e-a72c-d917ccf01f00', '0a270d8a-049c-43d6-8664-407d835f7949', 'Phase-3', 'Michigan Primary', 'USA_Michigan', '138971', 5.759, 'Jeeva'),
	('9c9bb2df-daad-4e38-9acb-f3e9f7c94ab7', '5efe6770-8315-4784-9501-bd02c2848ad4', 'Phase-3', 'Michigan Primary', 'USA_Michigan', '139306', 3.469, 'Gandeeban'),
	('9cb34546-9666-48d2-8875-f1e73ed096e4', 'ec6dc456-f5d4-4a3b-95bd-10a226976e3d', 'Phase-3', 'Michigan Primary', 'USA_Michigan', '139168', 3, 'Jeeva'),
	('9cfd0b3e-94ff-413c-bce7-ee3d815c4a85', '64b46ad3-9532-4d5b-94bd-8fe428a64292', 'Phase-3', 'Michigan Primary', 'USA_Michigan', '138436', 3.622, 'Gandeeban'),
	('9e191b5d-f36d-4ba7-be54-d71a60420793', 'e6bb8ae3-be5d-49af-949a-2dd6994a91e6', 'Phase-3', 'Michigan Primary', 'USA_Michigan', '139409', 2.283, 'Natraj'),
	('9ec88e0f-29c3-4c55-bc72-aa992c58beee', '95d24de4-b99e-4a13-8446-8f90e516584d', 'Phase-3', 'Michigan Primary', 'USA_Michigan', '138971', 5.759, 'Jeeva'),
	('9edf78e7-7978-40ee-9869-9336dd5d2e8d', '19dc896f-7485-4938-9bc4-e7a73f32015c', 'Phase-3', 'Michigan Primary', 'USA_Michigan', '139386', 2.261, 'Natraj'),
	('9f40282c-f1bd-46c7-8e18-a5eed85ade2b', 'd4e3ccc7-f20a-4b5a-8158-dddb8fc52670', 'Phase-3', 'Michigan Primary', 'USA_Michigan', '137472', 4.123, 'Gandeeban'),
	('9f572b92-cbe2-4291-8267-8a5c527e9c69', '197668e1-f25f-4165-b683-d89537f94336', 'Phase-3', 'Michigan Primary', 'USA_Michigan', '139289', 3.193, 'Jeeva'),
	('9fd2876a-268e-4821-acdc-5dcf025c7fa5', '557a4a58-0d47-4ca9-a152-189907a0f51b', 'Phase-3', 'Michigan Primary', 'USA_Michigan', '139440', 2.289, 'Natraj'),
	('a057639c-b598-4a24-9894-99c23538b108', 'b026a3fe-3923-4ef7-b155-d1a3ed23047b', 'Phase-3', 'Michigan Primary', 'USA_Michigan', '139406', 8.558, 'Natraj'),
	('a0bf63aa-d8e2-4d47-832d-1204c012b499', 'bc70d980-8514-4eb5-9b99-71b544d0f38d', 'Phase-3', 'Michigan Primary', 'USA_Michigan', '137386', 5.99, 'Ayyapan'),
	('a0dc0acd-1db1-4d0d-a67b-a0b5073fd769', 'e229c01a-09e0-4d97-a33e-5c9892052fb3', 'Phase-3', 'Michigan Primary', 'USA_Michigan', '139393', 2.771, 'Natraj'),
	('a122068c-225b-455b-a361-b8e5396d59dc', '2dd2b358-8128-4dec-a90a-4801ee6ee93f', 'Phase-3', 'Michigan Primary', 'USA_Michigan', '135686', 4.258, 'Ayyapan'),
	('a12d181b-aaab-4200-8251-ec18cc3495e2', 'd73639a9-6a3a-4be3-ab95-48c76b7fe2ff', 'Phase-3', 'Michigan Primary', 'USA_Michigan', '137386', 5.99, 'Ayyapan'),
	('a13191bb-fcc4-4d56-b2f9-5fd283f5c350', '12684a8d-c1a8-4980-8e4a-50b01e8c5837', 'Phase-3', 'Michigan Primary', 'USA_Michigan', '139299', 2.587, 'Jeeva'),
	('a15557c5-02a5-4abe-b43b-6687d2f0aace', 'f9e6675d-86d3-4384-8c70-003e2428125e', 'Phase-3', 'Michigan Primary', 'USA_Michigan', '138956', 4.479, 'Jeeva'),
	('a1618059-ba1d-473f-9f0b-0d1705466ed9', '0a7cdff2-f5af-4882-b9e3-2bb17c59af24', 'Phase-3', 'Michigan Primary', 'USA_Michigan', '139363', 6.193, 'Gandeeban'),
	('a178a2ea-576c-47c6-b408-f857c05bd098', '2df0cdf5-622a-4f24-b2e4-b38b2bbb972f', 'Phase-3', 'Michigan Primary', 'USA_Michigan', '138166', 0.502, 'Gandeeban'),
	('a1c21839-3c29-4490-873d-ca0030a15847', '14d795ae-e1ba-4b36-a4ac-0da159eb123f', 'Phase-3', 'Michigan Primary', 'USA_Michigan', '138348', 0.06, 'Ayyapan'),
	('a24ad90d-ea83-491c-a85f-b5b4fbc0a751', 'affdf894-1912-42f8-84f5-a41224bd75b1', 'Phase-3', 'Michigan Primary', 'USA_Michigan', '139004', 0.168, 'Jeeva'),
	('a29e5432-5355-4243-bccf-cc77d47a0a60', '6b55200e-565d-4a17-ae61-199c3acd5915', 'Phase-3', 'Michigan Primary', 'USA_Michigan', '138955', 2.38, 'Jeeva'),
	('a2c5c098-fefd-4564-9f3f-6645f3313e60', '4e7a6a83-ca3c-47a5-b63e-b36e7f60161c', 'Phase-3', 'Michigan Primary', 'USA_Michigan', '138954', 3.057, 'Gandeeban'),
	('a31622c1-61bf-44b4-8c68-1ac40d99d3f3', '2d583503-0570-42d1-887f-163d85d8a444', 'Phase-3', 'Michigan Primary', 'USA_Michigan', '135795', 2.939, 'Ayyapan'),
	('a37f4278-5831-4368-97f3-bfc0bc7f1156', '70f0473f-b168-4549-ab63-3a88f3e6aab4', 'Phase-3', 'Michigan Primary', 'USA_Michigan', '139361', 3.588, 'Natraj'),
	('a385c172-284b-4860-a8fc-dc5f69bac554', '5a23d80f-849d-43d4-ab80-091a814d5a3a', 'Phase-3', 'Michigan Primary', 'USA_Michigan', '139210', 0.114, 'Natraj'),
	('a38cba09-4d39-4b7d-b39c-311651b2950e', '8fa5ead1-ed6a-4855-a4a0-720bae8d87b6', 'Phase-3', 'Michigan Primary', 'USA_Michigan', '138167', 2.023, 'Gandeeban'),
	('a4997b1f-00ba-4db1-a517-943b8d2cc8b6', 'c17e5394-13bd-487d-a607-d4961794f78a', 'Phase-3', 'Michigan Primary', 'USA_Michigan', '138949', 0.092, 'Jeeva'),
	('a4ba153d-c298-4870-ab43-820379b62239', 'ff1a16af-48dc-4305-9aa8-4543e628ebfd', 'Phase-3', 'Michigan Primary', 'USA_Michigan', '139167', 0.394, 'Gandeeban'),
	('a54dc1a3-d390-47d9-9ed7-36d1e088c824', '4eddaecf-e03c-4ef9-9667-0e033a7afade', 'Phase-3', 'Michigan Primary', 'USA_Michigan', '138171', 0.37, 'Gandeeban'),
	('a568fe0e-1100-4dfb-a2d9-c107c5461c35', '1a47cf1f-0083-42da-95ee-b2626e1f3e2a', 'Phase-3', 'Michigan Primary', 'USA_Michigan', '139375', 3.539, 'Jeeva'),
	('a68738d9-329e-4fee-922b-1bf2c5683d00', '262f04a7-c960-4058-b335-b0859c66b611', 'Phase-3', 'Michigan Primary', 'USA_Michigan', '139079', 0.165, 'Gandeeban'),
	('a6c342b4-d0ce-4463-b28a-0eb0db189be9', '12bd9832-2810-46af-b29f-559eafdd2d0f', 'Phase-3', 'Michigan Primary', 'USA_Michigan', '137201', 2.97, 'Ayyapan'),
	('a6ccf038-d3a7-4413-9619-aebb55d7d6f1', '2ccdd04c-38dd-4419-938e-423815889437', 'Phase-3', 'Michigan Primary', 'USA_Michigan', '137360', 2.581, 'Ayyapan'),
	('a6e34369-35df-4f3f-9b76-e8b9659d1dc0', 'f44fa6ef-25f8-4c2d-8113-35e6f1cc5eae', 'Phase-3', 'Michigan Primary', 'USA_Michigan', '139391', 3.176, 'Natraj'),
	('a6fd8583-208f-48b0-a4f9-7c0de707cc68', 'c8bfb429-3e2c-4510-857c-782ad05c8194', 'Phase-3', 'Michigan Primary', 'USA_Michigan', '139210', 0.114, 'Natraj'),
	('a702f3bc-16c9-46b4-a51e-8bf53d6529f0', '6ecbf1f7-e5e4-41e0-aec7-9ac8f094130c', 'Phase-3', 'Michigan Primary', 'USA_Michigan', '137439', 3.995, 'Jeeva'),
	('a70327e7-2022-4f6b-bfd4-e0af05d5e465', 'a43c07dc-7595-41d4-96f8-f12b7b59e1fd', 'Phase-3', 'Michigan Primary', 'USA_Michigan', '139230', 0.57, 'Natraj'),
	('a7664af9-3e88-48b6-bd5b-dd9856dffd94', 'c13eb259-0c0b-4f0f-9a5d-e896cb30e022', 'Phase-3', 'Michigan Primary', 'USA_Michigan', '137392', 5.274, 'Ayyapan'),
	('a789178f-ecf4-4128-a506-a8117f888324', 'c5e63ba5-9844-41d5-8ce2-39f438534bb6', 'Phase-3', 'Michigan Primary', 'USA_Michigan', '139433', 0.177, 'Natraj'),
	('a7f09309-d6a7-4d42-9116-30b508ef1ac6', 'fcf83b88-d1ef-4a22-9674-69ae9eb79643', 'Phase-3', 'Michigan Primary', 'USA_Michigan', '139375', 3.539, 'Jeeva'),
	('a7f32d87-aa69-4f9f-b356-a36bd6c89405', '5e59944c-fc79-47e1-b2fc-c8bc8b30946e', 'Phase-3', 'Michigan Primary', 'USA_Michigan', '138437', 0.619, 'Jeeva'),
	('a8024167-9a8b-449e-a136-68683821554d', 'f4fb540d-f046-4842-a366-aa36014ea038', 'Phase-3', 'Michigan Primary', 'USA_Michigan', '139300', 2.264, 'Jeeva'),
	('a9416dd0-3fdd-4f5e-bcfc-357af02830e0', 'd2ef68cb-88c1-44a1-a05f-5b9bd93202d1', 'Phase-3', 'Michigan Primary', 'USA_Michigan', '137413', 0.656, 'Ayyapan'),
	('a9b4c946-6f7c-4858-bbc7-0cbbb9f0ae55', '29f9fcb1-cbb1-494e-8442-4a92d5aaba2a', 'Phase-3', 'Michigan Primary', 'USA_Michigan', '139230', 0.57, 'Natraj'),
	('aa08ed47-6401-476b-8141-1ca73d7a7b19', '66cbe170-eabf-4b4c-a1c8-3676e9aed936', 'Phase-3', 'Michigan Primary', 'USA_Michigan', '139218', 0.286, 'Natraj'),
	('aa5e3c0b-7c01-4734-8b8b-725fd0b6630e', '88a54fbd-6dd8-4bd5-b779-43271e54826d', 'Phase-3', 'Michigan Primary', 'USA_Michigan', '137803', 2.004, 'Gandeeban'),
	('ab051743-9316-4637-a26f-49eebd7488f2', 'b3a3876f-027b-406e-a5de-9117046b6d0f', 'Phase-3', 'Michigan Primary', 'USA_Michigan', '139220', 0.398, 'Jeeva'),
	('ab3461fd-46f9-419b-b104-52e8487081cd', '565e12ab-7ad8-47ae-a902-e22e250ffdb2', 'Phase-3', 'Michigan Primary', 'USA_Michigan', '139411', 2.884, 'Natraj'),
	('ab720480-af1a-4c31-96be-0917071680e8', '26cc405a-2488-43ce-b335-166b3147200e', 'Phase-3', 'Michigan Primary', 'USA_Michigan', '139211', 0.123, 'Natraj'),
	('ab931004-4bd5-4270-a2a4-da55f0cba264', '8cfd243e-211a-4f93-a566-3ac72bdba9f4', 'Phase-3', 'Michigan Primary', 'USA_Michigan', '137344', 5.136, 'Gandeeban'),
	('abac29d3-8cb3-435c-a19c-47ce915d0ef5', '964aa5e9-1942-4580-8498-497d5c1d7c51', 'Phase-3', 'Michigan Primary', 'USA_Michigan', '139024', 0.306, 'Gandeeban'),
	('abce4b23-8b9f-4938-93fc-5644f48d84d7', '1140c4f7-2db5-4958-a92e-711ba1b347be', 'Phase-3', 'Michigan Primary', 'USA_Michigan', '138407', 6.844, 'Gandeeban'),
	('ac753666-275d-435e-940f-c7e8fe65a91d', 'da124fcf-b483-498a-b2d5-b368701326da', 'Phase-3', 'Michigan Primary', 'USA_Michigan', '137412', 0.67, 'Ayyapan'),
	('aca34d4d-5448-42db-a902-f902dd5548d3', '9241e6d8-2a08-43f6-8b72-affa3e42b677', 'Phase-3', 'Michigan Primary', 'USA_Michigan', '139211', 0.123, 'Natraj'),
	('acea6286-6c32-4df8-b8b7-0af06487286d', '20e68744-8138-4b5b-99d7-8378aba350df', 'Phase-3', 'Michigan Primary', 'USA_Michigan', '139306', 3.469, 'Gandeeban'),
	('ae81e566-f798-4e7c-a30f-1cd8413aef48', '58ed6a00-3ee4-4138-bc8c-504ccc6c5ba8', 'Phase-3', 'Michigan Primary', 'USA_Michigan', '137417', 2.171, 'Ayyapan'),
	('ae9f7063-2453-42c7-8c0c-fb3ad1d498f7', 'bcc31ccc-04b3-40a6-9aea-65018838ad70', 'Phase-3', 'Michigan Primary', 'USA_Michigan', '139327', 2.169, 'Natraj'),
	('aea72e02-bef5-4ae3-be2c-45033872bebb', 'a13e91eb-8ce6-4113-a9d6-383edce167da', 'Phase-3', 'Michigan Primary', 'USA_Michigan', '139417', 2.891, 'Natraj'),
	('af063d27-a294-4404-b23c-13d28ffbe310', 'c9436ecf-1fad-4648-be5c-bbe35a06e057', 'Phase-3', 'Michigan Primary', 'USA_Michigan', '139316', 2.838, 'Jeeva'),
	('af0ac6ec-4991-49b4-9dbc-0ad5ee66c891', '2d909d7a-519f-48fe-a9c2-d15f045e7e2f', 'Phase-3', 'Michigan Primary', 'USA_Michigan', '139392', 2.77, 'Natraj'),
	('afef7aef-9e0b-47ee-a835-96e8cfa8671a', '5b14f1dd-e6be-4d9f-b0de-1a3ee9603ed9', 'Phase-3', 'Michigan Primary', 'USA_Michigan', '135653', 3.196, 'Ayyapan'),
	('aff0327a-5fd8-4b05-83b2-fb06b4860b8a', '7c17120a-67d8-442c-a2c6-4270040ad300', 'Phase-3', 'Michigan Primary', 'USA_Michigan', '138922', 0.594, 'Natraj'),
	('b03eb560-8d2e-4cb6-ba9d-aab8fba641e0', 'd5af59bc-40f1-4ae9-9464-9f71871f5ea8', 'Phase-3', 'Michigan Primary', 'USA_Michigan', '139409', 2.283, 'Natraj'),
	('b07c2663-511b-4305-ba97-ffe2b2dc7cfe', 'c4321545-04e4-48f2-ba62-9ef8ccda38ee', 'Phase-3', 'Michigan Primary', 'USA_Michigan', '139210', 0.114, 'Natraj'),
	('b09681b3-6f7d-484a-8a8b-be1602152746', '39119ca1-885e-4d46-a572-67c3ddafed3c', 'Phase-3', 'Michigan Primary', 'USA_Michigan', '139314', 5.421, 'Gandeeban'),
	('b0bb8c1f-44b8-4e54-beb1-997ab93430b6', '962abfcc-9f32-4047-bc08-d8d1d6992a8d', 'Phase-3', 'Michigan Primary', 'USA_Michigan', '138171', 0.37, 'Gandeeban'),
	('b24af2e0-8eab-4015-88e7-3d276319d165', 'baba8f7c-338b-4add-b884-449479868a7a', 'Phase-3', 'Michigan Primary', 'USA_Michigan', '139331', 5.119, 'Jeeva'),
	('b296b24d-0757-4962-84d5-ef84f4edb2ce', '23d024ff-2c84-4a7c-b010-29d89e917c4e', 'Phase-3', 'Michigan Primary', 'USA_Michigan', '139287', 3.191, 'Natraj'),
	('b2b73bc1-ee21-4667-a8ab-fd9b1fba011b', 'a47a6083-2c34-4110-9402-62c7bbca10f5', 'Phase-3', 'Michigan Primary', 'USA_Michigan', '135654', 3.191, 'Gandeeban'),
	('b3ee6523-9077-4c45-9dd3-214f1f7580e1', 'fccbf6d9-a713-4496-b1b7-4af9e4979c7d', 'Phase-3', 'Michigan Primary', 'USA_Michigan', '139334', 7.185, 'Jeeva'),
	('b3f34b93-489e-4413-bd9f-5c8be9aed916', '60384fbd-0d48-4f9f-831d-3cf6adab6d2e', 'Phase-3', 'Michigan Primary', 'USA_Michigan', '138886', 2.797, 'Gandeeban'),
	('b3fbbd6e-9bf7-4fb2-a355-684c3d5d2ee2', 'bb39c40a-e8a7-41cf-a696-577b1096c786', 'Phase-3', 'Michigan Primary', 'USA_Michigan', '138305', 3.147, 'Ayyapan'),
	('b4135f75-e585-4bdb-8c82-af0adfd5deba', '21fcfc6c-f32f-460d-9d53-7fd6a4992608', 'Phase-3', 'Michigan Primary', 'USA_Michigan', '135652', 4.108, 'Gandeeban'),
	('b46c10c4-a761-454f-aa45-8702e25ffa72', 'a9ac7356-cdc7-44af-9eb7-512d7c102692', 'Phase-3', 'Michigan Primary', 'USA_Michigan', '138305', 3.147, 'Ayyapan'),
	('b4972994-c98b-4cec-bce8-6b2b1c500032', '74a0afd8-afad-4313-ab54-349f5d1cc13d', 'Phase-3', 'Michigan Primary', 'USA_Michigan', '138401', 4.723, 'Gandeeban'),
	('b4a2552e-1e32-4085-95bb-ab5ae0d0f2bd', '2b621b37-a18e-4ff1-8ea3-1cfb90611312', 'Phase-3', 'Michigan Primary', 'USA_Michigan', '139431', 0.193, 'Natraj'),
	('b5765d43-9847-4960-a92e-e45da06fa463', 'a408348a-94c0-4747-9920-5210698e3607', 'Phase-3', 'Michigan Primary', 'USA_Michigan', '139162', 2.845, 'Gandeeban'),
	('b639254d-93ee-4600-8e88-d63e6520de82', 'ba5df69d-d5ed-4dff-9be9-823f36aef57e', 'Phase-3', 'Michigan Primary', 'USA_Michigan', '139211', 0.123, 'Natraj'),
	('b6fbea6b-67d2-4533-8f0b-39c4ad9880d7', 'd305bc90-e724-4558-b0d7-a5b9d6d82638', 'Phase-3', 'Michigan Primary', 'USA_Michigan', '138407', 6.844, 'Gandeeban'),
	('b7042619-f255-4951-ad0d-deec68b00c8c', 'f6ffe0fe-25a1-4ea3-afaf-f0373648067a', 'Phase-3', 'Michigan Primary', 'USA_Michigan', '139361', 3.588, 'Natraj'),
	('b70e37be-76f5-4384-b513-07f063816051', '7563bb16-d9b5-4078-b78e-0eba9e44e9e0', 'Phase-3', 'Michigan Primary', 'USA_Michigan', '138960', 2.788, 'Jeeva'),
	('b800fe65-46ce-4423-80e4-2a8da7e9e97a', 'c38c14ba-5114-43be-96fc-ceef77f0fe61', 'Phase-3', 'Michigan Primary', 'USA_Michigan', '139399', 3.24, 'Natraj'),
	('b850a1a2-2353-4517-b771-9f7cf09fa8ec', '05ea7416-9b04-40c2-baa5-d5daed7bfc49', 'Phase-3', 'Michigan Primary', 'USA_Michigan', '137389', 3.069, 'Ayyapan'),
	('b87a0f4a-943f-45c7-b8b6-4c9e2f5ee7f9', '4dd7bb65-5878-4aae-9b93-a60a1be9ad1f', 'Phase-3', 'Michigan Primary', 'USA_Michigan', '138914', 0.521, 'Jeeva'),
	('b8ec7f0b-ee01-44f5-9192-19393513306f', '36c891b0-1407-493b-8df6-8e93993f4f70', 'Phase-3', 'Michigan Primary', 'USA_Michigan', '138430', 4.335, 'Ayyapan'),
	('b90bb126-1402-4b0f-b599-8aae8fc647cf', 'e08dc018-e589-4b06-aeb4-91b313b27a7b', 'Phase-3', 'Michigan Primary', 'USA_Michigan', '137417', 2.171, 'Ayyapan'),
	('b93d37d0-b6e4-474d-8c69-9833444db109', '1c8dee74-6389-4008-b76d-4d60fc986976', 'Phase-3', 'Michigan Primary', 'USA_Michigan', '137394', 0.742, 'Ayyapan'),
	('b9529e61-9e64-4145-bc6c-91178cd37e5b', 'c77ae84e-ecea-4992-86c5-341b207f7cb1', 'Phase-3', 'Michigan Primary', 'USA_Michigan', '139362', 3.978, 'Natraj'),
	('b95d0d76-af95-415c-b2f4-60d1d717b995', '7d521b60-b4ad-4fce-9923-6e453066e96f', 'Phase-3', 'Michigan Primary', 'USA_Michigan', '138349', 0.081, 'Ayyapan'),
	('b973d1e3-3fe4-48b8-b721-704ad7ffaf25', 'de581936-f70f-43dc-9ffb-51f2279e4314', 'Phase-3', 'Michigan Primary', 'USA_Michigan', '139224', 0.209, 'Natraj'),
	('bae7a0f6-ce1a-44ea-9546-33a284a8357a', '3c9810d6-7827-404b-adec-a438052d9c39', 'Phase-3', 'Michigan Primary', 'USA_Michigan', '138876', 3.419, 'Ayyapan'),
	('bb390cd0-006b-4ae4-8711-1150538d0fac', 'b698dbe8-087c-40d6-bb62-78321390ef55', 'Phase-3', 'Michigan Primary', 'USA_Michigan', '139363', 6.193, 'Gandeeban'),
	('bb508423-62dd-4a69-b3f1-890913d3652b', '1075e379-eb99-41c3-bc27-32292cda0533', 'Phase-3', 'Michigan Primary', 'USA_Michigan', '139374', 3.543, 'Natraj'),
	('bb9bc999-b374-48d1-8d97-02ef406ac619', '31648bf1-1480-4ce9-a3ac-b5a6fe771fd8', 'Phase-3', 'Michigan Primary', 'USA_Michigan', '137350', 7.709, 'Ayyapan'),
	('bbb01ecd-23e0-4b2d-abbe-51db422e29ee', 'c8af81b3-7657-4120-81ba-8a86c25d10ce', 'Phase-3', 'Michigan Primary', 'USA_Michigan', '139424', 3.083, 'Natraj'),
	('bbdcf791-75f5-4c28-acfb-5930a9a4f7a7', 'eb4b88ec-646c-46d7-848c-fccbf92f259d', 'Phase-3', 'Michigan Primary', 'USA_Michigan', '139289', 3.193, 'Jeeva'),
	('bc2b2197-2a47-4bff-a556-6c6ee00b4e70', 'a64f05f5-672f-47dc-bfb7-0473d8130697', 'Phase-3', 'Michigan Primary', 'USA_Michigan', '138419', 5.517, 'Ayyapan'),
	('bc302ef3-e724-450b-ad29-5b4ae058fd8b', '999cbcc0-5130-4571-8ad8-43005d6efac6', 'Phase-3', 'Michigan Primary', 'USA_Michigan', '138313', 2.376, 'Ayyapan'),
	('bc760a93-0877-46e7-9d82-bb6bfe64739b', '1159a64f-07ad-44ae-bf45-30f91df72cef', 'Phase-3', 'Michigan Primary', 'USA_Michigan', '138915', 3.612, 'Jeeva'),
	('bca2faea-2670-4612-8ed2-09ca2f92cbdd', 'd387635e-bc1e-4e7b-b0c0-1f410a737585', 'Phase-3', 'Michigan Primary', 'USA_Michigan', '137350', 7.709, 'Ayyapan'),
	('bd17ea15-9baf-45bb-b28a-3223d2005367', '37efe8ad-5501-4634-b60c-fe4a797786c5', 'Phase-3', 'Michigan Primary', 'USA_Michigan', '138169', 0.438, 'Gandeeban'),
	('bd1d2da6-5d00-4210-bfa9-cf68028ff8ca', 'a1e06a4b-bc5f-4283-bb62-8d848e83eda3', 'Phase-3', 'Michigan Primary', 'USA_Michigan', '139253', 2.696, 'Natraj'),
	('bd5e6f8c-4d17-418d-a560-d1cb0d388d5d', 'e3e259bc-54c7-4932-9725-fa1c61f83d6b', 'Phase-3', 'Michigan Primary', 'USA_Michigan', '138438', 4.883, 'Gandeeban'),
	('bd8ddc34-b9e5-4aeb-a30a-40d5e9811373', 'aba0f6a9-a06c-4878-93d1-566a76949240', 'Phase-3', 'Michigan Primary', 'USA_Michigan', '137439', 3.995, 'Jeeva'),
	('bde1d7b6-b4c0-462b-879b-e513444cfe05', '75053c4d-92e9-460e-a5d1-03e70e17ddf3', 'Phase-3', 'Michigan Primary', 'USA_Michigan', '139245', 3.336, 'Jeeva'),
	('bde5ab95-94c8-4cfa-ba81-bae861ab979a', '4bd05bd6-3d66-4d37-a137-e046fa70d49b', 'Phase-3', 'Michigan Primary', 'USA_Michigan', '139001', 0.219, 'Gandeeban'),
	('be845c40-f665-4474-92e2-97898efce493', '295d6bee-3805-4125-812b-3df1f165514f', 'Phase-3', 'Michigan Primary', 'USA_Michigan', '137406', 2.574, 'Ayyapan'),
	('bed8adaf-0e38-4113-aa8b-bf880cabbef7', '49718a71-fe62-4f69-85f6-573393046dcd', 'Phase-3', 'Michigan Primary', 'USA_Michigan', '137412', 0.67, 'Ayyapan'),
	('bf04bc7e-e16f-4c14-a75b-820e3235d34a', '9118243a-4661-4bf0-8dc3-1005ac3c0076', 'Phase-3', 'Michigan Primary', 'USA_Michigan', '137428', 6.856, 'Ayyapan'),
	('bf29433b-572d-4a57-a00e-885949a3c129', 'f97ffd32-9f4d-4755-939e-54ef4f67b12e', 'Phase-3', 'Michigan Primary', 'USA_Michigan', '139306', 3.469, 'Gandeeban'),
	('c00d68d1-eddc-48ba-987d-b7a6ea003cdc', '234d6346-6173-4d60-88d1-16d36639742e', 'Phase-3', 'Michigan Primary', 'USA_Michigan', '139224', 0.209, 'Natraj'),
	('c05b4e16-bc2e-4e3b-b626-e763427c7cf6', 'c70ba8b5-c106-4311-bd21-1f4df58428ab', 'Phase-3', 'Michigan Primary', 'USA_Michigan', '139300', 2.264, 'Jeeva'),
	('c0703ad5-9c37-4e11-ab5a-731bdc496a3f', 'fb0c09f7-1f08-4170-89dd-c6d9c2688f29', 'Phase-3', 'Michigan Primary', 'USA_Michigan', '139242', 3.118, 'Natraj'),
	('c09ad914-fcf3-47d0-80d5-21aee982191c', '5a0a5638-5807-458c-95db-36d10e7b1184', 'Phase-3', 'Michigan Primary', 'USA_Michigan', '139430', 5.27, 'Jeeva'),
	('c1285d50-2772-408f-9995-6bbf3d0447d8', '58faf316-f228-487d-98d5-fd76ef5038c7', 'Phase-3', 'Michigan Primary', 'USA_Michigan', '139226', 0.202, 'Natraj'),
	('c12ff728-066c-4b9e-9b04-4600c8131f0e', 'eff8dfcf-50e1-4e76-9825-062072d08897', 'Phase-3', 'Michigan Primary', 'USA_Michigan', '135413', 0.404, 'Ayyapan'),
	('c298d943-6571-4ae5-89c5-a75af650f3bf', 'b338685b-6083-4295-aa76-d4b0c44220b7', 'Phase-3', 'Michigan Primary', 'USA_Michigan', '138342', 2.843, 'Gandeeban'),
	('c2da642f-4be9-489b-a899-ea0ef97a20e0', 'd5512886-1269-4dc6-b5ba-36010e8c3dd5', 'Phase-3', 'Michigan Primary', 'USA_Michigan', '139399', 3.24, 'Natraj'),
	('c32688a0-a692-47ac-9e19-31e6b1813a77', '191d12f4-c51c-4cd0-9e11-a8f8df1d30b9', 'Phase-3', 'Michigan Primary', 'USA_Michigan', '138961', 4.368, 'Jeeva'),
	('c3fa7798-f90e-4f81-8773-982244acb82d', '78037d17-7176-41d3-a8ad-0e72a5179158', 'Phase-3', 'Michigan Primary', 'USA_Michigan', '139293', 2.156, 'Jeeva'),
	('c436de60-7d36-402b-bbec-2a8d1f27941e', 'e110b6c6-73f0-45f8-89e3-99ca5cab3a03', 'Phase-3', 'Michigan Primary', 'USA_Michigan', '138182', 2.399, 'Gandeeban'),
	('c480950a-37c9-46c5-b3c5-dd3e96b9349d', 'c1e116d1-e0d2-416c-8b56-ece27d64cad3', 'Phase-3', 'Michigan Primary', 'USA_Michigan', '137368', 5.454, 'Ayyapan'),
	('c49f9527-786a-47cb-b950-db0d547f8293', '101cb938-a175-445e-b437-6e5b2356bbb2', 'Phase-3', 'Michigan Primary', 'USA_Michigan', '137801', 2.317, 'Gandeeban'),
	('c533b6eb-0187-49d6-9ad6-966952ee2e6f', '9bed7b9f-c861-4e64-b9f7-9b2d1767bdaf', 'Phase-3', 'Michigan Primary', 'USA_Michigan', '139334', 7.185, 'Jeeva'),
	('c5568878-c4be-4a48-9d88-fc4d0da23e49', 'c7ac6d09-fef4-4dc3-bba6-2b28d51c5719', 'Phase-3', 'Michigan Primary', 'USA_Michigan', '138340', 0.098, 'Ayyapan'),
	('c6003a23-f7a5-4545-b213-8a8933992ccf', 'b29ec8b3-3893-4f01-8470-f52cae7cfea5', 'Phase-3', 'Michigan Primary', 'USA_Michigan', '139020', 3.619, 'Jeeva'),
	('c63541e1-5f71-4b80-896d-4ec64bf261b8', '8d9c86ae-fc6e-46e9-a00f-31646c5e92a3', 'Phase-3', 'Michigan Primary', 'USA_Michigan', '139219', 0.309, 'Jeeva'),
	('c6cd5b85-9d42-4f2f-9f9a-038bf3027b8e', 'dfb6991f-d386-44c4-9e20-f1cccc762f3f', 'Phase-3', 'Michigan Primary', 'USA_Michigan', '139253', 2.696, 'Natraj'),
	('c6e080f1-8c6b-4a33-bc62-611a0f10900e', '463c5051-a55a-4db8-a4e1-e28ff155f38d', 'Phase-3', 'Michigan Primary', 'USA_Michigan', '138876', 3.419, 'Ayyapan'),
	('c7c49427-8d9b-47da-880e-ed1deb21926d', '11c66e40-42ba-4184-ae6f-6dd07e3e440f', 'Phase-3', 'Michigan Primary', 'USA_Michigan', '138954', 3.057, 'Gandeeban'),
	('c81ba9e9-6c2f-4f29-b087-e93016211518', '5bf60ef8-9d5a-440b-a6c7-90ff095a042f', 'Phase-3', 'Michigan Primary', 'USA_Michigan', '139208', 2.032, 'Natraj'),
	('c839b529-ee0d-4925-a101-d9507ee40063', '3a0f9c3e-c6d7-4378-853b-116b644db800', 'Phase-3', 'Michigan Primary', 'USA_Michigan', '138350', 0.267, 'Ayyapan'),
	('c9ba3a71-9c71-44a2-a0df-878922bd9894', '711a2f0c-2aa3-472d-83b2-71e2fc9d8aa6', 'Phase-3', 'Michigan Primary', 'USA_Michigan', '139042', 0.831, 'Jeeva'),
	('ca0fe4ac-20a7-48ac-ab58-f5ffb02ecf56', '6d380eec-ed73-4a29-9319-b3eb9572fb6b', 'Phase-3', 'Michigan Primary', 'USA_Michigan', '139248', 2.832, 'Natraj'),
	('ca583434-54d2-47cd-a1aa-6b92fa8f8b20', 'e2742d29-7ab3-4a02-bb18-c0fd3b90bb14', 'Phase-3', 'Michigan Primary', 'USA_Michigan', '135413', 0.404, 'Ayyapan'),
	('caf8a7cc-7153-4719-8c44-6694fc82e58b', 'a5f75330-867b-4c18-8605-9828be09a213', 'Phase-3', 'Michigan Primary', 'USA_Michigan', '139399', 3.24, 'Natraj'),
	('cb3a0795-c0a0-4e6d-ab7e-a316f857e67c', 'a1eaa77d-ea13-42c7-be71-5b951af23bcd', 'Phase-3', 'Michigan Primary', 'USA_Michigan', '139023', 0.251, 'Gandeeban'),
	('cc2e904c-9238-4ee6-ab7f-27b8c4aa418c', '2cc56adc-5303-4697-92cd-215ea5b07daa', 'Phase-3', 'Michigan Primary', 'USA_Michigan', '139245', 3.336, 'Jeeva'),
	('ccaaf237-1d05-4c90-92da-3931e056cef6', '499f4913-90aa-4905-b974-1f1cf61c040c', 'Phase-3', 'Michigan Primary', 'USA_Michigan', '137394', 0.742, 'Ayyapan'),
	('cceb601c-dccc-461a-ab3b-9cd0dd416b3a', '29eba2f0-696f-4adb-a9b4-78ecc26947d7', 'Phase-3', 'Michigan Primary', 'USA_Michigan', '137393', 0.751, 'Ayyapan'),
	('cd43dd6c-1708-4eba-8b00-fda323f5b7ee', 'ff36be60-42c9-4cb2-91d0-a1ffa459250f', 'Phase-3', 'Michigan Primary', 'USA_Michigan', '138351', 0.193, 'Ayyapan'),
	('cd6539bd-066f-4536-ae5b-5079407e28fc', 'b7006258-67c6-452b-8c08-56f181e6f44f', 'Phase-3', 'Michigan Primary', 'USA_Michigan', '139384', 2.468, 'Natraj'),
	('cdf15136-b2f2-4c06-90d0-d573499ebcb5', '8c18096a-9d7d-4ae2-ad85-3ccf966a14e2', 'Phase-3', 'Michigan Primary', 'USA_Michigan', '139318', 0.355, 'Natraj'),
	('ce1d98d8-5deb-4ba9-bc37-6ddc38341894', '31cf11c7-2211-4c24-96e5-4fcdf33a9ab0', 'Phase-3', 'Michigan Primary', 'USA_Michigan', '139219', 0.309, 'Jeeva'),
	('cf0fac79-258a-4b43-be7e-ac90f650cfc0', '23f8f4d5-bd78-4872-adaf-9890244876ff', 'Phase-3', 'Michigan Primary', 'USA_Michigan', '139209', 2.033, 'Natraj'),
	('cf26f090-6270-4657-a560-ae5665789985', '9f5e7055-e03c-4cf1-a6a8-f70312ee7ff7', 'Phase-3', 'Michigan Primary', 'USA_Michigan', '139014', 2.343, 'Jeeva'),
	('cf3381c8-1e31-4d9b-b879-b3eafc146595', '160753ff-7da2-4b9d-a5b6-9805146a6499', 'Phase-3', 'Michigan Primary', 'USA_Michigan', '139357', 2.297, 'Jeeva'),
	('cf51ee77-9aec-4d07-a091-dda91be0861b', 'd23c7da8-8faa-488e-9224-2d2befc09bbb', 'Phase-3', 'Michigan Primary', 'USA_Michigan', '139333', 2.01, 'Jeeva'),
	('cf53203f-70e4-4310-ad55-e4c9bea7b5ae', 'bd82f573-0269-4440-a105-a3033220071e', 'Phase-3', 'Michigan Primary', 'USA_Michigan', '137362', 8.747, 'Ayyapan'),
	('cf7958d5-6d9a-431f-bf50-3509cd41fcf4', '0453ef10-aabc-4046-80d2-711d8c8ce754', 'Phase-3', 'Michigan Primary', 'USA_Michigan', '139200', 0.768, 'Natraj'),
	('d01a7d3b-10cc-4993-bac4-fa563156acb4', '459fc712-f881-44a1-87f2-2fcb4ed17035', 'Phase-3', 'Michigan Primary', 'USA_Michigan', '138347', 0.088, 'Ayyapan'),
	('d06df116-791a-4ede-bebf-674761a77446', '27c7c0b8-6a8e-4913-8812-470bec3e55bb', NULL, NULL, NULL, NULL, 0, NULL),
	('d17611db-bc94-4484-b01c-f305e4937b94', 'd8fbdd16-5c97-4b45-b336-2f3bed38b86d', 'Phase-3', 'Michigan Primary', 'USA_Michigan', '139299', 2.587, 'Jeeva'),
	('d17ff4f4-b2fb-41cc-8465-5e4ab61fb319', '48a0738b-3bb6-4f27-a55c-8bc369112d78', 'Phase-3', 'Michigan Primary', 'USA_Michigan', '139167', 0.394, 'Gandeeban'),
	('d1cf952c-3ea1-4e89-b1c2-54ca5e7fa7ff', 'd8509cae-1ea7-4054-b2fe-6eaa27d0d4c8', 'Phase-3', 'Michigan Primary', 'USA_Michigan', '139267', 6.077, 'Natraj'),
	('d2070d5d-5801-4939-9946-c68dbf71c84f', '2cf24e2b-00ba-4b68-9611-5d10b032dfc7', 'Phase-3', 'Michigan Primary', 'USA_Michigan', '138970', 3.622, 'Gandeeban'),
	('d2087a87-734c-4083-9cc9-d57402ab60dd', '983a348c-f128-4d33-b973-4f9eda0c736d', NULL, NULL, NULL, NULL, 0, NULL),
	('d25009ac-1433-4982-b059-15bb608fd844', '312269ca-6852-451d-98eb-1594364f2a6d', 'Phase-3', 'Michigan Primary', 'USA_Michigan', '137428', 6.856, 'Ayyapan'),
	('d290f0c6-f38e-4eb5-acb8-287ae1dd4c1d', '1ab01661-b040-42f2-b32a-c6bded37eaaf', 'Phase-3', 'Michigan Primary', 'USA_Michigan', '139204', 3.529, 'Natraj'),
	('d3c04adf-f1a8-4647-af57-b6702dd7b74f', '11732de9-a96f-40e9-8692-67901c49d8a1', 'Phase-3', 'Michigan Primary', 'USA_Michigan', '137389', 3.069, 'Ayyapan'),
	('d3f62bce-0a06-48b4-a27a-e71d1c208389', '836394a2-4e1a-4b16-9d84-bf436b73d1c0', 'Phase-3', 'Michigan Primary', 'USA_Michigan', '138203', 0.486, 'Ayyapan'),
	('d4257e3d-7723-411f-878f-adc38362a21a', '66a9a033-a36b-4087-b1bb-21df67d4246a', 'Phase-3', 'Michigan Primary', 'USA_Michigan', '139051', 0.034, 'Gandeeban'),
	('d42fc60a-913d-4c53-84b9-187b7aa1c0d2', 'ab5f800e-2cfd-44b0-84e2-60012688bf81', 'Phase-3', 'Michigan Primary', 'USA_Michigan', '139430', 5.27, 'Jeeva'),
	('d510164b-9e51-4956-87eb-5a5c5e6c161c', '8f8c061a-d55f-46ff-8b4e-6ef8b7186096', NULL, NULL, NULL, NULL, 0, NULL),
	('d6333f70-605f-4a39-925e-37a851fc0792', '5727ad31-d8e9-41d7-a8b6-4a5f53d5053b', 'Phase-3', 'Michigan Primary', 'USA_Michigan', '138913', 3.194, 'Jeeva'),
	('d6574ddd-49ad-40f9-a20c-7467f02715f0', '8b54a8eb-57c1-4976-8d78-dc5e0298c1c3', 'Phase-3', 'Michigan Primary', 'USA_Michigan', '137427', 4.356, 'Ayyapan'),
	('d6ab304c-3eef-4735-9d59-43206e1c088a', '74c8e02f-a2f3-4c68-9223-8f86776d7d20', 'Phase-3', 'Michigan Primary', 'USA_Michigan', '138416', 4.492, 'Gandeeban'),
	('d6d48877-c1f7-47cd-b023-179ee78c80cb', '2d740030-14fd-4a69-9ce8-95e1bb4a76d1', 'Phase-3', 'Michigan Primary', 'USA_Michigan', '135795', 2.939, 'Ayyapan'),
	('d6d7c312-b57e-4814-8d4b-4760b8186ae0', 'c09fdf37-1da5-40ee-9221-690446ffe736', 'Phase-3', 'Michigan Primary', 'USA_Michigan', '135686', 4.258, 'Ayyapan'),
	('d717e04a-3c61-49d8-ab81-2eadbefd102d', '6de498b1-3608-4bab-bf32-b5c076e5c7f2', 'Phase-3', 'Michigan Primary', 'USA_Michigan', '139021', 4.278, 'Jeeva'),
	('d76e592f-54ee-46c4-b560-e74197971a6f', 'cd93b727-0eca-4bcc-bf64-b64dd5c802dd', 'Phase-3', 'Michigan Primary', 'USA_Michigan', '137426', 4.12, 'Ayyapan'),
	('d770d9fd-a101-42b7-8851-75721cc81800', '993cf220-d1f4-44c6-8b17-72525206c8f7', 'Phase-3', 'Michigan Primary', 'USA_Michigan', '139318', 0.355, 'Natraj'),
	('d7f0b442-43c0-48c8-860b-bafdb83f0f16', 'b2cdfa5a-a823-4cd6-921d-b559ad56fe6d', 'Phase-3', 'Michigan Primary', 'USA_Michigan', '138347', 0.088, 'Ayyapan'),
	('d7f77d91-fb1b-4cb3-ac09-b086f80128b5', '4e42826b-8e0b-4b96-ad42-f92a068cd05e', 'Phase-3', 'Michigan Primary', 'USA_Michigan', '139259', 4.687, 'Natraj'),
	('d812c11b-509f-4869-8d11-7f7475d44d8d', '7c6bb0c5-96bc-412e-83d8-80cb9a1107fe', 'Phase-3', 'Michigan Primary', 'USA_Michigan', '139165', 0.304, 'Ayyapan'),
	('d8b07607-a833-4563-b993-3fc4f541b9fa', 'df338d29-f857-4179-81df-16f80a5166a3', 'Phase-3', 'Michigan Primary', 'USA_Michigan', '135395', 3.148, 'Ayyapan'),
	('d8c3b404-f4d9-46ed-a062-ca4405b839b0', '26055054-7d9f-49e0-a0c8-c82e58b285c2', 'Phase-3', 'Michigan Primary', 'USA_Michigan', '135253', 0.983, 'Ayyapan'),
	('da4f9425-c06b-4e36-80ec-567a2d411253', '1fca5b51-9bbf-4e89-8629-ac0a68ee906a', 'Phase-3', 'Michigan Primary', 'USA_Michigan', '138188', 0.98, 'Gandeeban'),
	('da8c1273-9ee3-4a14-afa4-06aa84dd3ad4', 'e570a2f6-1d50-4dec-b8f5-62497cdc549c', 'Phase-3', 'Michigan Primary', 'USA_Michigan', '137393', 0.751, 'Ayyapan'),
	('daacb7c5-1f16-4265-8bc1-52cd88df1061', '8510b805-65d7-4bec-845e-876db96e1095', 'Phase-3', 'Michigan Primary', 'USA_Michigan', '139435', 4.863, 'Jeeva'),
	('dbfc10d2-2e17-49b8-9ae7-83d40d937e08', '3d958f7c-8558-462c-adf6-47e89677e72e', 'Phase-3', 'Michigan Primary', 'USA_Michigan', '135684', 4.247, 'Gandeeban'),
	('dc3dc611-276b-4b3b-9ed3-d79f1cd8f330', '9c2eefb2-7423-46e7-a426-5246205896f9', 'Phase-3', 'Michigan Primary', 'USA_Michigan', '139401', 2.474, 'Natraj'),
	('dcce97dc-c64b-4c4f-ad87-0bfc7eab2411', 'c35b6355-981e-427e-af4e-8b85092d474a', 'Phase-3', 'Michigan Primary', 'USA_Michigan', '138948', 0.089, 'Jeeva'),
	('dd27699a-0e8d-43a0-bcaf-b9f16ed8f201', '60341237-e79e-4a93-a7b7-939ced6a1694', 'Phase-3', 'Michigan Primary', 'USA_Michigan', '138340', 0.098, 'Ayyapan'),
	('dd79b2da-6962-4d1c-ad16-100961032088', '85348016-4e13-4ce6-b76f-e800b00f7b3b', 'Phase-3', 'Michigan Primary', 'USA_Michigan', '139401', 2.474, 'Natraj'),
	('dde4cd48-4977-4327-ad12-8f2246c543c8', '781d8326-7558-4c25-abb5-9e11c2edd839', 'Phase-3', 'Michigan Primary', 'USA_Michigan', '139287', 3.191, 'Natraj'),
	('de7c306f-6850-4b76-b9c8-919eea4ee0d9', '6944000f-44bc-4387-943b-b6d54423d929', 'Phase-3', 'Michigan Primary', 'USA_Michigan', '138346', 0.178, 'Ayyapan'),
	('deaa79f9-2af4-4224-abbb-64d2318b3c61', '4e8106cd-0720-46df-b62d-b240b919c4b9', 'Phase-3', 'Michigan Primary', 'USA_Michigan', '139248', 2.832, 'Natraj'),
	('deb1568d-7a52-4a73-940f-068e0bd019ea', 'c260d79f-52c3-42ca-bb96-147092b8b413', 'Phase-3', 'Michigan Primary', 'USA_Michigan', '138351', 0.193, 'Ayyapan'),
	('ded02626-aa08-475a-9d25-0f3d96f5ac5a', 'bfbb62a9-2a11-4866-baf0-73806f4b03d4', 'Phase-3', 'Michigan Primary', 'USA_Michigan', '139434', 0.106, 'Natraj'),
	('deef1d0a-d95e-4d68-a3d7-2b372f3d9e74', 'd6f788c7-4bc2-437c-a900-e7a66d488778', 'Phase-3', 'Michigan Primary', 'USA_Michigan', '139229', 0.547, 'Natraj'),
	('df081db4-6d4f-4816-a764-c04e3c805352', '9f6cd629-6386-40ef-a650-f0ae6c761237', 'Phase-3', 'Michigan Primary', 'USA_Michigan', '137832', 2.029, 'Gandeeban'),
	('df0a25da-e688-4bf2-a2de-38f2bd0a9c7a', '7053d666-1141-4e36-b2ae-2fb24a7d726a', 'Phase-3', 'Michigan Primary', 'USA_Michigan', '138922', 0.594, 'Natraj'),
	('df7224c6-888b-4e48-8a66-dcc66a2d7d69', '38db10ef-bbf4-4042-a919-252f78639b58', 'Phase-3', 'Michigan Primary', 'USA_Michigan', '139206', 2.191, 'Natraj'),
	('df7efefb-2a9e-46e8-a48a-7a6c29bdfa74', '725efe0c-39d6-4c9d-9e8c-967056a080b3', 'Phase-3', 'Michigan Primary', 'USA_Michigan', '139011', 2.292, 'Jeeva'),
	('e070f44a-78c3-4d00-9f2f-913239b934b9', 'a5b2c331-d4ea-4780-bd5d-e10b44d45ebf', 'Phase-3', 'Michigan Primary', 'USA_Michigan', '138915', 3.612, 'Jeeva'),
	('e111e139-2612-4bcf-83d7-c03108084a3a', '0817e145-60e0-4a51-b01b-ba013c25adf7', 'Phase-3', 'Michigan Primary', 'USA_Michigan', '139303', 2.504, 'Natraj'),
	('e20cfcdb-eccb-4529-8d60-e8cd9d6dc32e', '773ea692-20a8-4fde-b4d2-7b60e3e9e35d', 'Phase-3', 'Michigan Primary', 'USA_Michigan', '139277', 2.069, 'Natraj'),
	('e2dab2ee-4b69-4726-b0c9-b147de8fa3e8', 'c59f6348-ad24-460c-9cf4-40791b24180d', 'Phase-3', 'Michigan Primary', 'USA_Michigan', '138342', 2.843, 'Gandeeban'),
	('e38920a4-f3a9-4639-bb87-85fd81d98897', '2d3fad1e-506e-4e94-8fd2-c6a569140986', 'Phase-3', 'Michigan Primary', 'USA_Michigan', '138432', 3.529, 'Gandeeban'),
	('e3a8a400-4ac2-41da-a646-b0889b50014d', '19590393-e232-448f-8afc-59e2dafce6ef', 'Phase-3', 'Michigan Primary', 'USA_Michigan', '138341', 2.783, 'Gandeeban'),
	('e415a134-c70a-4a50-804d-14204ddecb78', '2e14f500-372e-4732-bd60-e0df27756b86', 'Phase-3', 'Michigan Primary', 'USA_Michigan', '139293', 2.156, 'Jeeva'),
	('e4d57b2f-3da2-4e86-8d10-0ed7e6c295ab', '4596f27e-3916-4cb7-b6cb-c6220d5c3812', 'Phase-3', 'Michigan Primary', 'USA_Michigan', '139315', 5.412, 'Gandeeban'),
	('e58a9861-eb97-4a2e-b8a7-5c78910381da', 'feb74b9e-7dd5-401b-80bb-e4e9aeeeb350', 'Phase-3', 'Michigan Primary', 'USA_Michigan', '138948', 0.089, 'Jeeva'),
	('e625c393-ec77-49fe-94ac-21798ec109b1', '8fd2dad8-3553-43a1-a6fa-f96e9248063f', 'Phase-3', 'Michigan Primary', 'USA_Michigan', '139177', 2.292, 'Jeeva'),
	('e64c63d6-ad88-4eb3-873f-d2cb0b9abddc', '2afb1939-f760-4cea-ad48-0b95e46c8760', 'Phase-3', 'Michigan Primary', 'USA_Michigan', '138871', 3.058, 'Ayyapan'),
	('e66a152e-16e3-4de3-b441-a5f09e6887e1', '5f8730ed-b88e-44f4-b9d4-9980f9370565', 'Phase-3', 'Michigan Primary', 'USA_Michigan', '137472', 4.123, 'Gandeeban'),
	('e7305280-8cd8-4a3e-8bef-da5037aadec1', '4db03679-ed90-43cc-8550-f12f7f1b1b54', 'Phase-3', 'Michigan Primary', 'USA_Michigan', '138970', 3.622, 'Gandeeban'),
	('e75076d8-6ab4-4eaa-8af8-f6f0ee578c9a', '44ec64d1-f0dc-458f-aa7d-3e4dccbbd7c2', 'Phase-3', 'Michigan Primary', 'USA_Michigan', '139069', 2.033, 'Jeeva'),
	('e7643e62-8789-400e-b449-b0f0c2f75889', 'b778d1dd-777b-4a11-96a7-af84192e4157', 'Phase-3', 'Michigan Primary', 'USA_Michigan', '139020', 3.619, 'Jeeva'),
	('e7d4e07b-2ee7-45c4-8a3a-b0c7efbf7d31', '789d6abb-69d8-4c75-a83f-c6eedb3f1ce6', 'Phase-3', 'Michigan Primary', 'USA_Michigan', '137425', 4.199, 'Ayyapan'),
	('e82c7d13-ab17-429c-8099-c4cc2835b0d3', '76508715-41e3-43f6-ab20-eda979678eec', 'Phase-3', 'Michigan Primary', 'USA_Michigan', '139290', 2.199, 'Natraj'),
	('e830f128-faa0-4dea-a3a1-3b3e9886f35f', '71727f22-7d75-4d05-8441-848bc7b879c3', 'Phase-3', 'Michigan Primary', 'USA_Michigan', '139303', 2.504, 'Natraj'),
	('e87f17c8-9565-4a41-9e40-f49d067a786d', 'a3ee9cfe-4ae6-4de7-a35e-20919b2d4172', 'Phase-3', 'Michigan Primary', 'USA_Michigan', '137804', 3.47, 'Jeeva'),
	('e8a1c1f0-8339-46db-9cf6-47af71e921ae', '3c9471bd-b50a-4fc5-ad82-409235dd07e2', 'Phase-3', 'Michigan Primary', 'USA_Michigan', '138923', 0.084, 'Jeeva'),
	('e8bef3b4-bc6d-4ca7-b9f2-ce81e7e5611d', 'c23d1e6d-54f5-40d3-8e57-3aebeb639212', 'Phase-3', 'Michigan Primary', 'USA_Michigan', '138303', 5.761, 'Gandeeban'),
	('e8c349f9-5fd3-42e9-97c8-9b08b822992f', '244de7ae-f3b1-4a66-bd13-981face467c4', 'Phase-3', 'Michigan Primary', 'USA_Michigan', '139025', 0.192, 'Gandeeban'),
	('e8c55e57-e893-4099-97be-8b2c1b82f4e2', '8b93fdf4-d067-4d59-9635-476d4fd3f7d1', 'Phase-3', 'Michigan Primary', 'USA_Michigan', '139069', 2.033, 'Jeeva'),
	('e8c8b3fb-c048-4958-aa11-263228509436', '6c767f27-44b7-4274-a988-3233dea63675', 'Phase-3', 'Michigan Primary', 'USA_Michigan', '135395', 3.148, 'Ayyapan'),
	('e91be097-36a4-4948-a0c1-6e300dabed3d', '7915aa12-d530-42eb-a0a7-f3b1ebb1fa95', 'Phase-3', 'Michigan Primary', 'USA_Michigan', '138199', 2.783, 'Ayyapan'),
	('e9449659-a9b5-4eff-bf56-5a0650f589e4', 'fa9687d6-6744-4d3a-b8f2-33185d036c19', 'Phase-3', 'Michigan Primary', 'USA_Michigan', '139062', 2.01, 'Jeeva'),
	('e9674722-6459-4f9e-8a3c-1320b065bed9', 'a02ff0ca-573e-4fed-97f9-cb92cb78cb29', 'Phase-3', 'Michigan Primary', 'USA_Michigan', '135254', 0.964, 'Ayyapan'),
	('e9d03f80-ea80-48be-9786-03e6a1c34dd5', 'e2c09da3-d4ac-40e9-b654-0bf6aba3d14c', 'Phase-3', 'Michigan Primary', 'USA_Michigan', '139254', 2.739, 'Natraj'),
	('ea29c8b2-8c65-400d-abb9-5af5d55e9724', '5c561db3-90c0-4166-aeac-d5273bf109b8', 'Phase-3', 'Michigan Primary', 'USA_Michigan', '139224', 0.209, 'Natraj'),
	('ea8cd9b6-e8f0-4e9e-b3c3-8a3f7fa3730c', '6629b427-2591-4edc-80ce-35b3c137b2ca', 'Phase-3', 'Michigan Primary', 'USA_Michigan', '138181', 2.381, 'Ayyapan'),
	('eaaaf1e0-ef42-4125-83ff-c76a9d3973dc', 'cf45a559-3bd9-4eed-a5cf-f66366ac5e17', 'Phase-3', 'Michigan Primary', 'USA_Michigan', '139011', 2.292, 'Jeeva'),
	('eb498d99-ec82-48ef-a14f-917c3f46df7c', '2bc274bf-73a8-4fb6-8c2a-84899dc8da30', 'Phase-3', 'Michigan Primary', 'USA_Michigan', '137802', 3.884, 'Gandeeban'),
	('eb62e3d9-4d63-41cc-81a6-72d436f96dfc', '201cca17-278e-4695-8aee-81133ccef45e', 'Phase-3', 'Michigan Primary', 'USA_Michigan', '138167', 2.023, 'Gandeeban'),
	('ebc064bb-617e-46a8-8611-4ea0cb0b42c0', 'df5b29f4-3444-42db-8670-b9ddfdcec8e5', 'Phase-3', 'Michigan Primary', 'USA_Michigan', '135253', 0.983, 'Ayyapan'),
	('ebfaa961-a23f-4121-8759-556f488fc6d4', '5f61a1aa-fe4b-4328-a75e-563c71f1a167', 'Phase-3', 'Michigan Primary', 'USA_Michigan', '138410', 5.113, 'Gandeeban'),
	('ec02d486-caf7-42e3-affd-64bdb71b4b38', 'a927669d-07c6-4f3c-8abe-2f3693d65830', 'Phase-3', 'Michigan Primary', 'USA_Michigan', '139406', 8.558, 'Natraj'),
	('ec910797-f799-4563-a6d2-222eb21ed16c', '9eceedb1-3f69-4277-a04c-342ff4542b12', 'Phase-3', 'Michigan Primary', 'USA_Michigan', '139260', 0.052, 'Jeeva'),
	('ecf9da3d-c765-4a06-9976-0217c6928397', '04ffaa39-c656-4acc-aac0-ae1b11719283', 'Phase-3', 'Michigan Primary', 'USA_Michigan', '139062', 2.01, 'Jeeva'),
	('ed2cfdda-7a11-45ac-9a4a-f1da85b47ace', '1530d094-808c-44d4-9b17-4f44d720ef1f', 'Phase-3', 'Michigan Primary', 'USA_Michigan', '139438', 3.815, 'Jeeva'),
	('ed34c859-3580-46bc-8035-fe68e5863250', '07e72256-7c84-47b8-8818-af99b722c0af', 'Phase-3', 'Michigan Primary', 'USA_Michigan', '138180', 2.328, 'Ayyapan'),
	('ed37a93a-ee6b-4e75-ab31-66f389d3e0a6', '89d3e71c-f352-492b-80a4-6eac58820812', 'Phase-3', 'Michigan Primary', 'USA_Michigan', '139250', 3.982, 'Jeeva'),
	('ed9213ec-c066-455b-8553-d1ab0d77554e', '9711f756-9ee1-4d09-858d-46a77e6a6829', 'Phase-3', 'Michigan Primary', 'USA_Michigan', '138389', 0.88, 'Jeeva'),
	('edd78a43-3b75-47be-addf-af11f5766da5', 'f401db29-910e-4d36-8a58-7c7e9b31a488', 'Phase-3', 'Michigan Primary', 'USA_Michigan', '139297', 3.489, 'Natraj'),
	('ee07d370-e96a-4539-9d46-3ffcf29e604c', 'b505bc10-872a-4c16-9aad-c9f153189313', 'Phase-3', 'Michigan Primary', 'USA_Michigan', '139024', 0.306, 'Gandeeban'),
	('ee2563de-c198-41ef-a418-742ce92c15a7', '753b43a0-a753-4a85-b988-6a2bf85025e4', 'Phase-3', 'Michigan Primary', 'USA_Michigan', '139300', 2.264, 'Jeeva'),
	('ee2bcd8e-92ce-4673-ad04-7b9959adfec7', 'a55f9d04-15e5-461c-8b9c-74c02d8ecb44', 'Phase-3', 'Michigan Primary', 'USA_Michigan', '138313', 2.376, 'Ayyapan'),
	('ee5d409a-fce4-474e-a8c4-c9f9ada847a4', 'ca35dfbb-74ce-4155-bd1b-90a4f9693f4a', 'Phase-3', 'Michigan Primary', 'USA_Michigan', '139218', 0.286, 'Natraj'),
	('ef196a18-edbb-4f68-9b66-0d01c969f986', '4e4c5ddd-e76a-4674-98ab-0a2e140a8470', 'Phase-3', 'Michigan Primary', 'USA_Michigan', '139204', 3.529, 'Natraj'),
	('efa865e8-d6a1-4c0d-ada3-46bdaaefcc0e', '92ea3893-a515-4ee5-86a7-cb160545da4c', 'Phase-3', 'Michigan Primary', 'USA_Michigan', '139363', 6.193, 'Gandeeban'),
	('f0024c56-021b-4bc0-a83d-dab5077653f9', 'dbd669b7-62f1-49bd-b62b-34c08aa1a179', 'Phase-3', 'Michigan Primary', 'USA_Michigan', '137202', 5.136, 'Ayyapan'),
	('f02e2183-b541-4187-89ad-5ed82c23786a', '06c6a91a-78ca-44b9-94bb-bdd08012a48d', 'Phase-3', 'Michigan Primary', 'USA_Michigan', '139165', 0.304, 'Ayyapan'),
	('f0549083-e294-44d5-8f66-2534c9741130', '8e8ef17c-c3d4-4300-9110-3ac5ea6cbbe8', 'Phase-3', 'Michigan Primary', 'USA_Michigan', '139175', 0.681, 'Gandeeban'),
	('f0bed66b-ff8e-4f3e-a738-0ff28302b539', '60eea11e-f615-4cb3-a6e3-6c9e00d01cde', 'Phase-3', 'Michigan Primary', 'USA_Michigan', '135684', 4.247, 'Gandeeban'),
	('f21a4922-5025-4a4c-a5ef-3ef68a7b08b1', '760165af-de61-43be-b36d-9f031527b660', 'Phase-3', 'Michigan Primary', 'USA_Michigan', '138180', 2.328, 'Ayyapan'),
	('f21dafed-0a40-4cf0-b229-634ba5a320a8', '2d3fd166-1be3-4ee6-9947-4b84357239ff', 'Phase-3', 'Michigan Primary', 'USA_Michigan', '139437', 3.768, 'Jeeva'),
	('f2a87490-6a61-4362-9cbb-a0a210b6d76b', '95fc73bd-05f1-42ea-827a-3d73d0a48ef4', 'Phase-3', 'Michigan Primary', 'USA_Michigan', '135415', 0.405, 'Ayyapan'),
	('f38bf731-96e6-435b-b47c-c3f9ef0615ca', '0d109fbc-ea10-4266-a366-b1a94c505011', 'Phase-3', 'Michigan Primary', 'USA_Michigan', '138931', 0.499, 'Natraj'),
	('f4262839-5449-4200-8976-ce74820d8f55', 'a02dbe3b-6160-46f2-9e9d-c71850d7a64e', 'Phase-3', 'Michigan Primary', 'USA_Michigan', '138345', 0.095, 'Ayyapan'),
	('f4317445-5232-494d-887e-bd98f9b0f0da', 'b94c24a7-8d6e-455d-8c0e-fbd32e028f44', 'Phase-3', 'Michigan Primary', 'USA_Michigan', '139287', 3.191, 'Natraj'),
	('f479d8d1-9f16-4777-9f85-25599552a986', '9f04da86-7872-433b-b4b8-eb7d563d567d', 'Phase-3', 'Michigan Primary', 'USA_Michigan', '139297', 3.489, 'Natraj'),
	('f4989b52-e513-4acf-843f-081384c99c06', 'b2717a75-43ab-40b5-b5d3-83860332242a', 'Phase-3', 'Michigan Primary', 'USA_Michigan', '139173', 0.68, 'Gandeeban'),
	('f4b384ed-1bcd-4c8d-ba7a-89104ab181cf', '0f0eec64-fef4-4b6c-9846-5d5d6f8c199d', 'Phase-3', 'Michigan Primary', 'USA_Michigan', '138411', 6.213, 'Gandeeban'),
	('f546f89c-c742-4073-8e3f-70328ab68cbb', '9e494bad-2ba6-4fd1-af2e-88cc73e79cdc', 'Phase-3', 'Michigan Primary', 'USA_Michigan', '139204', 3.529, 'Natraj'),
	('f559ef33-3972-4ae4-b366-c9590131415e', '09bc6481-9cb7-4e0c-b94b-ed406f8781f4', 'Phase-3', 'Michigan Primary', 'USA_Michigan', '139164', 0.433, 'Ayyapan'),
	('f5db12e0-d692-47c5-9538-ce5e4f742421', 'cc05f28c-824f-47e5-8a16-0ebbddb05e5e', 'Phase-3', 'Michigan Primary', 'USA_Michigan', '138407', 6.844, 'Gandeeban'),
	('f649b522-09f2-452c-957a-e3e152162328', '2a1ea43b-d668-46af-91a7-47cb631bfaf8', 'Phase-3', 'Michigan Primary', 'USA_Michigan', '137472', 4.123, 'Gandeeban'),
	('f6c6fe72-8b20-4d41-a5b1-e5739d3c419d', '1747d159-c915-4dc2-ba98-f2f70235bff5', 'Phase-3', 'Michigan Primary', 'USA_Michigan', '135651', 4.104, 'Gandeeban'),
	('f71d6a7d-9594-488d-9bc7-945fca3a245a', '7a97929e-35f7-4586-9d74-ed4dc7359c90', 'Phase-3', 'Michigan Primary', 'USA_Michigan', '138862', 4.231, 'Ayyapan'),
	('f7274275-5625-443b-b38b-0966b9a5dc72', '2079ffe1-95d7-410b-a91d-c6db93c25b2b', 'Phase-3', 'Michigan Primary', 'USA_Michigan', '139277', 2.069, 'Natraj'),
	('f7c8dc3c-917a-4db5-b41d-420bec52c9e2', 'f9ec8c67-1c30-44d7-bf1d-9ebb017bdfcb', 'Phase-3', 'Michigan Primary', 'USA_Michigan', '135795', 2.939, 'Ayyapan'),
	('f88ae9d3-49f2-4df1-9430-53afc789ac30', 'dd5f67ea-69d5-4964-8082-450958a82a80', 'Phase-3', 'Michigan Primary', 'USA_Michigan', '139003', 0.253, 'Jeeva'),
	('f8c50102-88ed-4cd5-89d1-236afeb74bbb', 'c89b64d6-b6d0-4432-aa8c-cc62b75f8c08', 'Phase-3', 'Michigan Primary', 'USA_Michigan', '135415', 0.405, 'Ayyapan'),
	('f8ccef7a-8f4b-4535-82d4-773d5f8e2df2', 'a3826dfe-0ad6-4f72-8454-e6021d2c4ec7', 'Phase-3', 'Michigan Primary', 'USA_Michigan', '137355', 2.624, 'Ayyapan'),
	('f95a7bde-cebb-4193-9ca2-c1fc24d7887d', '24afe504-ca1a-4a67-b73b-9f210c50597e', 'Phase-3', 'Michigan Primary', 'USA_Michigan', '139278', 2.072, 'Natraj'),
	('f9bfb053-2efd-4165-8a12-766f27f5420f', 'fd98b47e-9fba-49c8-8679-28668007cf66', 'Phase-3', 'Michigan Primary', 'USA_Michigan', '138965', 7.679, 'Jeeva'),
	('fa32b3ec-e8db-46f4-89ae-3b619e3b922d', 'c41dd671-8c29-48c1-a099-b4a594a51691', 'Phase-3', 'Michigan Primary', 'USA_Michigan', '139278', 2.072, 'Natraj'),
	('fbae80b7-4b12-496a-92b3-66cbfadb2388', '29bdc097-9e3b-4a1d-a7c8-371b8bdc9cae', 'Phase-3', 'Michigan Primary', 'USA_Michigan', '138925', 0.625, 'Natraj'),
	('fbb8afe0-02fd-45db-ac58-18bba90278b4', '47ffc7e3-8f7e-4617-b115-2e143fe47618', 'Phase-3', 'Michigan Primary', 'USA_Michigan', '137362', 8.747, 'Ayyapan'),
	('fbe612cd-2660-4fad-a1c0-e824f0a4795e', '11478080-f442-401f-9d38-ebf83f9ce05e', 'Phase-3', 'Michigan Primary', 'USA_Michigan', '139391', 3.176, 'Natraj'),
	('fc2bd957-ab61-42c1-97d2-9d4da33544dd', 'b2a93af2-cfb6-4c2a-b48d-1e64c148ff57', 'Phase-3', 'Michigan Primary', 'USA_Michigan', '137378', 2.46, 'Ayyapan'),
	('fc2d821e-e8e3-45f6-a3cc-cda40aaed439', '09fe940c-7d6c-41e9-abaa-a7ad2283229e', 'Phase-3', 'Michigan Primary', 'USA_Michigan', '139009', 2.712, 'Jeeva'),
	('fc46428a-7fd1-42f5-83c5-19a89ad4fc52', '67f0246b-56df-4934-8848-ed9b6c390326', 'Phase-3', 'Michigan Primary', 'USA_Michigan', '139327', 2.169, 'Natraj'),
	('fd0851fa-2d78-495d-a22b-d35974d3c552', '6e753046-9d5b-4cb1-bce0-9646e3aee84e', 'Phase-3', 'Michigan Primary', 'USA_Michigan', '137416', 2.181, 'Ayyapan'),
	('fe1a6d0e-8e10-44af-8d43-83978c1c4115', 'e83483a6-0ea1-47cf-8c75-8a46e94c1408', 'Phase-3', 'Michigan Primary', 'USA_Michigan', '139406', 8.558, 'Natraj'),
	('fe2bb5d9-7b2f-44f5-85ac-4b8398995b02', 'f5afcd59-05ec-4f90-b969-9f7dd9417c43', 'Phase-3', 'Michigan Primary', 'USA_Michigan', '139439', 2.285, 'Natraj'),
	('fe465e94-f328-4c40-aebe-77540a53fa79', 'd54b3561-5ed8-4088-8767-b64ae2888b17', 'Phase-3', 'Michigan Primary', 'USA_Michigan', '137803', 2.004, 'Gandeeban'),
	('fe89a065-8c87-47bf-a551-9fccb510a680', '61ebc5ec-5ea4-4006-84d7-27a5bd95c8e3', 'Phase-3', 'Michigan Primary', 'USA_Michigan', '138307', 6.19, 'Ayyapan'),
	('fed272f5-d062-45b5-8a21-a2ee8b138537', '14ed3adb-ddd8-4d85-bbd6-fad1e5031901', 'Phase-3', 'Michigan Primary', 'USA_Michigan', '138404', 4.691, 'Gandeeban'),
	('fedcf6b6-5078-4f55-aae6-5be1891fdd90', '8dc12bfe-9f21-469e-8f6c-5e90516036aa', 'Phase-3', 'Michigan Primary', 'USA_Michigan', '138997', 4.279, 'Jeeva'),
	('ffe70133-ee2d-411c-ab37-7fb119226921', '7e6d3bad-5a59-47d1-a2ab-240447bd557d', 'Phase-3', 'Michigan Primary', 'USA_Michigan', '139356', 2.31, 'Jeeva');
/*!40000 ALTER TABLE `operational_data` ENABLE KEYS */;

-- Dumping structure for table data_process.operational_process
CREATE TABLE IF NOT EXISTS `operational_process` (
  `dataURN` varchar(50) NOT NULL,
  `createdBy` varchar(50) DEFAULT NULL,
  `modifiedBy` varchar(50) DEFAULT NULL,
  `modifiedDate` datetime DEFAULT NULL,
  `createdDate` datetime DEFAULT NULL,
  `status` bit(1) DEFAULT b'1',
  PRIMARY KEY (`dataURN`)
) ENGINE=InnoDB DEFAULT CHARSET=utf8;

-- Dumping data for table data_process.operational_process: ~0 rows (approximately)
DELETE FROM `operational_process`;
/*!40000 ALTER TABLE `operational_process` DISABLE KEYS */;
INSERT INTO `operational_process` (`dataURN`, `createdBy`, `modifiedBy`, `modifiedDate`, `createdDate`, `status`) VALUES
	('0053d3e3-d9c9-4792-97b9-68ed6767f0c6', NULL, NULL, NULL, NULL, b'1'),
	('00842aee-d827-4e48-b65f-adaed3b2a0de', NULL, NULL, NULL, NULL, b'1'),
	('01022b78-884a-4bac-850c-b17d58986710', NULL, NULL, NULL, NULL, b'1'),
	('0106753d-d2e3-49fc-8189-64d1d3be46bb', NULL, NULL, NULL, '2021-03-01 23:17:40', b'1'),
	('0123b30f-508a-43e3-8709-d1d3d019fd1f', NULL, NULL, NULL, NULL, b'1'),
	('01501b6a-c7d0-498e-9d5f-a44677e67651', NULL, NULL, NULL, NULL, b'1'),
	('015d679f-98bf-4948-afd4-0c82b988d624', NULL, NULL, NULL, NULL, b'1'),
	('0169f456-5aef-4726-a537-64854562c0ac', NULL, NULL, NULL, NULL, b'1'),
	('01da1f07-7019-440b-8d49-f441d85bb1e3', NULL, NULL, NULL, NULL, b'1'),
	('03828475-c96e-43e0-b5c8-d07d19ae2bf2', NULL, NULL, NULL, NULL, b'1'),
	('0453ef10-aabc-4046-80d2-711d8c8ce754', NULL, NULL, NULL, NULL, b'1'),
	('04726c0e-d5f6-4d4c-88d2-d350c65a41e7', NULL, NULL, NULL, NULL, b'1'),
	('04d12900-1848-43b3-8813-7deec4200963', NULL, NULL, NULL, NULL, b'1'),
	('04ffaa39-c656-4acc-aac0-ae1b11719283', NULL, NULL, NULL, NULL, b'1'),
	('0503453a-5193-4bb5-9a27-08cd54623816', NULL, NULL, NULL, NULL, b'1'),
	('05513458-fd02-469b-a6a7-5006576cd577', NULL, NULL, NULL, NULL, b'1'),
	('05ea7416-9b04-40c2-baa5-d5daed7bfc49', NULL, NULL, NULL, NULL, b'1'),
	('067f3b35-2554-4cf4-b9af-3d56263b9268', NULL, NULL, NULL, NULL, b'1'),
	('06c6a91a-78ca-44b9-94bb-bdd08012a48d', NULL, NULL, NULL, NULL, b'1'),
	('07d6b823-a74b-4639-9a2a-f8c7640d9a29', NULL, NULL, NULL, NULL, b'1'),
	('07e72256-7c84-47b8-8818-af99b722c0af', NULL, NULL, NULL, NULL, b'1'),
	('0817e145-60e0-4a51-b01b-ba013c25adf7', NULL, NULL, NULL, NULL, b'1'),
	('08b4cdd3-32b6-443b-81e1-0dd2f0876d13', NULL, NULL, NULL, NULL, b'1'),
	('0947fc10-b5ae-484e-aa7b-1fcaa23694e6', NULL, NULL, NULL, '2021-03-01 10:13:49', b'1'),
	('09a519f8-ffad-41e1-9167-9e740032821b', NULL, NULL, NULL, NULL, b'1'),
	('09bc6481-9cb7-4e0c-b94b-ed406f8781f4', NULL, NULL, NULL, NULL, b'1'),
	('09fe940c-7d6c-41e9-abaa-a7ad2283229e', NULL, NULL, NULL, NULL, b'1'),
	('0a270d8a-049c-43d6-8664-407d835f7949', NULL, NULL, NULL, NULL, b'1'),
	('0a7cdff2-f5af-4882-b9e3-2bb17c59af24', NULL, NULL, NULL, NULL, b'1'),
	('0a903b57-b70c-4f3a-be34-1099438446ca', NULL, NULL, NULL, NULL, b'1'),
	('0a906fc2-34a0-4ef9-9766-648d4ed662f1', NULL, NULL, NULL, NULL, b'1'),
	('0af23493-f9c9-4a56-9b2c-60b1d419ffad', NULL, NULL, NULL, NULL, b'1'),
	('0bddd814-4f5c-4150-9659-01cf9eff3ded', NULL, NULL, NULL, '2021-03-01 23:10:52', b'1'),
	('0c61c434-4eff-437a-9bf3-5a454bd9cc67', NULL, NULL, NULL, NULL, b'1'),
	('0d109fbc-ea10-4266-a366-b1a94c505011', NULL, NULL, NULL, NULL, b'1'),
	('0d884e39-2ce5-41e4-8d67-e7665c24791d', NULL, NULL, NULL, NULL, b'1'),
	('0dc19213-f15f-4e40-8215-b66ea1221bff', NULL, NULL, NULL, NULL, b'1'),
	('0dc60ce3-b6b9-4577-ba10-7b9b2fd27a36', NULL, NULL, NULL, NULL, b'1'),
	('0e2f7e88-6883-411f-a552-9935257eb8b1', NULL, NULL, NULL, NULL, b'1'),
	('0e319cb5-0803-43e3-bb4e-e9db591bc04c', NULL, NULL, NULL, NULL, b'1'),
	('0e3cea51-d42b-4d29-add7-a42df0f3371f', NULL, NULL, NULL, NULL, b'1'),
	('0ecca239-124b-42ff-aadd-9225aeeaddc7', NULL, NULL, NULL, NULL, b'1'),
	('0f02b818-6e2f-4e57-bb79-5c159d86807e', NULL, NULL, NULL, NULL, b'1'),
	('0f0eec64-fef4-4b6c-9846-5d5d6f8c199d', NULL, NULL, NULL, NULL, b'1'),
	('0f26b41d-d3cf-4c9d-9afc-5c6340f246ed', NULL, NULL, NULL, NULL, b'1'),
	('0f3820dd-fca4-487a-bb6a-247921214f55', NULL, NULL, NULL, NULL, b'1'),
	('1005ed16-7d44-4f18-b7a9-95f8bbc2ae54', NULL, NULL, NULL, NULL, b'1'),
	('101cb938-a175-445e-b437-6e5b2356bbb2', NULL, NULL, NULL, NULL, b'1'),
	('1075e379-eb99-41c3-bc27-32292cda0533', NULL, NULL, NULL, NULL, b'1'),
	('1140c4f7-2db5-4958-a92e-711ba1b347be', NULL, NULL, NULL, NULL, b'1'),
	('11478080-f442-401f-9d38-ebf83f9ce05e', NULL, NULL, NULL, NULL, b'1'),
	('1159a64f-07ad-44ae-bf45-30f91df72cef', NULL, NULL, NULL, NULL, b'1'),
	('11732de9-a96f-40e9-8692-67901c49d8a1', NULL, NULL, NULL, NULL, b'1'),
	('11c66e40-42ba-4184-ae6f-6dd07e3e440f', NULL, NULL, NULL, NULL, b'1'),
	('1234b733-bab4-4a67-af6d-c3afe3beb2f2', NULL, NULL, NULL, NULL, b'1'),
	('1245d435-ee5b-43b0-8dad-6c7af86178d4', NULL, NULL, NULL, NULL, b'1'),
	('12684a8d-c1a8-4980-8e4a-50b01e8c5837', NULL, NULL, NULL, NULL, b'1'),
	('12bd9832-2810-46af-b29f-559eafdd2d0f', NULL, NULL, NULL, NULL, b'1'),
	('130187cd-b6e9-4df5-9344-39df131270b3', NULL, NULL, NULL, NULL, b'1'),
	('13e88e59-e941-4b98-a1f6-84fd445cc403', NULL, NULL, NULL, NULL, b'1'),
	('140b4f99-a762-4a68-97af-e4d8df325d06', NULL, NULL, NULL, NULL, b'1'),
	('1471722a-0507-479f-a788-16c9555328b7', NULL, NULL, NULL, NULL, b'1'),
	('14989561-66fe-432e-90ef-9c9c922e1f2f', NULL, NULL, NULL, NULL, b'1'),
	('14b49428-299a-4af1-95f9-38a99bea39fc', NULL, NULL, NULL, NULL, b'1'),
	('14d795ae-e1ba-4b36-a4ac-0da159eb123f', NULL, NULL, NULL, NULL, b'1'),
	('14ed3adb-ddd8-4d85-bbd6-fad1e5031901', NULL, NULL, NULL, NULL, b'1'),
	('1530d094-808c-44d4-9b17-4f44d720ef1f', NULL, NULL, NULL, NULL, b'1'),
	('15e79dec-a9fc-4a83-8ac9-9f26dcf62016', NULL, NULL, NULL, NULL, b'1'),
	('160753ff-7da2-4b9d-a5b6-9805146a6499', NULL, NULL, NULL, NULL, b'1'),
	('16557245-c905-4a48-ad6b-51bc24f486af', NULL, NULL, NULL, NULL, b'1'),
	('17305df6-66f5-40e1-89a7-62c60f8ecbb0', NULL, NULL, NULL, NULL, b'1'),
	('1747d159-c915-4dc2-ba98-f2f70235bff5', NULL, NULL, NULL, NULL, b'1'),
	('18d4af5c-5e46-4ee5-bb16-3769db2d874d', NULL, NULL, NULL, NULL, b'1'),
	('18e1e0ff-b735-4d45-9679-cc845258db35', NULL, NULL, NULL, NULL, b'1'),
	('190e20a5-8bfc-4956-87ce-18f865b0e8de', NULL, NULL, NULL, NULL, b'1'),
	('191d12f4-c51c-4cd0-9e11-a8f8df1d30b9', NULL, NULL, NULL, NULL, b'1'),
	('19590393-e232-448f-8afc-59e2dafce6ef', NULL, NULL, NULL, NULL, b'1'),
	('197668e1-f25f-4165-b683-d89537f94336', NULL, NULL, NULL, NULL, b'1'),
	('199a5e9f-7906-4848-b894-1242d72f35d2', NULL, NULL, NULL, NULL, b'1'),
	('19b41eba-d9e7-48f8-876c-c92fa4db5eaf', NULL, NULL, NULL, NULL, b'1'),
	('19dc896f-7485-4938-9bc4-e7a73f32015c', NULL, NULL, NULL, NULL, b'1'),
	('1a47cf1f-0083-42da-95ee-b2626e1f3e2a', NULL, NULL, NULL, NULL, b'1'),
	('1ab00df9-3427-4d7a-9743-f97951789a3c', NULL, NULL, NULL, NULL, b'1'),
	('1ab01661-b040-42f2-b32a-c6bded37eaaf', NULL, NULL, NULL, NULL, b'1'),
	('1aee511f-c63e-4ab9-ad39-651b2fe0fde3', NULL, NULL, NULL, NULL, b'1'),
	('1af84a89-fe68-4701-a52a-a88dd87a8dd5', NULL, NULL, NULL, NULL, b'1'),
	('1b14732f-62f5-4021-8958-56ddda4a34ec', NULL, NULL, NULL, NULL, b'1'),
	('1b39a04c-fa42-4f43-b3bd-c2918845968d', NULL, NULL, NULL, NULL, b'1'),
	('1b6080ec-9b79-4170-bf4e-f5d20c217fc9', NULL, NULL, NULL, NULL, b'1'),
	('1b6c692d-a502-4169-a1a5-57d0fefb4e1b', NULL, NULL, NULL, NULL, b'1'),
	('1c198e98-9799-4ed1-bef4-8a01bfbed4a8', NULL, NULL, NULL, NULL, b'1'),
	('1c7d282a-168c-42fb-93ba-ab0207e182b4', NULL, NULL, NULL, NULL, b'1'),
	('1c8dee74-6389-4008-b76d-4d60fc986976', NULL, NULL, NULL, NULL, b'1'),
	('1c937f23-143b-441b-8581-4765eab30ee9', NULL, NULL, NULL, NULL, b'1'),
	('1cb1f4a3-6d55-48b9-a65a-34b8fb1f0748', NULL, NULL, NULL, NULL, b'1'),
	('1e4569e9-f4e9-4250-905c-659473b11f22', NULL, NULL, NULL, NULL, b'1'),
	('1ec9fa40-0d4b-448d-a186-5083a311dc2f', NULL, NULL, NULL, NULL, b'1'),
	('1ecc94c3-5f1e-412e-980c-170a57f7673c', NULL, NULL, NULL, NULL, b'1'),
	('1f3939c6-61d7-4c0a-903f-9bcc91fe0ada', NULL, NULL, NULL, '2021-03-01 10:33:27', b'1'),
	('1fca2a00-0ff8-47dc-ad3c-368b01345ecd', NULL, NULL, NULL, NULL, b'1'),
	('1fca5b51-9bbf-4e89-8629-ac0a68ee906a', NULL, NULL, NULL, NULL, b'1'),
	('201cca17-278e-4695-8aee-81133ccef45e', NULL, NULL, NULL, NULL, b'1'),
	('202267b5-b94f-4efa-8207-a1ad12f25c34', NULL, NULL, NULL, NULL, b'1'),
	('2027f494-41d3-405c-b53f-4cfb152c88e8', NULL, NULL, NULL, NULL, b'1'),
	('2079ffe1-95d7-410b-a91d-c6db93c25b2b', NULL, NULL, NULL, NULL, b'1'),
	('20b68c21-ddcb-4549-9420-3df950bba037', NULL, NULL, NULL, '2021-03-01 09:47:50', b'1'),
	('20e68744-8138-4b5b-99d7-8378aba350df', NULL, NULL, NULL, NULL, b'1'),
	('21fcfc6c-f32f-460d-9d53-7fd6a4992608', NULL, NULL, NULL, NULL, b'1'),
	('2226ee53-7ac9-4620-9820-0e7bb7112eef', NULL, NULL, NULL, NULL, b'1'),
	('234d6346-6173-4d60-88d1-16d36639742e', NULL, NULL, NULL, NULL, b'1'),
	('23657122-94af-492a-b8b6-a4678c30250b', NULL, NULL, NULL, NULL, b'1'),
	('2390a940-73a2-4d75-be5d-22c2079218a1', NULL, NULL, NULL, NULL, b'1'),
	('23a238f0-7d35-4576-965c-1f28f71b0990', NULL, NULL, NULL, NULL, b'1'),
	('23d024ff-2c84-4a7c-b010-29d89e917c4e', NULL, NULL, NULL, NULL, b'1'),
	('23f8f4d5-bd78-4872-adaf-9890244876ff', NULL, NULL, NULL, NULL, b'1'),
	('244de7ae-f3b1-4a66-bd13-981face467c4', NULL, NULL, NULL, NULL, b'1'),
	('24afe504-ca1a-4a67-b73b-9f210c50597e', NULL, NULL, NULL, NULL, b'1'),
	('2531d6d4-32df-4187-b37d-a856241fa3b6', NULL, NULL, NULL, NULL, b'1'),
	('259e5fd2-e2a3-472d-a912-e642e6e62c5b', NULL, NULL, NULL, NULL, b'1'),
	('25a73be8-3cda-4529-aede-71d8fe763d3e', NULL, NULL, NULL, NULL, b'1'),
	('25c4a735-9c07-48f7-845e-1e4ebd7e89e5', NULL, NULL, NULL, NULL, b'1'),
	('25e51e36-5dce-4780-b1d3-c6590bc854db', NULL, NULL, NULL, NULL, b'1'),
	('26055054-7d9f-49e0-a0c8-c82e58b285c2', NULL, NULL, NULL, NULL, b'1'),
	('262f04a7-c960-4058-b335-b0859c66b611', NULL, NULL, NULL, NULL, b'1'),
	('262f36c6-9420-4880-83a0-f273aa54a2f0', NULL, NULL, NULL, NULL, b'1'),
	('26c136ec-5b17-4a78-8fe7-c6059b4a0c06', NULL, NULL, NULL, NULL, b'1'),
	('26cc405a-2488-43ce-b335-166b3147200e', NULL, NULL, NULL, NULL, b'1'),
	('26dc20d9-2507-4d0b-a58b-7fbca0f7c918', NULL, NULL, NULL, NULL, b'1'),
	('27c7c0b8-6a8e-4913-8812-470bec3e55bb', NULL, NULL, NULL, NULL, b'1'),
	('28033438-c125-4970-afc5-73d066a7b683', NULL, NULL, NULL, NULL, b'1'),
	('2879e3a4-2115-4e83-8691-5f41899aa42b', NULL, NULL, NULL, NULL, b'1'),
	('28c2fc62-08af-4605-bb3f-a546345ff9ff', NULL, NULL, NULL, NULL, b'1'),
	('294555e5-536c-449a-8985-21ba271c3356', NULL, NULL, NULL, NULL, b'1'),
	('294f6b9b-1be5-4ef5-90a3-c65add7b5de3', NULL, NULL, NULL, NULL, b'1'),
	('295d6bee-3805-4125-812b-3df1f165514f', NULL, NULL, NULL, NULL, b'1'),
	('29bdc097-9e3b-4a1d-a7c8-371b8bdc9cae', NULL, NULL, NULL, NULL, b'1'),
	('29eba2f0-696f-4adb-a9b4-78ecc26947d7', NULL, NULL, NULL, NULL, b'1'),
	('29f26354-c02d-4de3-9b34-effb09680c9c', NULL, NULL, NULL, NULL, b'1'),
	('29f9fcb1-cbb1-494e-8442-4a92d5aaba2a', NULL, NULL, NULL, NULL, b'1'),
	('2a1ea43b-d668-46af-91a7-47cb631bfaf8', NULL, NULL, NULL, NULL, b'1'),
	('2a35b2fa-a96b-410e-9a45-4f81b3b3206f', NULL, NULL, NULL, NULL, b'1'),
	('2a78a6e0-eae0-4079-a5fe-85a0b3fad2a1', NULL, NULL, NULL, NULL, b'1'),
	('2aa4a90c-1338-4175-9d62-98d104e232f4', NULL, NULL, NULL, NULL, b'1'),
	('2aa4f4b4-5945-46e9-b5ff-eecd32f8c1a6', NULL, NULL, NULL, NULL, b'1'),
	('2afb1939-f760-4cea-ad48-0b95e46c8760', NULL, NULL, NULL, NULL, b'1'),
	('2b48404c-13aa-43b7-a7b6-1e0a67f9ce5d', NULL, NULL, NULL, NULL, b'1'),
	('2b48c793-f851-4d37-85d2-704f08179ce2', NULL, NULL, NULL, NULL, b'1'),
	('2b621b37-a18e-4ff1-8ea3-1cfb90611312', NULL, NULL, NULL, NULL, b'1'),
	('2b7a67bc-2570-4c78-8fc9-8def8f24ab61', NULL, NULL, NULL, NULL, b'1'),
	('2bc274bf-73a8-4fb6-8c2a-84899dc8da30', NULL, NULL, NULL, NULL, b'1'),
	('2c890c97-0146-43a0-8361-bd4a7a2f2345', NULL, NULL, NULL, NULL, b'1'),
	('2cc56adc-5303-4697-92cd-215ea5b07daa', NULL, NULL, NULL, NULL, b'1'),
	('2ccdd04c-38dd-4419-938e-423815889437', NULL, NULL, NULL, NULL, b'1'),
	('2cf24e2b-00ba-4b68-9611-5d10b032dfc7', NULL, NULL, NULL, NULL, b'1'),
	('2d0ea775-ac70-4cfc-accd-394e662293a0', NULL, NULL, NULL, NULL, b'1'),
	('2d3fad1e-506e-4e94-8fd2-c6a569140986', NULL, NULL, NULL, NULL, b'1'),
	('2d3fd166-1be3-4ee6-9947-4b84357239ff', NULL, NULL, NULL, NULL, b'1'),
	('2d583503-0570-42d1-887f-163d85d8a444', NULL, NULL, NULL, NULL, b'1'),
	('2d740030-14fd-4a69-9ce8-95e1bb4a76d1', NULL, NULL, NULL, NULL, b'1'),
	('2d909d7a-519f-48fe-a9c2-d15f045e7e2f', NULL, NULL, NULL, NULL, b'1'),
	('2dd2b358-8128-4dec-a90a-4801ee6ee93f', NULL, NULL, NULL, NULL, b'1'),
	('2df0cdf5-622a-4f24-b2e4-b38b2bbb972f', NULL, NULL, NULL, NULL, b'1'),
	('2e14f500-372e-4732-bd60-e0df27756b86', NULL, NULL, NULL, NULL, b'1'),
	('2e6db947-3c12-473c-8528-644608cc8f09', NULL, NULL, NULL, NULL, b'1'),
	('2f59d110-b3da-45d7-a641-081a141d846b', NULL, NULL, NULL, NULL, b'1'),
	('2f6f02b8-19db-4f21-a3e2-ea7528b2c734', NULL, NULL, NULL, NULL, b'1'),
	('2fdcd757-3457-4592-913a-f4276278c3e0', NULL, NULL, NULL, NULL, b'1'),
	('3009e421-45f0-487e-8a67-57e5155c6e0d', NULL, NULL, NULL, NULL, b'1'),
	('3071a5e3-2343-472a-8965-370f66d1c355', NULL, NULL, NULL, NULL, b'1'),
	('312269ca-6852-451d-98eb-1594364f2a6d', NULL, NULL, NULL, NULL, b'1'),
	('31648bf1-1480-4ce9-a3ac-b5a6fe771fd8', NULL, NULL, NULL, NULL, b'1'),
	('31cf11c7-2211-4c24-96e5-4fcdf33a9ab0', NULL, NULL, NULL, NULL, b'1'),
	('31e35693-bea0-4f29-a786-f0cbea954501', NULL, NULL, NULL, NULL, b'1'),
	('320f2c08-5990-40e1-b249-e9ba5695908f', NULL, NULL, NULL, NULL, b'1'),
	('33b02234-9f4c-451f-ba2a-661d3e033f9e', NULL, NULL, NULL, '2021-03-01 10:28:37', b'1'),
	('348af0a7-8de7-4edf-8f53-657747053399', NULL, NULL, NULL, NULL, b'1'),
	('34a1733a-3ab8-42c5-b73a-178de8b7c7db', NULL, NULL, NULL, NULL, b'1'),
	('35b551c3-3375-4715-8ffa-686fb7e4e0c4', NULL, NULL, NULL, NULL, b'1'),
	('36c891b0-1407-493b-8df6-8e93993f4f70', NULL, NULL, NULL, NULL, b'1'),
	('37308e3c-0b5b-4544-bf9c-59952152acd9', NULL, NULL, NULL, NULL, b'1'),
	('37efe8ad-5501-4634-b60c-fe4a797786c5', NULL, NULL, NULL, NULL, b'1'),
	('37f32838-10b0-47e1-96bf-a17240fb4fb6', NULL, NULL, NULL, NULL, b'1'),
	('38db10ef-bbf4-4042-a919-252f78639b58', NULL, NULL, NULL, NULL, b'1'),
	('39119ca1-885e-4d46-a572-67c3ddafed3c', NULL, NULL, NULL, NULL, b'1'),
	('397ca54b-962a-4257-a34f-16ea6e0b2ea5', NULL, NULL, NULL, NULL, b'1'),
	('3a0f9c3e-c6d7-4378-853b-116b644db800', NULL, NULL, NULL, NULL, b'1'),
	('3a4e515c-de60-435a-a310-d6297705af88', NULL, NULL, NULL, NULL, b'1'),
	('3a514a6a-3ca8-469b-b8af-9e84751580d7', NULL, NULL, NULL, NULL, b'1'),
	('3a538caa-6dae-4ddc-8930-8b73fa72fe1a', NULL, NULL, NULL, NULL, b'1'),
	('3a7c2d36-a037-48bb-aebf-9fbc254bd757', NULL, NULL, NULL, NULL, b'1'),
	('3b9da55a-6076-4e93-b128-56da1b8047dc', NULL, NULL, NULL, NULL, b'1'),
	('3bfd73a4-2eca-4918-ad6b-b719c8d98a0f', NULL, NULL, NULL, NULL, b'1'),
	('3c9471bd-b50a-4fc5-ad82-409235dd07e2', NULL, NULL, NULL, NULL, b'1'),
	('3c9810d6-7827-404b-adec-a438052d9c39', NULL, NULL, NULL, NULL, b'1'),
	('3d1567cb-734d-4aed-b4d3-e61842d55ea8', NULL, NULL, NULL, NULL, b'1'),
	('3d31dade-c5d4-4c18-bceb-3efc3c14e731', NULL, NULL, NULL, NULL, b'1'),
	('3d958f7c-8558-462c-adf6-47e89677e72e', NULL, NULL, NULL, NULL, b'1'),
	('3e337850-205c-4ded-b531-ea3004705c7c', NULL, NULL, NULL, NULL, b'1'),
	('3e74bda4-e751-4ef8-bd83-ce269815140b', NULL, NULL, NULL, NULL, b'1'),
	('420e8d28-ec16-4444-b512-015c756e126b', NULL, NULL, NULL, NULL, b'1'),
	('423580cf-b488-4f05-afd6-489776965ec2', NULL, NULL, NULL, NULL, b'1'),
	('42d1f362-4cdd-4ba9-88b6-d73287101f1d', NULL, NULL, NULL, NULL, b'1'),
	('4342c4c0-9cf7-43d2-acaa-0c1f61aadf99', NULL, NULL, NULL, NULL, b'1'),
	('44bb2bf9-2c2d-4b00-963b-1a2432bd263f', NULL, NULL, NULL, NULL, b'1'),
	('44e363c6-3712-4273-8b16-63bec808ce9a', NULL, NULL, NULL, NULL, b'1'),
	('44ec64d1-f0dc-458f-aa7d-3e4dccbbd7c2', NULL, NULL, NULL, NULL, b'1'),
	('457e2ad4-6cf7-488e-8188-2704ad1d99c1', NULL, NULL, NULL, NULL, b'1'),
	('4596f27e-3916-4cb7-b6cb-c6220d5c3812', NULL, NULL, NULL, NULL, b'1'),
	('459fc712-f881-44a1-87f2-2fcb4ed17035', NULL, NULL, NULL, NULL, b'1'),
	('46279232-0abc-4654-aa71-fd51671c7558', NULL, NULL, NULL, NULL, b'1'),
	('4639c5a6-bf50-44a5-a4d5-e9d9c8108b8e', NULL, NULL, NULL, NULL, b'1'),
	('463c5051-a55a-4db8-a4e1-e28ff155f38d', NULL, NULL, NULL, NULL, b'1'),
	('47355d39-070d-4175-add3-8b4018ff116a', NULL, NULL, NULL, NULL, b'1'),
	('47938839-8415-4991-9f07-e53d0ec076cc', NULL, NULL, NULL, NULL, b'1'),
	('47ffc7e3-8f7e-4617-b115-2e143fe47618', NULL, NULL, NULL, NULL, b'1'),
	('4841263b-3a09-464a-8106-a5a82c80ee05', NULL, NULL, NULL, NULL, b'1'),
	('4854e6b7-4a19-4cda-a0a1-f8d71985a18e', NULL, NULL, NULL, NULL, b'1'),
	('48a0738b-3bb6-4f27-a55c-8bc369112d78', NULL, NULL, NULL, NULL, b'1'),
	('48f6282d-7200-4b90-8d44-7f078b6a2a99', NULL, NULL, NULL, NULL, b'1'),
	('49718a71-fe62-4f69-85f6-573393046dcd', NULL, NULL, NULL, NULL, b'1'),
	('4979fb1b-af0a-4d90-9269-c7467dd4460a', NULL, NULL, NULL, NULL, b'1'),
	('499f4913-90aa-4905-b974-1f1cf61c040c', NULL, NULL, NULL, NULL, b'1'),
	('4ab10240-65d3-478b-9686-916cfa6c939b', NULL, NULL, NULL, NULL, b'1'),
	('4b1e7993-7cbd-4b75-ac7b-31890321cb34', NULL, NULL, NULL, NULL, b'1'),
	('4b5ca8b3-537b-4020-b59e-f00baf441532', NULL, NULL, NULL, NULL, b'1'),
	('4bd05bd6-3d66-4d37-a137-e046fa70d49b', NULL, NULL, NULL, NULL, b'1'),
	('4c0135d4-881c-413c-844d-7772621d4968', NULL, NULL, NULL, NULL, b'1'),
	('4c202e2f-cc8d-4323-a472-73cfb3e80942', NULL, NULL, NULL, NULL, b'1'),
	('4c994a20-9b03-489f-908b-1aa1e1c9b06b', NULL, NULL, NULL, NULL, b'1'),
	('4cc8f4d4-f3bb-46b5-a00d-3a585d508c21', NULL, NULL, NULL, NULL, b'1'),
	('4ccba0a9-1d4c-404e-b7b1-45b28aa1b0b2', NULL, NULL, NULL, NULL, b'1'),
	('4cd87cea-cede-4a24-ab25-d97e1cf3dc1d', NULL, NULL, NULL, NULL, b'1'),
	('4d88f3d8-6ce7-445e-88a0-c89068ae2bfe', NULL, NULL, NULL, NULL, b'1'),
	('4db03679-ed90-43cc-8550-f12f7f1b1b54', NULL, NULL, NULL, NULL, b'1'),
	('4db08958-5722-4935-9b72-356381991851', NULL, NULL, NULL, NULL, b'1'),
	('4dd7bb65-5878-4aae-9b93-a60a1be9ad1f', NULL, NULL, NULL, NULL, b'1'),
	('4e42826b-8e0b-4b96-ad42-f92a068cd05e', NULL, NULL, NULL, NULL, b'1'),
	('4e4ae9bd-5c32-483b-b8a5-43b01fb54b15', NULL, NULL, NULL, NULL, b'1'),
	('4e4c5ddd-e76a-4674-98ab-0a2e140a8470', NULL, NULL, NULL, NULL, b'1'),
	('4e7a6a83-ca3c-47a5-b63e-b36e7f60161c', NULL, NULL, NULL, NULL, b'1'),
	('4e7b2d3a-6f49-4a55-9f56-e1e2f3b5b47d', NULL, NULL, NULL, '2021-03-01 09:39:45', b'1'),
	('4e8106cd-0720-46df-b62d-b240b919c4b9', NULL, NULL, NULL, NULL, b'1'),
	('4e9ef4c1-430b-4d87-aea9-a3c83e629e85', NULL, NULL, NULL, NULL, b'1'),
	('4eddaecf-e03c-4ef9-9667-0e033a7afade', NULL, NULL, NULL, NULL, b'1'),
	('4f8ec6ff-78f6-457c-8e61-cdf07976ef7f', NULL, NULL, NULL, NULL, b'1'),
	('506af1a5-d9e3-4ce1-a7b6-efd1e83cb97e', NULL, NULL, NULL, NULL, b'1'),
	('51ae1d76-9a1f-4c84-a217-9d66ac453782', NULL, NULL, NULL, NULL, b'1'),
	('529efe65-30f7-4f77-a967-9e0e811258bb', NULL, NULL, NULL, NULL, b'1'),
	('53251a20-0253-4f27-925f-feffd36a3175', NULL, NULL, NULL, NULL, b'1'),
	('54a5d70b-3e14-4f20-8188-ea3da67686dd', NULL, NULL, NULL, NULL, b'1'),
	('54f1d44f-9270-426a-ae59-02ed427236f5', NULL, NULL, NULL, NULL, b'1'),
	('5562fbdd-9d40-4678-b380-8cbd57af585c', NULL, NULL, NULL, NULL, b'1'),
	('557a4a58-0d47-4ca9-a152-189907a0f51b', NULL, NULL, NULL, NULL, b'1'),
	('56278072-b61e-461c-aada-8c7db19606fa', NULL, NULL, NULL, NULL, b'1'),
	('565e12ab-7ad8-47ae-a902-e22e250ffdb2', NULL, NULL, NULL, NULL, b'1'),
	('56e1cc8b-f324-4e9c-85a4-c996ad889118', NULL, NULL, NULL, NULL, b'1'),
	('5727ad31-d8e9-41d7-a8b6-4a5f53d5053b', NULL, NULL, NULL, NULL, b'1'),
	('57cef646-7bea-463b-a314-fe3d57a2da2d', NULL, NULL, NULL, NULL, b'1'),
	('57d8a286-7661-4a2f-94ff-80230a7e4f29', NULL, NULL, NULL, NULL, b'1'),
	('58b49690-8cfc-405f-b140-81f6421360c9', NULL, NULL, NULL, NULL, b'1'),
	('58ed6a00-3ee4-4138-bc8c-504ccc6c5ba8', NULL, NULL, NULL, NULL, b'1'),
	('58faf316-f228-487d-98d5-fd76ef5038c7', NULL, NULL, NULL, NULL, b'1'),
	('591ebc8d-f577-4ed7-b057-869e2ce7d0fc', NULL, NULL, NULL, NULL, b'1'),
	('5a0a5638-5807-458c-95db-36d10e7b1184', NULL, NULL, NULL, NULL, b'1'),
	('5a20cbe0-2125-47a0-8cc2-aba9c98af0c3', NULL, NULL, NULL, NULL, b'1'),
	('5a23d80f-849d-43d4-ab80-091a814d5a3a', NULL, NULL, NULL, NULL, b'1'),
	('5a9317fb-87ee-42d8-981f-96ac552009fb', NULL, NULL, NULL, NULL, b'1'),
	('5aacb1b1-d814-41d1-b497-3c95d9ae708f', NULL, NULL, NULL, NULL, b'1'),
	('5af8581d-a86b-4edf-92fe-834413ceea9e', NULL, NULL, NULL, NULL, b'1'),
	('5b0ae29e-191e-4531-94a7-a25acec082af', NULL, NULL, NULL, NULL, b'1'),
	('5b14f1dd-e6be-4d9f-b0de-1a3ee9603ed9', NULL, NULL, NULL, NULL, b'1'),
	('5b51a464-1f3c-493d-8c40-6fe7f68348c0', NULL, NULL, NULL, NULL, b'1'),
	('5bf60ef8-9d5a-440b-a6c7-90ff095a042f', NULL, NULL, NULL, NULL, b'1'),
	('5c561db3-90c0-4166-aeac-d5273bf109b8', NULL, NULL, NULL, NULL, b'1'),
	('5c9a063c-c43a-4bbd-b0ee-0509567845f2', NULL, NULL, NULL, NULL, b'1'),
	('5d440498-0de2-474c-b14a-a1a8f6fa5965', NULL, NULL, NULL, NULL, b'1'),
	('5e38ade2-6e33-42dd-bd52-b7f8fd9a191f', NULL, NULL, NULL, NULL, b'1'),
	('5e3ca203-0576-4b8e-9efe-33604a099ec1', NULL, NULL, NULL, NULL, b'1'),
	('5e59944c-fc79-47e1-b2fc-c8bc8b30946e', NULL, NULL, NULL, NULL, b'1'),
	('5e5b49d0-0a88-4001-8a9a-73431db61188', NULL, NULL, NULL, NULL, b'1'),
	('5efe6770-8315-4784-9501-bd02c2848ad4', NULL, NULL, NULL, NULL, b'1'),
	('5f61a1aa-fe4b-4328-a75e-563c71f1a167', NULL, NULL, NULL, NULL, b'1'),
	('5f6ef0e2-d179-47fc-8a55-1674ae1ceb82', NULL, NULL, NULL, NULL, b'1'),
	('5f7612f0-bf18-40d3-832e-018d657f0074', NULL, NULL, NULL, NULL, b'1'),
	('5f8730ed-b88e-44f4-b9d4-9980f9370565', NULL, NULL, NULL, NULL, b'1'),
	('5fef4dfa-9422-4a50-b2e8-7185bdade2da', NULL, NULL, NULL, NULL, b'1'),
	('60341237-e79e-4a93-a7b7-939ced6a1694', NULL, NULL, NULL, NULL, b'1'),
	('60384fbd-0d48-4f9f-831d-3cf6adab6d2e', NULL, NULL, NULL, NULL, b'1'),
	('60eea11e-f615-4cb3-a6e3-6c9e00d01cde', NULL, NULL, NULL, NULL, b'1'),
	('618eba90-d950-41aa-8a23-047ad98b5b93', NULL, NULL, NULL, NULL, b'1'),
	('61cba91c-d81f-4910-a242-4b070e863cc9', NULL, NULL, NULL, NULL, b'1'),
	('61ebc5ec-5ea4-4006-84d7-27a5bd95c8e3', NULL, NULL, NULL, NULL, b'1'),
	('6286d8a8-f287-492b-ba44-5383d22b1ab9', NULL, NULL, NULL, NULL, b'1'),
	('62ded85b-7601-4a18-82ca-9f0f2eba40ef', NULL, NULL, NULL, NULL, b'1'),
	('6319624d-55ff-4e33-9d45-f2ede2959b08', NULL, NULL, NULL, NULL, b'1'),
	('6397cd42-d33e-4ba6-9141-8650239ec9e0', NULL, NULL, NULL, NULL, b'1'),
	('643e8bbc-8826-4a74-a6ac-0c6a3290cd5e', NULL, NULL, NULL, NULL, b'1'),
	('648e4277-4420-4735-9d3b-0348e2eafd3d', NULL, NULL, NULL, NULL, b'1'),
	('64b46ad3-9532-4d5b-94bd-8fe428a64292', NULL, NULL, NULL, NULL, b'1'),
	('6629b427-2591-4edc-80ce-35b3c137b2ca', NULL, NULL, NULL, NULL, b'1'),
	('66a9a033-a36b-4087-b1bb-21df67d4246a', NULL, NULL, NULL, NULL, b'1'),
	('66cbe170-eabf-4b4c-a1c8-3676e9aed936', NULL, NULL, NULL, NULL, b'1'),
	('67f0246b-56df-4934-8848-ed9b6c390326', NULL, NULL, NULL, NULL, b'1'),
	('68038da7-f522-4566-a43b-e8e2d01547fb', NULL, NULL, NULL, '2021-03-01 10:15:15', b'1'),
	('6944000f-44bc-4387-943b-b6d54423d929', NULL, NULL, NULL, NULL, b'1'),
	('6a2a79fd-b32c-4962-97ed-0dc00c1c7750', NULL, NULL, NULL, NULL, b'1'),
	('6a93aad0-7b3e-4123-8f4f-3bc9fbbcb692', NULL, NULL, NULL, '2021-03-02 00:50:41', b'1'),
	('6b55200e-565d-4a17-ae61-199c3acd5915', NULL, NULL, NULL, NULL, b'1'),
	('6b98f77a-78d9-4bf6-b951-3239e1790ca7', NULL, NULL, NULL, NULL, b'1'),
	('6bc3e1f6-9965-4fb3-bb3e-a84ef103b7f0', NULL, NULL, NULL, NULL, b'1'),
	('6be7f236-7c21-4b3f-ac48-76a6f08401c3', NULL, NULL, NULL, NULL, b'1'),
	('6c767f27-44b7-4274-a988-3233dea63675', NULL, NULL, NULL, NULL, b'1'),
	('6d380eec-ed73-4a29-9319-b3eb9572fb6b', NULL, NULL, NULL, NULL, b'1'),
	('6d9a4bed-4246-4159-85f8-2e05c39afa3d', NULL, NULL, NULL, NULL, b'1'),
	('6da1d76e-ff54-4f93-b0e4-ee9788d0c1e4', NULL, NULL, NULL, NULL, b'1'),
	('6da91662-3578-422c-b33c-274556f0e9a0', NULL, NULL, NULL, NULL, b'1'),
	('6dd30e13-3bc6-4cd3-a9f0-cf7383bdb36a', NULL, NULL, NULL, NULL, b'1'),
	('6de498b1-3608-4bab-bf32-b5c076e5c7f2', NULL, NULL, NULL, NULL, b'1'),
	('6e0ee241-11b0-483f-b397-ec024e50f023', NULL, NULL, NULL, NULL, b'1'),
	('6e753046-9d5b-4cb1-bce0-9646e3aee84e', NULL, NULL, NULL, NULL, b'1'),
	('6e97f6b3-4325-4309-93b0-b3a94867d6d6', NULL, NULL, NULL, NULL, b'1'),
	('6ecbf1f7-e5e4-41e0-aec7-9ac8f094130c', NULL, NULL, NULL, NULL, b'1'),
	('6f773cb8-f2c5-4150-8cf9-176acead598b', NULL, NULL, NULL, NULL, b'1'),
	('7053d666-1141-4e36-b2ae-2fb24a7d726a', NULL, NULL, NULL, NULL, b'1'),
	('70f0473f-b168-4549-ab63-3a88f3e6aab4', NULL, NULL, NULL, NULL, b'1'),
	('711a2f0c-2aa3-472d-83b2-71e2fc9d8aa6', NULL, NULL, NULL, NULL, b'1'),
	('714ad20d-0075-4fdb-bf12-6b74b68eacda', NULL, NULL, NULL, NULL, b'1'),
	('71727f22-7d75-4d05-8441-848bc7b879c3', NULL, NULL, NULL, NULL, b'1'),
	('719d25c4-1267-44ae-8d01-80630403816e', NULL, NULL, NULL, NULL, b'1'),
	('725efe0c-39d6-4c9d-9e8c-967056a080b3', NULL, NULL, NULL, NULL, b'1'),
	('73131682-76d2-40bf-ac75-9b5269bfe7c0', NULL, NULL, NULL, NULL, b'1'),
	('737f2207-b8e3-4813-bf86-564392e58a51', NULL, NULL, NULL, '2021-03-02 02:23:17', b'1'),
	('73993935-5c75-4910-bda1-77cede1291c8', NULL, NULL, NULL, NULL, b'1'),
	('74a0afd8-afad-4313-ab54-349f5d1cc13d', NULL, NULL, NULL, NULL, b'1'),
	('74c8e02f-a2f3-4c68-9223-8f86776d7d20', NULL, NULL, NULL, NULL, b'1'),
	('75053c4d-92e9-460e-a5d1-03e70e17ddf3', NULL, NULL, NULL, NULL, b'1'),
	('753b43a0-a753-4a85-b988-6a2bf85025e4', NULL, NULL, NULL, NULL, b'1'),
	('7563bb16-d9b5-4078-b78e-0eba9e44e9e0', NULL, NULL, NULL, NULL, b'1'),
	('75eb0a5d-f666-4925-9ce1-b7d25354d54d', NULL, NULL, NULL, NULL, b'1'),
	('760165af-de61-43be-b36d-9f031527b660', NULL, NULL, NULL, NULL, b'1'),
	('762e9a55-59e7-4a98-aac9-8daf8cde1ad5', NULL, NULL, NULL, NULL, b'1'),
	('76508715-41e3-43f6-ab20-eda979678eec', NULL, NULL, NULL, NULL, b'1'),
	('76623173-6c62-4897-aa12-fb05baace006', NULL, NULL, NULL, NULL, b'1'),
	('76705a6a-3a8a-4add-bed4-8abcc7713f27', NULL, NULL, NULL, NULL, b'1'),
	('76f6eb3c-0553-48eb-9ad8-507b87d5189f', NULL, NULL, NULL, NULL, b'1'),
	('771deac4-0939-47be-b2d3-04a950cbf351', NULL, NULL, NULL, NULL, b'1'),
	('773ea692-20a8-4fde-b4d2-7b60e3e9e35d', NULL, NULL, NULL, NULL, b'1'),
	('77a485b9-31df-412d-b9e8-54f735dcfece', NULL, NULL, NULL, '2021-03-01 09:36:51', b'1'),
	('78037d17-7176-41d3-a8ad-0e72a5179158', NULL, NULL, NULL, NULL, b'1'),
	('781d8326-7558-4c25-abb5-9e11c2edd839', NULL, NULL, NULL, NULL, b'1'),
	('789d6abb-69d8-4c75-a83f-c6eedb3f1ce6', NULL, NULL, NULL, NULL, b'1'),
	('7915aa12-d530-42eb-a0a7-f3b1ebb1fa95', NULL, NULL, NULL, NULL, b'1'),
	('79273d2f-a197-4338-88c7-646c1677dd0e', NULL, NULL, NULL, NULL, b'1'),
	('79bbbc84-46fd-4d17-848c-8e3db2854af2', NULL, NULL, NULL, NULL, b'1'),
	('7a55d5a1-0777-4844-9c07-f9908de6d58b', NULL, NULL, NULL, NULL, b'1'),
	('7a7969b2-0939-4517-97ad-89b067e30242', NULL, NULL, NULL, NULL, b'1'),
	('7a96c173-fdc7-4e9b-8e50-edb811661d32', NULL, NULL, NULL, NULL, b'1'),
	('7a97929e-35f7-4586-9d74-ed4dc7359c90', NULL, NULL, NULL, NULL, b'1'),
	('7b2b5bb6-490d-4f24-a856-e3f9b3c2c73c', NULL, NULL, NULL, NULL, b'1'),
	('7b989397-b701-437d-b2ba-10c62fc6db27', NULL, NULL, NULL, NULL, b'1'),
	('7bc4efe0-6db8-4ebf-a79e-80214f2a8344', NULL, NULL, NULL, NULL, b'1'),
	('7c17120a-67d8-442c-a2c6-4270040ad300', NULL, NULL, NULL, NULL, b'1'),
	('7c45239d-38e9-413f-abf9-de27cfc90e21', NULL, NULL, NULL, NULL, b'1'),
	('7c499629-aa51-4fa6-a46f-b90c694cdf5b', NULL, NULL, NULL, NULL, b'1'),
	('7c6bb0c5-96bc-412e-83d8-80cb9a1107fe', NULL, NULL, NULL, NULL, b'1'),
	('7cec1810-670b-4b2e-afaf-01798e470071', NULL, NULL, NULL, NULL, b'1'),
	('7d521b60-b4ad-4fce-9923-6e453066e96f', NULL, NULL, NULL, NULL, b'1'),
	('7e6d3bad-5a59-47d1-a2ab-240447bd557d', NULL, NULL, NULL, NULL, b'1'),
	('7e750398-3d73-4e5f-8a94-21b9ea832804', NULL, NULL, NULL, NULL, b'1'),
	('7e7d7776-ab41-4873-8759-c87c8c133d89', NULL, NULL, NULL, '2021-03-01 22:38:15', b'1'),
	('7f25f3ea-4a40-4939-a5a6-a399a922d764', NULL, NULL, NULL, NULL, b'1'),
	('7f49d54a-1264-4669-bdfc-4ca0492d666d', NULL, NULL, NULL, NULL, b'1'),
	('7ffdd5bc-262b-48dc-a395-b91fb10d08f7', NULL, NULL, NULL, NULL, b'1'),
	('800d7d2d-f2e5-40a9-bff8-bd365b5c3e31', NULL, NULL, NULL, NULL, b'1'),
	('80436810-27a2-49fd-bdfc-9dc9e4f2e6ff', NULL, NULL, NULL, NULL, b'1'),
	('811f0ff9-c725-4583-bf51-94392920e070', NULL, NULL, NULL, NULL, b'1'),
	('81e37ba9-8548-499e-8407-2aeef04ab6e0', NULL, NULL, NULL, NULL, b'1'),
	('821b05e0-75d6-4732-b8f5-d7945fa5079f', NULL, NULL, NULL, NULL, b'1'),
	('82ac98f7-0989-417d-9080-01190c9e89a9', NULL, NULL, NULL, NULL, b'1'),
	('8347a312-dd5b-47a3-aea9-afb9bdf4151e', NULL, NULL, NULL, NULL, b'1'),
	('835f974f-1084-4cdb-b44a-71e08144c722', NULL, NULL, NULL, NULL, b'1'),
	('836394a2-4e1a-4b16-9d84-bf436b73d1c0', NULL, NULL, NULL, NULL, b'1'),
	('83e608cd-3734-4ad6-b23b-ff1481158037', NULL, NULL, NULL, NULL, b'1'),
	('84e70d3f-4ce0-49ac-8272-0112fbc8a4e4', NULL, NULL, NULL, NULL, b'1'),
	('8510b805-65d7-4bec-845e-876db96e1095', NULL, NULL, NULL, NULL, b'1'),
	('85348016-4e13-4ce6-b76f-e800b00f7b3b', NULL, NULL, NULL, NULL, b'1'),
	('8678b4c3-adb2-473d-be0f-eacb89769ffe', NULL, NULL, NULL, NULL, b'1'),
	('8690c187-90d4-4e2f-9aaf-fb77aedab170', NULL, NULL, NULL, NULL, b'1'),
	('87008dad-c12b-4a86-a5c3-875090541c31', NULL, NULL, NULL, NULL, b'1'),
	('8785284c-1471-4d9a-8bbd-14185c661a4f', NULL, NULL, NULL, NULL, b'1'),
	('879103d3-a47d-4525-901b-951c9f100b2f', NULL, NULL, NULL, NULL, b'1'),
	('87bc36b3-4bd7-4683-b1f9-78ade925d65e', NULL, NULL, NULL, NULL, b'1'),
	('87dad0eb-0012-4849-9ad6-de17fa3ea48e', NULL, NULL, NULL, NULL, b'1'),
	('88a54fbd-6dd8-4bd5-b779-43271e54826d', NULL, NULL, NULL, NULL, b'1'),
	('88bb63a4-6f3c-4233-acd0-3ac009b47041', NULL, NULL, NULL, NULL, b'1'),
	('88e6ef0c-90b8-445d-95d5-9526b1e4b490', NULL, NULL, NULL, NULL, b'1'),
	('892f9e20-9939-4a22-ac2f-477fc4be2dfa', NULL, NULL, NULL, NULL, b'1'),
	('893f2033-0e0f-4ea4-a272-408b82d7bbef', NULL, NULL, NULL, NULL, b'1'),
	('89b054fd-6a0b-4b1d-9cf2-536a6573f5f8', NULL, NULL, NULL, NULL, b'1'),
	('89d3e71c-f352-492b-80a4-6eac58820812', NULL, NULL, NULL, NULL, b'1'),
	('8a04849c-b993-4627-8896-b174b6c90b42', NULL, NULL, NULL, NULL, b'1'),
	('8b54a8eb-57c1-4976-8d78-dc5e0298c1c3', NULL, NULL, NULL, NULL, b'1'),
	('8b93fdf4-d067-4d59-9635-476d4fd3f7d1', NULL, NULL, NULL, NULL, b'1'),
	('8c0b074a-554c-4859-bf92-21203502590a', NULL, NULL, NULL, NULL, b'1'),
	('8c18096a-9d7d-4ae2-ad85-3ccf966a14e2', NULL, NULL, NULL, NULL, b'1'),
	('8c88353a-d1fb-4fa8-afe1-5b42d5dfb6b3', NULL, NULL, NULL, NULL, b'1'),
	('8cb53764-48f4-431f-96ea-1ed9f0747430', NULL, NULL, NULL, NULL, b'1'),
	('8cda5738-9fe3-4976-8cbd-ec94c8201442', NULL, NULL, NULL, NULL, b'1'),
	('8cfd243e-211a-4f93-a566-3ac72bdba9f4', NULL, NULL, NULL, NULL, b'1'),
	('8d88f294-d503-4a5f-9418-efce806607e9', NULL, NULL, NULL, NULL, b'1'),
	('8d9c86ae-fc6e-46e9-a00f-31646c5e92a3', NULL, NULL, NULL, NULL, b'1'),
	('8da3694d-cc0a-4123-ac85-646d5352a64c', NULL, NULL, NULL, NULL, b'1'),
	('8da7ab84-8c15-4178-83bc-f66a5b375567', NULL, NULL, NULL, NULL, b'1'),
	('8dc12bfe-9f21-469e-8f6c-5e90516036aa', NULL, NULL, NULL, NULL, b'1'),
	('8e363e9e-0b99-4df8-9194-bb81549dde55', NULL, NULL, NULL, NULL, b'1'),
	('8e6808af-58c8-4ef9-b935-b71540e1b7e1', NULL, NULL, NULL, NULL, b'1'),
	('8e8ef17c-c3d4-4300-9110-3ac5ea6cbbe8', NULL, NULL, NULL, NULL, b'1'),
	('8ed431a7-ecee-4828-a378-979576867d66', NULL, NULL, NULL, NULL, b'1'),
	('8f3b75e4-8956-4d4b-ba4e-4b3eed34c079', NULL, NULL, NULL, NULL, b'1'),
	('8f8c061a-d55f-46ff-8b4e-6ef8b7186096', NULL, NULL, NULL, NULL, b'1'),
	('8f8e6c8e-12e7-4358-b91d-f53f52eb5845', NULL, NULL, NULL, NULL, b'1'),
	('8fa5ead1-ed6a-4855-a4a0-720bae8d87b6', NULL, NULL, NULL, NULL, b'1'),
	('8fd2dad8-3553-43a1-a6fa-f96e9248063f', NULL, NULL, NULL, NULL, b'1'),
	('90a4e8d6-cda3-412c-ab7f-902977092be0', NULL, NULL, NULL, NULL, b'1'),
	('9118243a-4661-4bf0-8dc3-1005ac3c0076', NULL, NULL, NULL, NULL, b'1'),
	('9142187a-14ee-4411-b363-0c75638be731', NULL, NULL, NULL, NULL, b'1'),
	('91555c17-62e4-4f46-9c4c-215ba20aaf02', NULL, NULL, NULL, NULL, b'1'),
	('915b4535-9cd6-41d4-9c94-24b1fecb4292', NULL, NULL, NULL, NULL, b'1'),
	('9184727d-95d8-4ebe-8e9c-bdac4eacccfc', NULL, NULL, NULL, NULL, b'1'),
	('91dace1b-7552-42a7-ae85-a78985517ad2', NULL, NULL, NULL, NULL, b'1'),
	('9241e6d8-2a08-43f6-8b72-affa3e42b677', NULL, NULL, NULL, NULL, b'1'),
	('9277282e-ebd0-49c3-80fc-95166539c222', NULL, NULL, NULL, NULL, b'1'),
	('92ea3893-a515-4ee5-86a7-cb160545da4c', NULL, NULL, NULL, NULL, b'1'),
	('930f2c77-a06e-4f9a-a37a-1448ed0ae443', NULL, NULL, NULL, NULL, b'1'),
	('93c30a29-fa1f-4ece-b648-9925367213f6', NULL, NULL, NULL, NULL, b'1'),
	('940cdb96-a8e1-45ce-b3aa-4e85ad021890', NULL, NULL, NULL, '2021-03-02 00:42:51', b'1'),
	('944fa4b9-3a8c-4d9d-9e4b-59ceb4fbaf54', NULL, NULL, NULL, '2021-03-01 22:47:44', b'1'),
	('9481b764-2194-408b-b3d1-7ec4111b517d', NULL, NULL, NULL, NULL, b'1'),
	('9581e6a1-3897-4f7a-866f-1566af5bd855', NULL, NULL, NULL, NULL, b'1'),
	('95d24de4-b99e-4a13-8446-8f90e516584d', NULL, NULL, NULL, NULL, b'1'),
	('95ea006a-d09b-4db7-9338-0d686ce3aa73', NULL, NULL, NULL, NULL, b'1'),
	('95fc73bd-05f1-42ea-827a-3d73d0a48ef4', NULL, NULL, NULL, NULL, b'1'),
	('962abfcc-9f32-4047-bc08-d8d1d6992a8d', NULL, NULL, NULL, NULL, b'1'),
	('964aa5e9-1942-4580-8498-497d5c1d7c51', NULL, NULL, NULL, NULL, b'1'),
	('966fcec5-1fa0-43a9-b142-d04f3afbeec3', NULL, NULL, NULL, NULL, b'1'),
	('96ab3b7a-5464-439a-be39-1d975aee0ae8', NULL, NULL, NULL, NULL, b'1'),
	('96c4872d-4563-431a-88ed-c7f56ea7ea8e', NULL, NULL, NULL, NULL, b'1'),
	('96e0185c-f7d5-49b4-99e1-6cbed8029370', NULL, NULL, NULL, NULL, b'1'),
	('9711f756-9ee1-4d09-858d-46a77e6a6829', NULL, NULL, NULL, NULL, b'1'),
	('983a348c-f128-4d33-b973-4f9eda0c736d', NULL, NULL, NULL, NULL, b'1'),
	('9842e8c1-154e-46e8-8412-9df84fc4828b', NULL, NULL, NULL, NULL, b'1'),
	('98634d25-3e9c-46ff-99e6-3523efa68e79', NULL, NULL, NULL, NULL, b'1'),
	('993cf220-d1f4-44c6-8b17-72525206c8f7', NULL, NULL, NULL, NULL, b'1'),
	('999cbcc0-5130-4571-8ad8-43005d6efac6', NULL, NULL, NULL, NULL, b'1'),
	('9a05d769-f4d2-4845-a7bb-acaca7d8952a', NULL, NULL, NULL, NULL, b'1'),
	('9a5b425c-b4db-4ba3-aa50-eaa2bef1728f', NULL, NULL, NULL, NULL, b'1'),
	('9a5d8cab-30a7-4bc9-b1b5-96536518fee7', NULL, NULL, NULL, NULL, b'1'),
	('9a91b89e-f302-4193-8b68-433fb2c574f5', NULL, NULL, NULL, NULL, b'1'),
	('9b0c6a5a-36f0-43a9-a6b3-a6f47684ca01', NULL, NULL, NULL, NULL, b'1'),
	('9bed7b9f-c861-4e64-b9f7-9b2d1767bdaf', NULL, NULL, NULL, NULL, b'1'),
	('9c2eefb2-7423-46e7-a426-5246205896f9', NULL, NULL, NULL, NULL, b'1'),
	('9d754f89-0109-4a57-bc8c-f8256e83180d', NULL, NULL, NULL, NULL, b'1'),
	('9d858c8a-1bfe-44e2-bdba-5ebb2e9699b9', NULL, NULL, NULL, NULL, b'1'),
	('9d94c1c1-cc39-4a6c-aa0e-7fde749d46e7', NULL, NULL, NULL, NULL, b'1'),
	('9e060e90-9935-4333-adef-c39acbe42b4b', NULL, NULL, NULL, NULL, b'1'),
	('9e494bad-2ba6-4fd1-af2e-88cc73e79cdc', NULL, NULL, NULL, NULL, b'1'),
	('9e5baab2-18e1-401f-a9f8-959acf109002', NULL, NULL, NULL, NULL, b'1'),
	('9e63db2d-627b-4586-9464-6039475c9a15', NULL, NULL, NULL, NULL, b'1'),
	('9e740d4f-4fd8-46bb-9641-add88d6bfba4', NULL, NULL, NULL, NULL, b'1'),
	('9e878891-db57-4743-a9c4-f311b3e52399', NULL, NULL, NULL, NULL, b'1'),
	('9eceedb1-3f69-4277-a04c-342ff4542b12', NULL, NULL, NULL, NULL, b'1'),
	('9f04da86-7872-433b-b4b8-eb7d563d567d', NULL, NULL, NULL, NULL, b'1'),
	('9f5e7055-e03c-4cf1-a6a8-f70312ee7ff7', NULL, NULL, NULL, NULL, b'1'),
	('9f6cd629-6386-40ef-a650-f0ae6c761237', NULL, NULL, NULL, NULL, b'1'),
	('9f793e02-b48f-4ea7-b693-a7ec95b05da6', NULL, NULL, NULL, NULL, b'1'),
	('a00412b5-4df0-463c-985b-ef022abe2c3a', NULL, NULL, NULL, NULL, b'1'),
	('a0146bf7-dafd-4e4d-9691-24485e1005e9', NULL, NULL, NULL, NULL, b'1'),
	('a02dbe3b-6160-46f2-9e9d-c71850d7a64e', NULL, NULL, NULL, NULL, b'1'),
	('a02ff0ca-573e-4fed-97f9-cb92cb78cb29', NULL, NULL, NULL, NULL, b'1'),
	('a0aad65e-a70a-4dd1-92f5-486429bf8db6', NULL, NULL, NULL, NULL, b'1'),
	('a0dba070-a564-4300-8dd1-772eaf3a38ac', NULL, NULL, NULL, NULL, b'1'),
	('a13e91eb-8ce6-4113-a9d6-383edce167da', NULL, NULL, NULL, NULL, b'1'),
	('a1762f2d-0356-4a2f-990d-e5f737fd387e', NULL, NULL, NULL, NULL, b'1'),
	('a1e06a4b-bc5f-4283-bb62-8d848e83eda3', NULL, NULL, NULL, NULL, b'1'),
	('a1eaa77d-ea13-42c7-be71-5b951af23bcd', NULL, NULL, NULL, NULL, b'1'),
	('a1f0d987-ad45-4f4d-89d7-629034e073e1', NULL, NULL, NULL, NULL, b'1'),
	('a3826dfe-0ad6-4f72-8454-e6021d2c4ec7', NULL, NULL, NULL, NULL, b'1'),
	('a3cdf88c-a611-4e5e-8f2f-a1338cabd5c4', NULL, NULL, NULL, NULL, b'1'),
	('a3ee9cfe-4ae6-4de7-a35e-20919b2d4172', NULL, NULL, NULL, NULL, b'1'),
	('a408348a-94c0-4747-9920-5210698e3607', NULL, NULL, NULL, NULL, b'1'),
	('a43c07dc-7595-41d4-96f8-f12b7b59e1fd', NULL, NULL, NULL, NULL, b'1'),
	('a47a6083-2c34-4110-9402-62c7bbca10f5', NULL, NULL, NULL, NULL, b'1'),
	('a493bb73-fd97-49d2-991b-ad469a0f12d1', NULL, NULL, NULL, NULL, b'1'),
	('a50f9139-23a4-4593-affd-d4c2153255ba', NULL, NULL, NULL, NULL, b'1'),
	('a5108652-f4b7-4b99-bb10-424588240acb', NULL, NULL, NULL, NULL, b'1'),
	('a5214cc8-d1c5-4b50-b772-834a4b4481e5', NULL, NULL, NULL, NULL, b'1'),
	('a53525fd-7455-4380-a9bd-a7c4f575e136', NULL, NULL, NULL, NULL, b'1'),
	('a55f9d04-15e5-461c-8b9c-74c02d8ecb44', NULL, NULL, NULL, NULL, b'1'),
	('a56c663b-d174-4e11-ac06-6ad77ee67109', NULL, NULL, NULL, NULL, b'1'),
	('a56e4d85-cfb6-4b39-8ed5-110521aefea9', NULL, NULL, NULL, NULL, b'1'),
	('a5b2c331-d4ea-4780-bd5d-e10b44d45ebf', NULL, NULL, NULL, NULL, b'1'),
	('a5e5c19c-a9fd-4d91-8048-7085958ea295', NULL, NULL, NULL, NULL, b'1'),
	('a5f75330-867b-4c18-8605-9828be09a213', NULL, NULL, NULL, NULL, b'1'),
	('a64b0e47-83c8-4c25-9fd7-991f7fa35b5e', NULL, NULL, NULL, NULL, b'1'),
	('a64f05f5-672f-47dc-bfb7-0473d8130697', NULL, NULL, NULL, NULL, b'1'),
	('a69ea6bb-d756-4282-975b-89ee774b7135', NULL, NULL, NULL, NULL, b'1'),
	('a6e51e8e-354b-4690-8da1-485584b1484b', NULL, NULL, NULL, NULL, b'1'),
	('a927669d-07c6-4f3c-8abe-2f3693d65830', NULL, NULL, NULL, NULL, b'1'),
	('a9ac7356-cdc7-44af-9eb7-512d7c102692', NULL, NULL, NULL, NULL, b'1'),
	('a9fe5c2b-86c5-4c22-8199-110615f1757f', NULL, NULL, NULL, NULL, b'1'),
	('aa0e1ea7-da15-433f-aed6-95584c4ca0e9', NULL, NULL, NULL, NULL, b'1'),
	('aa448070-3d65-47f1-a184-151380ce0219', NULL, NULL, NULL, NULL, b'1'),
	('aa98f421-b8b5-47b4-8de6-9a86cdbe4680', NULL, NULL, NULL, NULL, b'1'),
	('ab5f800e-2cfd-44b0-84e2-60012688bf81', NULL, NULL, NULL, NULL, b'1'),
	('ab84e47e-2c8c-4a2c-9050-1b570a3e9227', NULL, NULL, NULL, NULL, b'1'),
	('aba0f6a9-a06c-4878-93d1-566a76949240', NULL, NULL, NULL, NULL, b'1'),
	('ac058a11-2428-490f-a17e-0c067267d19a', NULL, NULL, NULL, NULL, b'1'),
	('ac65689f-cbc1-40ab-bc76-f2a25d48db17', NULL, NULL, NULL, NULL, b'1'),
	('acc93d70-aff2-430c-b798-a8b3c4101ff8', NULL, NULL, NULL, NULL, b'1'),
	('acd005f7-2441-43e5-9635-90a54f86d2cf', NULL, NULL, NULL, '2021-03-01 10:22:17', b'1'),
	('addc5d6b-6785-4117-8b5f-cf0d26bc53fc', NULL, NULL, NULL, NULL, b'1'),
	('ade4f017-b89b-4bab-b868-f2fe46cc1fb3', NULL, NULL, NULL, NULL, b'1'),
	('ae33412d-b0ff-4c7d-9434-c8a15fd1902f', NULL, NULL, NULL, NULL, b'1'),
	('ae574eab-ccbe-4c2e-800d-6a447e3ff920', NULL, NULL, NULL, '2021-03-01 10:30:38', b'1'),
	('aeaa69b5-27a2-4adb-8dd2-b0d98b96ec49', NULL, NULL, NULL, NULL, b'1'),
	('afa44621-fc47-4917-ac93-b93e7517616f', NULL, NULL, NULL, NULL, b'1'),
	('affdf894-1912-42f8-84f5-a41224bd75b1', NULL, NULL, NULL, NULL, b'1'),
	('b026a3fe-3923-4ef7-b155-d1a3ed23047b', NULL, NULL, NULL, NULL, b'1'),
	('b05ca8ed-fdf6-4e94-b9ad-9709b3292575', NULL, NULL, NULL, NULL, b'1'),
	('b0dbe0b4-ed6b-467b-81f7-b0a24515ca6f', NULL, NULL, NULL, NULL, b'1'),
	('b1f649dd-9f2e-4753-97ff-8c60ab8b3c59', NULL, NULL, NULL, NULL, b'1'),
	('b2717a75-43ab-40b5-b5d3-83860332242a', NULL, NULL, NULL, NULL, b'1'),
	('b29ec8b3-3893-4f01-8470-f52cae7cfea5', NULL, NULL, NULL, NULL, b'1'),
	('b2a93af2-cfb6-4c2a-b48d-1e64c148ff57', NULL, NULL, NULL, NULL, b'1'),
	('b2cdfa5a-a823-4cd6-921d-b559ad56fe6d', NULL, NULL, NULL, NULL, b'1'),
	('b2f330bc-d0e9-4885-a128-cdf0ce18fcda', NULL, NULL, NULL, NULL, b'1'),
	('b338685b-6083-4295-aa76-d4b0c44220b7', NULL, NULL, NULL, NULL, b'1'),
	('b37bdfdb-f7fc-4fbe-8c90-abe0be1aa702', NULL, NULL, NULL, NULL, b'1'),
	('b3a3876f-027b-406e-a5de-9117046b6d0f', NULL, NULL, NULL, NULL, b'1'),
	('b477692f-d8c2-4745-9c0b-59a3a69e62b6', NULL, NULL, NULL, NULL, b'1'),
	('b505bc10-872a-4c16-9aad-c9f153189313', NULL, NULL, NULL, NULL, b'1'),
	('b5b2b65b-6dc7-4fe5-8f39-09da24ead463', NULL, NULL, NULL, NULL, b'1'),
	('b5c73ab8-b4f8-4336-ba62-e59460447742', NULL, NULL, NULL, NULL, b'1'),
	('b698dbe8-087c-40d6-bb62-78321390ef55', NULL, NULL, NULL, NULL, b'1'),
	('b6b2882b-2cf8-425e-8d0c-46f728af4c82', NULL, NULL, NULL, NULL, b'1'),
	('b7006258-67c6-452b-8c08-56f181e6f44f', NULL, NULL, NULL, NULL, b'1'),
	('b7265fc5-16bd-407c-8f86-7224b52ec2a9', NULL, NULL, NULL, NULL, b'1'),
	('b778d1dd-777b-4a11-96a7-af84192e4157', NULL, NULL, NULL, NULL, b'1'),
	('b8251d41-3cd8-4efa-ad67-a556865ab305', NULL, NULL, NULL, NULL, b'1'),
	('b84101e5-e6ef-4f70-aac2-3eb3eeb52045', NULL, NULL, NULL, NULL, b'1'),
	('b8e2a949-03ed-4b56-9f29-e086360a60c3', NULL, NULL, NULL, NULL, b'1'),
	('b94c24a7-8d6e-455d-8c0e-fbd32e028f44', NULL, NULL, NULL, NULL, b'1'),
	('b9bb3cc6-bb3c-468f-a701-8d91b5bff1f0', NULL, NULL, NULL, NULL, b'1'),
	('b9e489ea-fb40-4141-bce4-1b0b242b0a52', NULL, NULL, NULL, NULL, b'1'),
	('ba5df69d-d5ed-4dff-9be9-823f36aef57e', NULL, NULL, NULL, NULL, b'1'),
	('baba8f7c-338b-4add-b884-449479868a7a', NULL, NULL, NULL, NULL, b'1'),
	('bb05fd9e-3ed1-453c-bbf7-03c653eef6d4', NULL, NULL, NULL, NULL, b'1'),
	('bb195c81-3dd6-4ff9-9bb8-93c6de93dab7', NULL, NULL, NULL, NULL, b'1'),
	('bb1cfc78-959d-4dce-9bb0-67748a48970e', NULL, NULL, NULL, NULL, b'1'),
	('bb208887-5073-445e-99e2-b6bfb978e7d9', NULL, NULL, NULL, NULL, b'1'),
	('bb36b34a-53d3-45c4-a339-3f2a565c23ea', NULL, NULL, NULL, NULL, b'1'),
	('bb39c40a-e8a7-41cf-a696-577b1096c786', NULL, NULL, NULL, NULL, b'1'),
	('bb82bc2e-917c-4caa-8e60-ca5abe3b8054', NULL, NULL, NULL, NULL, b'1'),
	('bc6940c7-2dbb-4569-864a-53c261df8814', NULL, NULL, NULL, NULL, b'1'),
	('bc70d980-8514-4eb5-9b99-71b544d0f38d', NULL, NULL, NULL, NULL, b'1'),
	('bcc31ccc-04b3-40a6-9aea-65018838ad70', NULL, NULL, NULL, NULL, b'1'),
	('bd0185fa-db66-42fe-ac27-9b9f1337e600', NULL, NULL, NULL, NULL, b'1'),
	('bd361d5d-6e53-4ea7-9b5c-d22926ccf217', NULL, NULL, NULL, NULL, b'1'),
	('bd7e719d-ff6d-4e8d-8967-d7b006f9e30d', NULL, NULL, NULL, NULL, b'1'),
	('bd82f573-0269-4440-a105-a3033220071e', NULL, NULL, NULL, NULL, b'1'),
	('bdf17852-932c-4ffd-8a3e-73d084d34138', NULL, NULL, NULL, NULL, b'1'),
	('bf635c24-8965-4fff-a09b-8aeaa448ea0e', NULL, NULL, NULL, NULL, b'1'),
	('bfbb62a9-2a11-4866-baf0-73806f4b03d4', NULL, NULL, NULL, NULL, b'1'),
	('c09fdf37-1da5-40ee-9221-690446ffe736', NULL, NULL, NULL, NULL, b'1'),
	('c10edb7e-32f6-4e56-815d-0a197ef27b7c', NULL, NULL, NULL, NULL, b'1'),
	('c13eb259-0c0b-4f0f-9a5d-e896cb30e022', NULL, NULL, NULL, NULL, b'1'),
	('c17e5394-13bd-487d-a607-d4961794f78a', NULL, NULL, NULL, NULL, b'1'),
	('c18777fa-e56d-4e97-9e24-2f7a07ae7ac6', NULL, NULL, NULL, NULL, b'1'),
	('c18ac1dc-3c1d-4212-909e-468786f44c04', NULL, NULL, NULL, NULL, b'1'),
	('c1e116d1-e0d2-416c-8b56-ece27d64cad3', NULL, NULL, NULL, NULL, b'1'),
	('c23452e0-9aa5-4fa2-a222-484fe47bdc0d', NULL, NULL, NULL, NULL, b'1'),
	('c23d1e6d-54f5-40d3-8e57-3aebeb639212', NULL, NULL, NULL, NULL, b'1'),
	('c260d79f-52c3-42ca-bb96-147092b8b413', NULL, NULL, NULL, NULL, b'1'),
	('c295cfcd-027a-4600-a71b-9c98541d28d7', NULL, NULL, NULL, NULL, b'1'),
	('c35b6355-981e-427e-af4e-8b85092d474a', NULL, NULL, NULL, NULL, b'1'),
	('c38c14ba-5114-43be-96fc-ceef77f0fe61', NULL, NULL, NULL, NULL, b'1'),
	('c3e66576-c59d-4944-971e-6d91384264d4', NULL, NULL, NULL, NULL, b'1'),
	('c41dd671-8c29-48c1-a099-b4a594a51691', NULL, NULL, NULL, NULL, b'1'),
	('c4321545-04e4-48f2-ba62-9ef8ccda38ee', NULL, NULL, NULL, NULL, b'1'),
	('c476ab34-2ee5-4f34-910e-9e4be0dcb175', NULL, NULL, NULL, NULL, b'1'),
	('c50ac330-0331-4e55-a82e-af1f9f667716', NULL, NULL, NULL, NULL, b'1'),
	('c59f6348-ad24-460c-9cf4-40791b24180d', NULL, NULL, NULL, NULL, b'1'),
	('c5c33b81-7256-49fa-a0fe-49236fd7d946', NULL, NULL, NULL, NULL, b'1'),
	('c5e63ba5-9844-41d5-8ce2-39f438534bb6', NULL, NULL, NULL, NULL, b'1'),
	('c65dadfa-5134-4aad-9e06-7f5290060bb5', NULL, NULL, NULL, NULL, b'1'),
	('c70ba8b5-c106-4311-bd21-1f4df58428ab', NULL, NULL, NULL, NULL, b'1'),
	('c77ae84e-ecea-4992-86c5-341b207f7cb1', NULL, NULL, NULL, NULL, b'1'),
	('c7ac6d09-fef4-4dc3-bba6-2b28d51c5719', NULL, NULL, NULL, NULL, b'1'),
	('c7b7ef6c-04ec-4f0a-a91d-a5b960f65a55', NULL, NULL, NULL, NULL, b'1'),
	('c7ca5c43-9b17-4e2b-8ccb-9e67d0cfa715', NULL, NULL, NULL, NULL, b'1'),
	('c844ddc8-b90d-49f1-96df-f1b1ad88d81d', NULL, NULL, NULL, NULL, b'1'),
	('c89b64d6-b6d0-4432-aa8c-cc62b75f8c08', NULL, NULL, NULL, NULL, b'1'),
	('c8a3d6cc-69d0-40c7-99d9-b7b97986c059', NULL, NULL, NULL, NULL, b'1'),
	('c8af81b3-7657-4120-81ba-8a86c25d10ce', NULL, NULL, NULL, NULL, b'1'),
	('c8bfb429-3e2c-4510-857c-782ad05c8194', NULL, NULL, NULL, NULL, b'1'),
	('c92e411f-3383-4ebd-b3e0-49242de99892', NULL, NULL, NULL, NULL, b'1'),
	('c9436ecf-1fad-4648-be5c-bbe35a06e057', NULL, NULL, NULL, NULL, b'1'),
	('c96175cc-4b9d-4669-ae1d-8cb4093eec38', NULL, NULL, NULL, NULL, b'1'),
	('c99add3e-d639-4ff1-89b1-79b2209a438d', NULL, NULL, NULL, NULL, b'1'),
	('c9e146b4-ee98-4f29-9c3b-a5a472ccfdd5', NULL, NULL, NULL, NULL, b'1'),
	('ca35dfbb-74ce-4155-bd1b-90a4f9693f4a', NULL, NULL, NULL, NULL, b'1'),
	('ca5581ee-54ae-475c-bedd-f274fbaa9cb1', NULL, NULL, NULL, NULL, b'1'),
	('cad390f2-6442-4646-85e2-821bcc81a6c5', NULL, NULL, NULL, NULL, b'1'),
	('cbd6960e-13a2-4acf-b3a2-5d80b3f363e4', NULL, NULL, NULL, NULL, b'1'),
	('cc05f28c-824f-47e5-8a16-0ebbddb05e5e', NULL, NULL, NULL, NULL, b'1'),
	('cc09928c-d8f1-4247-9aeb-aa2883622001', NULL, NULL, NULL, NULL, b'1'),
	('cd32af5a-5e24-4869-a0ae-817e681f383b', NULL, NULL, NULL, NULL, b'1'),
	('cd93b727-0eca-4bcc-bf64-b64dd5c802dd', NULL, NULL, NULL, NULL, b'1'),
	('ce2a3b0e-a54c-49bf-aa6f-5f5a2f028d62', NULL, NULL, NULL, NULL, b'1'),
	('ce645673-bd24-447d-b7d9-c6fb00d1edd3', NULL, NULL, NULL, NULL, b'1'),
	('cf0704fe-553b-459d-966e-79e8cdca4092', NULL, NULL, NULL, NULL, b'1'),
	('cf45a559-3bd9-4eed-a5cf-f66366ac5e17', NULL, NULL, NULL, NULL, b'1'),
	('cf68f98c-6d4c-4121-aeb9-83c0afa5905b', NULL, NULL, NULL, NULL, b'1'),
	('cf8c7942-2401-442f-942f-a817239b1826', NULL, NULL, NULL, NULL, b'1'),
	('d02ddee5-b88b-47de-b6ee-414d7971460a', NULL, NULL, NULL, NULL, b'1'),
	('d1134f5c-fffb-4416-b434-064ae6aa3f0f', NULL, NULL, NULL, NULL, b'1'),
	('d1a179f4-bf9b-40eb-a531-d82d955d54d8', NULL, NULL, NULL, NULL, b'1'),
	('d23c7da8-8faa-488e-9224-2d2befc09bbb', NULL, NULL, NULL, NULL, b'1'),
	('d269e1b1-692d-4a1c-b5e1-3840173f41fa', NULL, NULL, NULL, NULL, b'1'),
	('d2ef68cb-88c1-44a1-a05f-5b9bd93202d1', NULL, NULL, NULL, NULL, b'1'),
	('d305bc90-e724-4558-b0d7-a5b9d6d82638', NULL, NULL, NULL, NULL, b'1'),
	('d387635e-bc1e-4e7b-b0c0-1f410a737585', NULL, NULL, NULL, NULL, b'1'),
	('d418b1e6-9e16-421e-ad65-436fee2c8c47', NULL, NULL, NULL, NULL, b'1'),
	('d4624b78-b319-4e87-9fd3-526cb3e9ae2f', NULL, NULL, NULL, NULL, b'1'),
	('d4e3ccc7-f20a-4b5a-8158-dddb8fc52670', NULL, NULL, NULL, NULL, b'1'),
	('d54b3561-5ed8-4088-8767-b64ae2888b17', NULL, NULL, NULL, NULL, b'1'),
	('d5512886-1269-4dc6-b5ba-36010e8c3dd5', NULL, NULL, NULL, NULL, b'1'),
	('d58d5d85-3754-433b-b39d-1fa761896563', NULL, NULL, NULL, NULL, b'1'),
	('d5af59bc-40f1-4ae9-9464-9f71871f5ea8', NULL, NULL, NULL, NULL, b'1'),
	('d5b9c5c7-5dfa-4392-98f1-4bb3253b0bfa', NULL, NULL, NULL, NULL, b'1'),
	('d6a33179-6856-473d-8c91-908ea7b0ddd8', NULL, NULL, NULL, NULL, b'1'),
	('d6f788c7-4bc2-437c-a900-e7a66d488778', NULL, NULL, NULL, NULL, b'1'),
	('d73639a9-6a3a-4be3-ab95-48c76b7fe2ff', NULL, NULL, NULL, NULL, b'1'),
	('d8509cae-1ea7-4054-b2fe-6eaa27d0d4c8', NULL, NULL, NULL, NULL, b'1'),
	('d8e348ff-2083-47e0-86ae-148577e4c99c', NULL, NULL, NULL, NULL, b'1'),
	('d8fbdd16-5c97-4b45-b336-2f3bed38b86d', NULL, NULL, NULL, NULL, b'1'),
	('d95ab6d0-ab1f-4cd7-8f34-b918ebc636f5', NULL, NULL, NULL, NULL, b'1'),
	('d9b1909b-beff-45b1-91d5-03d578e17802', NULL, NULL, NULL, NULL, b'1'),
	('da124fcf-b483-498a-b2d5-b368701326da', NULL, NULL, NULL, NULL, b'1'),
	('da8e83ae-05d5-450e-a192-d35e93f0f8b2', NULL, NULL, NULL, NULL, b'1'),
	('daab688f-942a-4ce8-a19f-aeea070e95f0', NULL, NULL, NULL, NULL, b'1'),
	('dbb96df9-61ef-46ac-bd58-0e67dea548db', NULL, NULL, NULL, NULL, b'1'),
	('dbd669b7-62f1-49bd-b62b-34c08aa1a179', NULL, NULL, NULL, NULL, b'1'),
	('dc3a6ea7-6ad2-424d-bf61-bd995631cfb2', NULL, NULL, NULL, NULL, b'1'),
	('dc58e427-9f90-4429-840d-e402ebbf3950', NULL, NULL, NULL, NULL, b'1'),
	('dc72dc0f-904a-4320-b16f-41c3b55545e2', NULL, NULL, NULL, NULL, b'1'),
	('dccb76b8-7fbd-452e-947b-e2c197ebfc66', NULL, NULL, NULL, NULL, b'1'),
	('dd5f67ea-69d5-4964-8082-450958a82a80', NULL, NULL, NULL, NULL, b'1'),
	('ddef7055-91d0-4e17-9540-4d6348e711a7', NULL, NULL, NULL, NULL, b'1'),
	('de22d764-c6a6-4f89-842f-f209e8de4ddd', NULL, NULL, NULL, NULL, b'1'),
	('de252628-e6ce-478c-acd1-ec42a8f2df0d', NULL, NULL, NULL, NULL, b'1'),
	('de37feab-26b0-47ba-9ad9-81542f4717a1', NULL, NULL, NULL, NULL, b'1'),
	('de581936-f70f-43dc-9ffb-51f2279e4314', NULL, NULL, NULL, NULL, b'1'),
	('debb8fac-0e18-4d72-be2d-259a2bbc0988', NULL, NULL, NULL, NULL, b'1'),
	('df2d8cce-7b7d-4244-9deb-7026bb3f6ced', NULL, NULL, NULL, NULL, b'1'),
	('df338d29-f857-4179-81df-16f80a5166a3', NULL, NULL, NULL, NULL, b'1'),
	('df5b29f4-3444-42db-8670-b9ddfdcec8e5', NULL, NULL, NULL, NULL, b'1'),
	('dfb6991f-d386-44c4-9e20-f1cccc762f3f', NULL, NULL, NULL, NULL, b'1'),
	('e0062700-5fbf-494c-b2fa-16263ac12ab2', NULL, NULL, NULL, NULL, b'1'),
	('e01733aa-e72c-48c2-b03d-699638164c9a', NULL, NULL, NULL, NULL, b'1'),
	('e08dc018-e589-4b06-aeb4-91b313b27a7b', NULL, NULL, NULL, NULL, b'1'),
	('e0f57477-d697-435b-9699-ed097800622b', NULL, NULL, NULL, NULL, b'1'),
	('e110b6c6-73f0-45f8-89e3-99ca5cab3a03', NULL, NULL, NULL, NULL, b'1'),
	('e14c940f-806c-41c0-b230-510f53a4babb', NULL, NULL, NULL, NULL, b'1'),
	('e229c01a-09e0-4d97-a33e-5c9892052fb3', NULL, NULL, NULL, NULL, b'1'),
	('e2742d29-7ab3-4a02-bb18-c0fd3b90bb14', NULL, NULL, NULL, NULL, b'1'),
	('e2c09da3-d4ac-40e9-b654-0bf6aba3d14c', NULL, NULL, NULL, NULL, b'1'),
	('e3a8d465-43c7-4fef-8ca2-62a8a7e293ba', NULL, NULL, NULL, NULL, b'1'),
	('e3e259bc-54c7-4932-9725-fa1c61f83d6b', NULL, NULL, NULL, NULL, b'1'),
	('e4dc9ef2-b63f-4493-97f6-3d8db695ccfa', NULL, NULL, NULL, NULL, b'1'),
	('e5090ab7-df11-487c-91f8-a647810bdd9a', NULL, NULL, NULL, NULL, b'1'),
	('e52bf253-bae3-442e-a365-9fba2040ca17', NULL, NULL, NULL, NULL, b'1'),
	('e54b9a3d-4e6b-4167-876e-d92c1cb40164', NULL, NULL, NULL, NULL, b'1'),
	('e570a2f6-1d50-4dec-b8f5-62497cdc549c', NULL, NULL, NULL, NULL, b'1'),
	('e6010e77-450b-465a-8eea-c2268e1f4c20', NULL, NULL, NULL, NULL, b'1'),
	('e658b3db-69a9-4076-b282-15f5df60d994', NULL, NULL, NULL, NULL, b'1'),
	('e6772f5d-132d-4352-8650-ee43ad918965', NULL, NULL, NULL, NULL, b'1'),
	('e6a913d8-0f1b-4438-8b9c-91ece20a25ba', NULL, NULL, NULL, NULL, b'1'),
	('e6bb8ae3-be5d-49af-949a-2dd6994a91e6', NULL, NULL, NULL, NULL, b'1'),
	('e83483a6-0ea1-47cf-8c75-8a46e94c1408', NULL, NULL, NULL, NULL, b'1'),
	('e85caf18-a0b9-4430-be50-476b9e1f8465', NULL, NULL, NULL, NULL, b'1'),
	('e8fd0f7a-bef4-4acb-a1ba-6c86377ffdcd', NULL, NULL, NULL, NULL, b'1'),
	('e949731c-2382-4592-acfb-2ffc40b48353', NULL, NULL, NULL, NULL, b'1'),
	('e9a41ff7-32ed-4311-8c77-124ae1712616', NULL, NULL, NULL, NULL, b'1'),
	('ea99af5e-f335-421f-9dd9-9859f66c534f', NULL, NULL, NULL, NULL, b'1'),
	('eaba4c51-b535-402b-b145-739426a2f993', NULL, NULL, NULL, NULL, b'1'),
	('eb4b88ec-646c-46d7-848c-fccbf92f259d', NULL, NULL, NULL, NULL, b'1'),
	('ebc44085-7776-42ce-89b5-2681d1365a9f', NULL, NULL, NULL, NULL, b'1'),
	('ebcdb0df-449b-4714-b005-8f51b98b6889', NULL, NULL, NULL, NULL, b'1'),
	('ebeab0e5-11da-40b9-a8ea-89e766ef694e', NULL, NULL, NULL, NULL, b'1'),
	('ec04dc22-7787-4eee-b7bf-ea67593f84dd', NULL, NULL, NULL, NULL, b'1'),
	('ec08577a-ea12-4958-9377-f8ff3d879005', NULL, NULL, NULL, NULL, b'1'),
	('ec63a3d6-0978-4148-8fdd-1f7de9fcb47d', NULL, NULL, NULL, NULL, b'1'),
	('ec6dc456-f5d4-4a3b-95bd-10a226976e3d', NULL, NULL, NULL, NULL, b'1'),
	('ed96dd7c-61cf-4612-86d4-9176fc54c5e7', NULL, NULL, NULL, NULL, b'1'),
	('edbe152c-ed2f-4052-b292-ccb43b1b47a9', NULL, NULL, NULL, NULL, b'1'),
	('edd5ad9d-8c59-4c23-8164-ad0fe4e512dc', NULL, NULL, NULL, NULL, b'1'),
	('ee81bf56-6a5f-41cd-81b6-73763583b3ea', NULL, NULL, NULL, NULL, b'1'),
	('ee949b94-1d72-4b4a-8b72-ed0613670530', NULL, NULL, NULL, NULL, b'1'),
	('ef9ef96f-4f24-4bd4-8d63-0610afa9499d', NULL, NULL, NULL, NULL, b'1'),
	('eff8dfcf-50e1-4e76-9825-062072d08897', NULL, NULL, NULL, NULL, b'1'),
	('effbf813-f1b8-4484-9d9b-1507baab31a7', NULL, NULL, NULL, '2021-03-01 23:08:12', b'1'),
	('f05d88f6-db44-4b84-bca3-6813a9734cb0', NULL, NULL, NULL, NULL, b'1'),
	('f0e7e2ce-dce2-4541-9b9f-5b68b88b381c', NULL, NULL, NULL, NULL, b'1'),
	('f2bc5a00-5f79-48f6-93ab-2f0015b8612f', NULL, NULL, NULL, NULL, b'1'),
	('f3859ad9-7e4f-4b90-846b-6a4e5df3b0eb', NULL, NULL, NULL, NULL, b'1'),
	('f3ad24b6-8e68-41a6-9b46-6aeb3b472918', NULL, NULL, NULL, NULL, b'1'),
	('f401db29-910e-4d36-8a58-7c7e9b31a488', NULL, NULL, NULL, NULL, b'1'),
	('f44fa6ef-25f8-4c2d-8113-35e6f1cc5eae', NULL, NULL, NULL, NULL, b'1'),
	('f45b90a4-41a8-4cc9-8dc5-a22cd3fd049e', NULL, NULL, NULL, NULL, b'1'),
	('f46b376c-0abc-4b0b-945b-966263e05105', NULL, NULL, NULL, NULL, b'1'),
	('f4fb540d-f046-4842-a366-aa36014ea038', NULL, NULL, NULL, NULL, b'1'),
	('f504c299-b834-4809-990d-8e5a245072b8', NULL, NULL, NULL, NULL, b'1'),
	('f534532b-caeb-4a75-936a-97d462bf2340', NULL, NULL, NULL, NULL, b'1'),
	('f544a78c-c96c-4df1-8e02-7aa11a6897df', NULL, NULL, NULL, NULL, b'1'),
	('f5afcd59-05ec-4f90-b969-9f7dd9417c43', NULL, NULL, NULL, NULL, b'1'),
	('f5c2b69d-85fb-4066-b659-cf46914e8ed0', NULL, NULL, NULL, NULL, b'1'),
	('f6ffe0fe-25a1-4ea3-afaf-f0373648067a', NULL, NULL, NULL, NULL, b'1'),
	('f858eef8-721a-4e4f-8989-7632e642e3f0', NULL, NULL, NULL, NULL, b'1'),
	('f899ad84-e139-441e-8ac8-cac7cfec9f67', NULL, NULL, NULL, NULL, b'1'),
	('f91071ea-3e56-4b41-af27-669c3f4846e8', NULL, NULL, NULL, NULL, b'1'),
	('f9661d4e-4a30-4d0a-a845-a94924407c0b', NULL, NULL, NULL, NULL, b'1'),
	('f97ffd32-9f4d-4755-939e-54ef4f67b12e', NULL, NULL, NULL, NULL, b'1'),
	('f9e6675d-86d3-4384-8c70-003e2428125e', NULL, NULL, NULL, NULL, b'1'),
	('f9ec8c67-1c30-44d7-bf1d-9ebb017bdfcb', NULL, NULL, NULL, NULL, b'1'),
	('f9f69335-8b46-4ae1-b71a-c33d27d882de', NULL, NULL, NULL, NULL, b'1'),
	('fa9687d6-6744-4d3a-b8f2-33185d036c19', NULL, NULL, NULL, NULL, b'1'),
	('fb0c09f7-1f08-4170-89dd-c6d9c2688f29', NULL, NULL, NULL, NULL, b'1'),
	('fba6e176-c08a-4e9c-a55e-de88b88b463c', NULL, NULL, NULL, NULL, b'1'),
	('fc3c6843-36a5-4e32-a7e5-52cbf5855502', NULL, NULL, NULL, NULL, b'1'),
	('fccbf6d9-a713-4496-b1b7-4af9e4979c7d', NULL, NULL, NULL, NULL, b'1'),
	('fcf83b88-d1ef-4a22-9674-69ae9eb79643', NULL, NULL, NULL, NULL, b'1'),
	('fcfbe2e7-69dd-4c3a-b588-68776f020f44', NULL, NULL, NULL, NULL, b'1'),
	('fd6d9306-662a-451b-811a-54aa14d198a8', NULL, NULL, NULL, NULL, b'1'),
	('fd98b47e-9fba-49c8-8679-28668007cf66', NULL, NULL, NULL, NULL, b'1'),
	('feb74b9e-7dd5-401b-80bb-e4e9aeeeb350', NULL, NULL, NULL, NULL, b'1'),
	('ff1a16af-48dc-4305-9aa8-4543e628ebfd', NULL, NULL, NULL, NULL, b'1'),
	('ff36be60-42c9-4cb2-91d0-a1ffa459250f', NULL, NULL, NULL, NULL, b'1'),
	('ffbf7d90-fa02-44fd-af1b-3c16d2c243bf', NULL, NULL, NULL, NULL, b'1');
/*!40000 ALTER TABLE `operational_process` ENABLE KEYS */;

-- Dumping structure for table data_process.operational_process_attachments
CREATE TABLE IF NOT EXISTS `operational_process_attachments` (
  `autoId` int(11) NOT NULL AUTO_INCREMENT,
  `priority` varchar(50) NOT NULL DEFAULT 'Normal',
  `dataURN` varchar(50) DEFAULT NULL,
  `incomingId` varchar(50) DEFAULT NULL,
  `trace` varchar(50) DEFAULT 'YetToTrace',
  `uploadFileDate` datetime DEFAULT NULL,
  `uploadFileFolderURL` varchar(500) DEFAULT NULL,
  `uploadFileLastModifiedDate` datetime DEFAULT NULL,
  `uploadFileName` varchar(100) DEFAULT NULL,
  `uploadFileSize` bigint(20) NOT NULL,
  `uploadDocumentForType` varchar(50) DEFAULT NULL,
  `createdDate` datetime DEFAULT CURRENT_TIMESTAMP,
  `modifiedDate` datetime DEFAULT CURRENT_TIMESTAMP,
  `createdBy` varchar(50) DEFAULT NULL,
  `modifiedBy` varchar(50) DEFAULT NULL,
  `status` bit(1) NOT NULL DEFAULT b'1',
  `uploadResourceHandler` varchar(50) DEFAULT NULL,
  `description` mediumtext,
  PRIMARY KEY (`autoId`)
) ENGINE=InnoDB AUTO_INCREMENT=38 DEFAULT CHARSET=utf8;

-- Dumping data for table data_process.operational_process_attachments: ~17 rows (approximately)
DELETE FROM `operational_process_attachments`;
/*!40000 ALTER TABLE `operational_process_attachments` DISABLE KEYS */;
INSERT INTO `operational_process_attachments` (`autoId`, `priority`, `dataURN`, `incomingId`, `trace`, `uploadFileDate`, `uploadFileFolderURL`, `uploadFileLastModifiedDate`, `uploadFileName`, `uploadFileSize`, `uploadDocumentForType`, `createdDate`, `modifiedDate`, `createdBy`, `modifiedBy`, `status`, `uploadResourceHandler`, `description`) VALUES
	(1, 'Normal', NULL, '55ae79e0-42c9-4d46-8751-269a5ae20fab', 'YetToTrace', '2021-02-24 08:48:34', '///C:/Ananth/data_process_attachments/20210224/0847///', '2021-02-24 08:48:34', 'Mexico Expenses.xlsx', 32697, NULL, '2021-02-24 08:48:34', NULL, NULL, NULL, b'1', 'Default', NULL),
	(2, 'Normal', NULL, 'fe3aad81-1be9-43aa-b69a-0e6516465a10', 'YetToTrace', '2021-02-27 07:09:44', '///C:/Ananth/data_process_attachments/20210227/0709///', '2021-02-27 07:09:44', 'Mexico Expenses.xlsx', 32697, NULL, '2021-02-27 07:09:44', NULL, NULL, NULL, b'1', 'Default', NULL),
	(3, 'Normal', NULL, 'c6d1e666-fb78-4558-97d0-9975ccc8a663', 'YetToTrace', '2021-02-27 07:21:23', '///C:/Ananth/data_process_attachments/20210227/0720///', '2021-02-27 07:21:23', 'Mexico Expenses.xlsx', 32697, NULL, '2021-02-27 07:21:23', NULL, NULL, NULL, b'1', 'Default', NULL),
	(4, 'Normal', NULL, '7b28d9c2-0290-4f7c-b0d1-46a2fb90aab5', 'YetToTrace', '2021-02-27 07:23:30', '///C:/Ananth/data_process_attachments/20210227/0722///', '2021-02-27 07:23:30', 'Mexico Expenses.xlsx', 32697, NULL, '2021-02-27 07:23:30', NULL, NULL, NULL, b'1', 'Default', NULL),
	(5, 'Normal', NULL, 'ee4abdc5-de17-4178-afb1-11bfe1b59167', 'YetToTrace', '2021-02-27 07:26:59', '///C:/Ananth/data_process_attachments/20210227/0725///', '2021-02-27 07:26:59', 'Mexico Expenses.xlsx', 32697, NULL, '2021-02-27 07:26:59', NULL, NULL, NULL, b'1', 'Default', NULL),
	(6, 'Normal', NULL, '73f5ee82-1d0a-4e96-ad09-ca18fcc8c86c', 'YetToTrace', '2021-02-27 07:59:34', '///C:/Ananth/data_process_attachments/20210227/0758///', '2021-02-27 07:59:34', 'Mexico Expenses.xlsx', 32697, NULL, '2021-02-27 07:59:34', NULL, NULL, NULL, b'1', 'Default', NULL),
	(7, 'Normal', NULL, '8271a652-5a0b-4c7b-81c7-583e2cd4e625', 'YetToTrace', '2021-02-27 08:58:23', '///C:/Ananth/data_process_attachments/20210227/0857///', '2021-02-27 08:58:23', 'Mexico Expenses.xlsx', 32697, NULL, '2021-02-27 08:58:23', NULL, NULL, NULL, b'1', 'Default', NULL),
	(8, 'Normal', NULL, 'a28ee908-5b0e-4371-b62e-882d8f35c28d', 'YetToTrace', '2021-02-28 05:13:45', '///C:/Ananth/data_process_attachments/20210228/0513///', '2021-02-28 05:13:45', 'Mexico Expenses.xlsx', 32697, NULL, '2021-02-28 05:13:45', NULL, NULL, NULL, b'1', 'Default', NULL),
	(9, 'Normal', NULL, 'a7a93bba-3bab-4466-9e51-2478fb1e280b', 'YetToTrace', '2021-02-28 05:16:35', '///C:/Ananth/data_process_attachments/20210228/0516///', '2021-02-28 05:16:35', 'Mexico Expenses.xlsx', 32697, NULL, '2021-02-28 05:16:35', NULL, NULL, NULL, b'1', 'Default', NULL),
	(10, 'Normal', NULL, 'a6797348-e583-4b7c-9dfa-2dd4128a1b76', 'YetToTrace', '2021-02-28 07:08:16', '///C:/Ananth/data_process_attachments/20210228/0707///', '2021-02-28 07:08:16', 'Mexico Expenses.xlsx', 32697, NULL, '2021-02-28 07:08:16', NULL, NULL, NULL, b'1', 'Default', NULL),
	(11, 'Normal', NULL, '3398a0d9-f201-4b9e-ab6a-28427381576c', 'YetToTrace', '2021-02-28 07:10:22', '///C:/Ananth/data_process_attachments/20210228/0709///', '2021-02-28 07:10:22', 'Data collection Status sample.xlsx', 154370, NULL, '2021-02-28 07:10:22', NULL, NULL, NULL, b'1', 'Default', NULL),
	(12, 'Normal', NULL, 'dcf76da9-cca1-4c29-ae93-285579f512bc', 'YetToTrace', '2021-02-28 07:33:43', '///C:/Ananth/data_process_attachments/20210228/0733///', '2021-02-28 07:33:43', 'Data collection Status sample.xlsx', 154370, NULL, '2021-02-28 07:33:43', NULL, NULL, NULL, b'1', 'Default', NULL),
	(13, 'Normal', NULL, 'd2962778-fb83-41b2-ae29-9c2cbbe80bab', 'YetToTrace', '2021-02-28 07:45:13', '///C:/Ananth/data_process_attachments/20210228/0744///', '2021-02-28 07:45:13', 'Data collection Status sample.xlsx', 154370, NULL, '2021-02-28 07:45:13', NULL, NULL, NULL, b'1', 'Default', NULL),
	(14, 'Normal', NULL, '0affee5c-37e7-4688-9a6c-b997e368d639', 'YetToTrace', '2021-02-28 08:32:25', '///C:/Ananth/data_process_attachments/20210228/0831///', '2021-02-28 08:32:25', 'Data collection Status sample.xlsx', 154370, NULL, '2021-02-28 08:32:25', NULL, NULL, NULL, b'1', 'Default', NULL),
	(15, 'Normal', NULL, '2b11c911-de25-49ea-b20a-a979169eea67', 'YetToTrace', '2021-02-28 08:33:50', '///C:/Ananth/data_process_attachments/20210228/0833///', '2021-02-28 08:33:50', 'Data collection Status sample.xlsx', 154370, NULL, '2021-02-28 08:33:50', NULL, NULL, NULL, b'1', 'Default', NULL),
	(16, 'Normal', NULL, '0ff9b5e9-e008-4623-ba5b-6b3896dff7cd', 'YetToTrace', '2021-02-28 08:36:37', '///C:/Ananth/data_process_attachments/20210228/0836///', '2021-02-28 08:36:37', 'Data collection Status sample.xlsx', 154370, NULL, '2021-02-28 08:36:37', NULL, NULL, NULL, b'1', 'Default', NULL),
	(17, 'Normal', NULL, '5c8e087b-4d24-4d19-bd15-d99c8f8e5834', 'YetToTrace', '2021-03-01 01:50:34', '///C:/Ananth/data_process_attachments/20210301/0150///', '2021-03-01 01:50:34', 'SampleRoadData.xlsx', 154370, NULL, '2021-03-01 01:50:34', NULL, NULL, NULL, b'1', 'Default', NULL),
	(18, 'Normal', NULL, 'ad91aee4-e7ab-4bc6-a365-0a813d288c5c', 'YetToTrace', '2021-03-01 01:56:55', '///C:/Ananth/data_process_attachments/20210301/0156///', '2021-03-01 01:56:55', 'SampleRoadData.xlsx', 154370, NULL, '2021-03-01 01:56:55', NULL, NULL, NULL, b'1', 'Default', NULL),
	(19, 'Normal', NULL, '40175d12-9343-4a2a-bd75-43e4d90dfe0d', 'YetToTrace', '2021-03-01 01:58:20', '///C:/Ananth/data_process_attachments/20210301/0158///', '2021-03-01 01:58:20', 'SampleRoadData.xlsx', 154370, NULL, '2021-03-01 01:58:20', NULL, NULL, NULL, b'1', 'Default', NULL),
	(20, 'Normal', NULL, 'ebb77e75-e222-4fb7-97d0-f757133b3d12', 'YetToTrace', '2021-03-01 02:01:52', '///C:/Ananth/data_process_attachments/20210301/0201///', '2021-03-01 02:01:52', 'SampleRoadData.xlsx', 154370, NULL, '2021-03-01 02:01:52', NULL, NULL, NULL, b'1', 'Default', NULL),
	(21, 'Normal', '77a485b9-31df-412d-b9e8-54f735dcfece', 'c958f7c1-e75c-4ccb-b189-eee41642fb5a', 'YetToTrace', '2021-03-01 09:36:51', '///C:/Ananth/data_process_attachments/20210301/0936///', '2021-03-01 09:36:51', 'SampleRoadData.xlsx', 154370, NULL, '2021-03-01 09:36:51', NULL, NULL, NULL, b'1', 'Default', NULL),
	(22, 'Normal', '4e7b2d3a-6f49-4a55-9f56-e1e2f3b5b47d', '64f49468-8763-465e-a07b-c6cbf13b76f6', 'YetToTrace', '2021-03-01 09:39:45', '///C:/Ananth/data_process_attachments/20210301/0939///', '2021-03-01 09:39:45', 'SampleRoadData.xlsx', 154370, NULL, '2021-03-01 09:39:45', NULL, NULL, NULL, b'1', 'Default', NULL),
	(23, 'Normal', '20b68c21-ddcb-4549-9420-3df950bba037', '13b9d1e2-2ea9-40eb-ae1d-2aa8bc08ce17', 'YetToTrace', '2021-03-01 09:47:50', '///C:/Ananth/data_process_attachments/20210301/0947///', '2021-03-01 09:47:50', 'SampleRoadData.xlsx', 154370, NULL, '2021-03-01 09:47:50', NULL, NULL, NULL, b'1', 'Default', NULL),
	(24, 'Normal', '0947fc10-b5ae-484e-aa7b-1fcaa23694e6', '7f169124-a7f8-41d0-9456-ec1d3ecccf72', 'YetToTrace', '2021-03-01 10:13:49', '///C:/Ananth/data_process_attachments/20210301/1012///', '2021-03-01 10:13:49', 'SampleRoadData.xlsx', 154370, NULL, '2021-03-01 10:13:49', NULL, NULL, NULL, b'1', 'Default', NULL),
	(25, 'Normal', '68038da7-f522-4566-a43b-e8e2d01547fb', 'cc292c89-becf-48ca-9dba-211ec3534546', 'YetToTrace', '2021-03-01 10:15:15', '///C:/Ananth/data_process_attachments/20210301/1014///', '2021-03-01 10:15:15', 'SampleRoadData.xlsx', 154370, NULL, '2021-03-01 10:15:15', NULL, NULL, NULL, b'1', 'Default', NULL),
	(26, 'Normal', 'acd005f7-2441-43e5-9635-90a54f86d2cf', '3b5a6851-b3bf-42b5-acf4-fc5461c4a4e8', 'YetToTrace', '2021-03-01 10:22:17', '///C:/Ananth/data_process_attachments/20210301/1021///', '2021-03-01 10:22:17', 'SampleRoadData.xlsx', 154370, NULL, '2021-03-01 10:22:17', NULL, NULL, NULL, b'1', 'Default', NULL),
	(27, 'Normal', '33b02234-9f4c-451f-ba2a-661d3e033f9e', '80e04ae7-0c75-464c-8291-0a5c01ab548f', 'YetToTrace', '2021-03-01 10:28:37', '///C:/Ananth/data_process_attachments/20210301/1027///', '2021-03-01 10:28:37', 'SampleRoadData.xlsx', 154370, NULL, '2021-03-01 10:28:37', NULL, NULL, NULL, b'1', 'Default', NULL),
	(28, 'Normal', 'ae574eab-ccbe-4c2e-800d-6a447e3ff920', '580cc302-260d-4e69-a9c0-7d444b27c632', 'YetToTrace', '2021-03-01 10:30:38', '///C:/Ananth/data_process_attachments/20210301/1029///', '2021-03-01 10:30:38', 'SampleRoadData.xlsx', 154370, NULL, '2021-03-01 10:30:38', NULL, NULL, NULL, b'1', 'Default', NULL),
	(29, 'Normal', '1f3939c6-61d7-4c0a-903f-9bcc91fe0ada', 'a8f2c241-c45f-493b-bcdc-3d195cc7beaf', 'YetToTrace', '2021-03-01 10:33:27', '///C:/Ananth/data_process_attachments/20210301/1032///', '2021-03-01 10:33:27', 'SampleRoadData.xlsx', 154370, NULL, '2021-03-01 10:33:27', NULL, NULL, NULL, b'1', 'Default', NULL),
	(30, 'Normal', '7e7d7776-ab41-4873-8759-c87c8c133d89', '374ee736-4ed1-4051-a037-0b79b3fd5125', 'YetToTrace', '2021-03-01 22:38:15', '///C:/Ananth/data_process_attachments/20210301/2237///', '2021-03-01 22:38:15', 'SampleRoadData.xlsx', 154370, NULL, '2021-03-01 22:38:15', NULL, NULL, NULL, b'1', 'Default', NULL),
	(31, 'Normal', '944fa4b9-3a8c-4d9d-9e4b-59ceb4fbaf54', 'c865a523-418f-4107-8458-13fcd93d5f3b', 'YetToTrace', '2021-03-01 22:47:44', '///C:/Ananth/data_process_attachments/20210301/2240///', '2021-03-01 22:47:44', 'SampleRoadData.xlsx', 154370, NULL, '2021-03-01 22:47:44', NULL, NULL, NULL, b'1', 'Default', NULL),
	(32, 'Normal', 'effbf813-f1b8-4484-9d9b-1507baab31a7', '0cdd5e93-0bf0-4cd9-94b3-787e82bd7ef6', 'YetToTrace', '2021-03-01 23:08:12', '///C:/Ananth/data_process_attachments/20210301/2307///', '2021-03-01 23:08:12', 'SampleRoadData.xlsx', 154370, NULL, '2021-03-01 23:08:12', NULL, NULL, NULL, b'1', 'Default', NULL),
	(33, 'Normal', '0bddd814-4f5c-4150-9659-01cf9eff3ded', 'd2696ba3-2be5-403c-af29-d6af03fe47aa', 'YetToTrace', '2021-03-01 23:10:52', '///C:/Ananth/data_process_attachments/20210301/2309///', '2021-03-01 23:10:52', 'SampleRoadData.xlsx', 154370, NULL, '2021-03-01 23:10:52', NULL, NULL, NULL, b'1', 'Default', NULL),
	(34, 'Normal', '0106753d-d2e3-49fc-8189-64d1d3be46bb', '00cc7ec6-e4d5-47ef-9c55-edb5ac263597', 'YetToTrace', '2021-03-01 23:17:40', '///C:/Ananth/data_process_attachments/20210301/2317///', '2021-03-01 23:17:40', 'SampleRoadData.xlsx', 154370, NULL, '2021-03-01 23:17:40', NULL, NULL, NULL, b'1', 'Default', NULL),
	(35, 'Normal', '940cdb96-a8e1-45ce-b3aa-4e85ad021890', '1e48800a-650e-4b5e-b6b8-5f69c36afd85', 'YetToTrace', '2021-03-02 00:42:51', '///C:/Ananth/data_process_attachments/20210302/0041///', '2021-03-02 00:42:51', 'SampleRoadData.xlsx', 154370, NULL, '2021-03-02 00:42:51', NULL, NULL, NULL, b'1', 'Default', NULL),
	(36, 'Normal', '6a93aad0-7b3e-4123-8f4f-3bc9fbbcb692', '1d9c1204-ee36-48af-81f4-5ec33b4c54f3', 'YetToTrace', '2021-03-02 00:50:41', '///C:/Ananth/data_process_attachments/20210302/0049///', '2021-03-02 00:50:41', 'SampleRoadData.xlsx', 154370, NULL, '2021-03-02 00:50:41', NULL, NULL, NULL, b'1', 'Default', NULL),
	(37, 'Normal', '737f2207-b8e3-4813-bf86-564392e58a51', '7bac64e8-21f7-497d-9a62-ee18b3e51566', 'YetToTrace', '2021-03-02 02:23:17', '///C:/Ananth/data_process_attachments/20210302/0222///', '2021-03-02 02:23:17', 'SampleRoadData.xlsx', 154370, NULL, '2021-03-02 02:23:17', NULL, NULL, NULL, b'1', 'Default', NULL);
/*!40000 ALTER TABLE `operational_process_attachments` ENABLE KEYS */;

-- Dumping structure for table data_process.operational_process_incoming_data
CREATE TABLE IF NOT EXISTS `operational_process_incoming_data` (
  `incomingId` varchar(50) NOT NULL,
  `media` varchar(50) NOT NULL,
  `candidateEmail` varchar(50) DEFAULT NULL,
  `subject` mediumtext,
  `description` longtext,
  `sentTime` bigint(11) NOT NULL,
  `portal` varchar(50) DEFAULT NULL,
  `readerInstance` varchar(50) NOT NULL,
  `incomingStatus` varchar(20) NOT NULL DEFAULT 'New',
  `producerId` varchar(50) DEFAULT NULL,
  `propertyId` varchar(50) DEFAULT NULL,
  `createdDate` datetime DEFAULT NULL,
  `uniqueId` varchar(50) DEFAULT NULL,
  `bulkAttachment` bit(1) NOT NULL DEFAULT b'0',
  PRIMARY KEY (`incomingId`)
) ENGINE=InnoDB DEFAULT CHARSET=utf8mb4 COLLATE=utf8mb4_0900_ai_ci;

-- Dumping data for table data_process.operational_process_incoming_data: ~18 rows (approximately)
DELETE FROM `operational_process_incoming_data`;
/*!40000 ALTER TABLE `operational_process_incoming_data` DISABLE KEYS */;
INSERT INTO `operational_process_incoming_data` (`incomingId`, `media`, `candidateEmail`, `subject`, `description`, `sentTime`, `portal`, `readerInstance`, `incomingStatus`, `producerId`, `propertyId`, `createdDate`, `uniqueId`, `bulkAttachment`) VALUES
	('00cc7ec6-e4d5-47ef-9c55-edb5ac263597', 'Email', 'Ananthoo <ananth.malbal@gmail.com>', 'Fwd: RoadMap Reader', '', 1614620829000, NULL, 'InBoxReaderIMAPConsumer', 'New', 'PRD000001', NULL, '2021-03-01 23:17:40', '1469', b'0'),
	('0a9437c4-cfc4-4492-8ef7-4d7f46e89246', 'Email', 'Jimmy White <support@housinganywhere.com>', 'Welcome Self, we\'re here for you ', '', 1614471219000, NULL, 'InBoxReaderIMAPConsumer', 'New', 'PRD000001', NULL, '2021-02-28 05:44:13', '1428', b'0'),
	('0affee5c-37e7-4688-9a6c-b997e368d639', 'Email', 'Ananthoo <ananth.malbal@gmail.com>', 'Fwd: Road Data Collection', '', 1614481315000, NULL, 'InBoxReaderIMAPConsumer', 'New', 'PRD000001', NULL, '2021-02-28 08:32:25', '1433', b'0'),
	('0cdd5e93-0bf0-4cd9-94b3-787e82bd7ef6', 'Email', 'Ananthoo <ananth.malbal@gmail.com>', 'Fwd: RoadMap Reader', '', 1614620258000, NULL, 'InBoxReaderIMAPConsumer', 'New', 'PRD000001', NULL, '2021-03-01 23:08:12', '1467', b'0'),
	('0ff9b5e9-e008-4623-ba5b-6b3896dff7cd', 'Email', 'Ananthoo <ananth.malbal@gmail.com>', 'Fwd: Road Data Collection', '', 1614481569000, NULL, 'InBoxReaderIMAPConsumer', 'New', 'PRD000001', NULL, '2021-02-28 08:36:37', '1435', b'0'),
	('13b9d1e2-2ea9-40eb-ae1d-2aa8bc08ce17', 'Email', 'Ananthoo <ananth.malbal@gmail.com>', 'Fwd: RoadMap Reader', '', 1614572239000, NULL, 'InBoxReaderIMAPConsumer', 'New', 'PRD000001', NULL, '2021-03-01 09:47:50', '1458', b'0'),
	('1d9c1204-ee36-48af-81f4-5ec33b4c54f3', 'Email', 'Ananthoo <ananth.malbal@gmail.com>', 'Fwd: RoadMap Reader', '', 1614626395000, NULL, 'InBoxReaderIMAPConsumer', 'New', 'PRD000001', NULL, '2021-03-02 00:50:41', '1471', b'0'),
	('1e48800a-650e-4b5e-b6b8-5f69c36afd85', 'Email', 'Ananthoo <ananth.malbal@gmail.com>', 'Fwd: RoadMap Reader', '', 1614625912000, NULL, 'InBoxReaderIMAPConsumer', 'New', 'PRD000001', NULL, '2021-03-02 00:42:51', '1470', b'0'),
	('2b11c911-de25-49ea-b20a-a979169eea67', 'Email', 'Ananthoo <ananth.malbal@gmail.com>', 'Fwd: Road Data Collection', '', 1614481390000, NULL, 'InBoxReaderIMAPConsumer', 'New', 'PRD000001', NULL, '2021-02-28 08:33:50', '1434', b'0'),
	('3398a0d9-f201-4b9e-ab6a-28427381576c', 'Email', 'Ananthoo <ananth.malbal@gmail.com>', 'Road Data Collection', '', 1614476364000, NULL, 'InBoxReaderIMAPConsumer', 'New', 'PRD000001', NULL, '2021-02-28 07:10:22', '1430', b'0'),
	('374ee736-4ed1-4051-a037-0b79b3fd5125', 'Email', 'Ananthoo <ananth.malbal@gmail.com>', 'Fwd: RoadMap Reader', '', 1614618468000, NULL, 'InBoxReaderIMAPConsumer', 'New', 'PRD000001', NULL, '2021-03-01 22:38:15', '1465', b'0'),
	('3b5a6851-b3bf-42b5-acf4-fc5461c4a4e8', 'Email', 'Ananthoo <ananth.malbal@gmail.com>', 'Fwd: RoadMap Reader', '', 1614574301000, NULL, 'InBoxReaderIMAPConsumer', 'New', 'PRD000001', NULL, '2021-03-01 10:22:17', '1461', b'0'),
	('40175d12-9343-4a2a-bd75-43e4d90dfe0d', 'Email', 'Ananthoo <ananth.malbal@gmail.com>', 'Fwd: Road Data Excel Upload', '', 1614544081000, NULL, 'InBoxReaderIMAPConsumer', 'New', 'PRD000001', NULL, '2021-03-01 01:58:20', '1439', b'0'),
	('55ae79e0-42c9-4d46-8751-269a5ae20fab', 'Email', 'Ananthoo <ananth.malbal@gmail.com>', 'Fwd: Mexico Expenses', '', 1614136639000, NULL, 'InBoxReaderIMAPConsumer', 'New', 'PRD000001', NULL, '2021-02-24 08:48:34', '1416', b'0'),
	('580cc302-260d-4e69-a9c0-7d444b27c632', 'Email', 'Ananthoo <ananth.malbal@gmail.com>', 'Fwd: RoadMap Reader', '', 1614574747000, NULL, 'InBoxReaderIMAPConsumer', 'New', 'PRD000001', NULL, '2021-03-01 10:30:38', '1463', b'0'),
	('5c8e087b-4d24-4d19-bd15-d99c8f8e5834', 'Email', 'Self Guru <eselfguru@gmail.com>', 'Fwd: Road Data Excel Upload', '', 1614543602000, NULL, 'InBoxReaderIMAPConsumer', 'New', 'PRD000001', NULL, '2021-03-01 01:50:34', '1437', b'0'),
	('64f49468-8763-465e-a07b-c6cbf13b76f6', 'Email', 'Ananthoo <ananth.malbal@gmail.com>', 'Fwd: RoadMap Reader', '', 1614571764000, NULL, 'InBoxReaderIMAPConsumer', 'New', 'PRD000001', NULL, '2021-03-01 09:39:45', '1457', b'0'),
	('73f5ee82-1d0a-4e96-ad09-ca18fcc8c86c', 'Email', 'Ananthoo <ananth.malbal@gmail.com>', 'Fwd: Mexico Expenses', '', 1614392921000, NULL, 'InBoxReaderIMAPConsumer', 'New', 'PRD000001', NULL, '2021-02-27 07:59:34', '1422', b'0'),
	('7b28d9c2-0290-4f7c-b0d1-46a2fb90aab5', 'Email', 'Ananthoo <ananth.malbal@gmail.com>', 'Fwd: Mexico Expenses', '', 1614390760000, NULL, 'InBoxReaderIMAPConsumer', 'New', 'PRD000001', NULL, '2021-02-27 07:23:30', '1420', b'0'),
	('7bac64e8-21f7-497d-9a62-ee18b3e51566', 'Email', 'Ananthoo <ananth.malbal@gmail.com>', 'Fwd: RoadMap Reader', '', 1614631942000, NULL, 'InBoxReaderIMAPConsumer', 'New', 'PRD000001', NULL, '2021-03-02 02:23:17', '1472', b'0'),
	('7f169124-a7f8-41d0-9456-ec1d3ecccf72', 'Email', 'Ananthoo <ananth.malbal@gmail.com>', 'Fwd: RoadMap Reader', '', 1614573772000, NULL, 'InBoxReaderIMAPConsumer', 'New', 'PRD000001', NULL, '2021-03-01 10:13:49', '1459', b'0'),
	('80e04ae7-0c75-464c-8291-0a5c01ab548f', 'Email', 'Ananthoo <ananth.malbal@gmail.com>', 'Fwd: RoadMap Reader', '', 1614574674000, NULL, 'InBoxReaderIMAPConsumer', 'New', 'PRD000001', NULL, '2021-03-01 10:28:38', '1462', b'0'),
	('8271a652-5a0b-4c7b-81c7-583e2cd4e625', 'Email', 'Ananthoo <ananth.malbal@gmail.com>', 'Fwd: Mexico Expenses', '', 1614396456000, NULL, 'InBoxReaderIMAPConsumer', 'New', 'PRD000001', NULL, '2021-02-27 08:58:23', '1423', b'0'),
	('a28ee908-5b0e-4371-b62e-882d8f35c28d', 'Email', 'Ananthoo <ananth.malbal@gmail.com>', 'Fwd: Mexico Expenses', '', 1614469404000, NULL, 'InBoxReaderIMAPConsumer', 'New', 'PRD000001', NULL, '2021-02-28 05:13:46', '1426', b'0'),
	('a6797348-e583-4b7c-9dfa-2dd4128a1b76', 'Email', 'Ananthoo <ananth.malbal@gmail.com>', 'Fwd: Mexico Expenses', '', 1614476260000, NULL, 'InBoxReaderIMAPConsumer', 'New', 'PRD000001', NULL, '2021-02-28 07:08:16', '1429', b'0'),
	('a7a93bba-3bab-4466-9e51-2478fb1e280b', 'Email', 'Ananthoo <ananth.malbal@gmail.com>', 'Fwd: Mexico Expenses', '', 1614469573000, NULL, 'InBoxReaderIMAPConsumer', 'New', 'PRD000001', NULL, '2021-02-28 05:16:35', '1427', b'0'),
	('a8f2c241-c45f-493b-bcdc-3d195cc7beaf', 'Email', 'Ananthoo <ananth.malbal@gmail.com>', 'Fwd: RoadMap Reader', '', 1614574979000, NULL, 'InBoxReaderIMAPConsumer', 'New', 'PRD000001', NULL, '2021-03-01 10:33:27', '1464', b'0'),
	('ad91aee4-e7ab-4bc6-a365-0a813d288c5c', 'Email', 'Ananthoo <ananth.malbal@gmail.com>', 'Fwd: Road Data Excel Upload', '', 1614543974000, NULL, 'InBoxReaderIMAPConsumer', 'New', 'PRD000001', NULL, '2021-03-01 01:56:55', '1438', b'0'),
	('c6d1e666-fb78-4558-97d0-9975ccc8a663', 'Email', 'Ananthoo <ananth.malbal@gmail.com>', 'Fwd: Mexico Expenses', '', 1614390651000, NULL, 'InBoxReaderIMAPConsumer', 'New', 'PRD000001', NULL, '2021-02-27 07:21:23', '1419', b'0'),
	('c865a523-418f-4107-8458-13fcd93d5f3b', 'Email', 'Ananthoo <ananth.malbal@gmail.com>', 'Fwd: RoadMap Reader', '', 1614618612000, NULL, 'InBoxReaderIMAPConsumer', 'New', 'PRD000001', NULL, '2021-03-01 22:47:45', '1466', b'0'),
	('c958f7c1-e75c-4ccb-b189-eee41642fb5a', 'Email', 'Ananthoo <ananth.malbal@gmail.com>', 'Fwd: RoadMap Reader', '', 1614571590000, NULL, 'InBoxReaderIMAPConsumer', 'New', 'PRD000001', NULL, '2021-03-01 09:36:52', '1456', b'0'),
	('cc292c89-becf-48ca-9dba-211ec3534546', 'Email', 'Ananthoo <ananth.malbal@gmail.com>', 'Fwd: RoadMap Reader', '', 1614573893000, NULL, 'InBoxReaderIMAPConsumer', 'New', 'PRD000001', NULL, '2021-03-01 10:15:15', '1460', b'0'),
	('d2696ba3-2be5-403c-af29-d6af03fe47aa', 'Email', 'Ananthoo <ananth.malbal@gmail.com>', 'Fwd: RoadMap Reader', '', 1614620395000, NULL, 'InBoxReaderIMAPConsumer', 'New', 'PRD000001', NULL, '2021-03-01 23:10:52', '1468', b'0'),
	('d2962778-fb83-41b2-ae29-9c2cbbe80bab', 'Email', 'Ananthoo <ananth.malbal@gmail.com>', 'Fwd: Road Data Collection', '', 1614478457000, NULL, 'InBoxReaderIMAPConsumer', 'New', 'PRD000001', NULL, '2021-02-28 07:45:13', '1432', b'0'),
	('dcf76da9-cca1-4c29-ae93-285579f512bc', 'Email', 'Ananthoo <ananth.malbal@gmail.com>', 'Fwd: Road Data Collection', '', 1614477793000, NULL, 'InBoxReaderIMAPConsumer', 'New', 'PRD000001', NULL, '2021-02-28 07:33:43', '1431', b'0'),
	('ebb77e75-e222-4fb7-97d0-f757133b3d12', 'Email', 'Ananthoo <ananth.malbal@gmail.com>', 'Fwd: Road Data Excel Upload', '', 1614544265000, NULL, 'InBoxReaderIMAPConsumer', 'New', 'PRD000001', NULL, '2021-03-01 02:01:52', '1440', b'0'),
	('ee4abdc5-de17-4178-afb1-11bfe1b59167', 'Email', 'Ananthoo <ananth.malbal@gmail.com>', 'Fwd: Mexico Expenses', '', 1614390942000, NULL, 'InBoxReaderIMAPConsumer', 'New', 'PRD000001', NULL, '2021-02-27 07:26:59', '1421', b'0'),
	('fe3aad81-1be9-43aa-b69a-0e6516465a10', 'Email', 'Ananthoo <ananth.malbal@gmail.com>', 'Fwd: Mexico Expenses', '', 1614389962000, NULL, 'InBoxReaderIMAPConsumer', 'New', 'PRD000001', NULL, '2021-02-27 07:09:44', '1418', b'0');
/*!40000 ALTER TABLE `operational_process_incoming_data` ENABLE KEYS */;

-- Dumping structure for table data_process.operational_process_producers
CREATE TABLE IF NOT EXISTS `operational_process_producers` (
  `producerId` varchar(50) NOT NULL,
  `dataURN` varchar(50) NOT NULL
) ENGINE=InnoDB DEFAULT CHARSET=utf8;

-- Dumping data for table data_process.operational_process_producers: ~0 rows (approximately)
DELETE FROM `operational_process_producers`;
/*!40000 ALTER TABLE `operational_process_producers` DISABLE KEYS */;
INSERT INTO `operational_process_producers` (`producerId`, `dataURN`) VALUES
	('PRD000001', '77a485b9-31df-412d-b9e8-54f735dcfece'),
	('PRD000001', '4e7b2d3a-6f49-4a55-9f56-e1e2f3b5b47d'),
	('PRD000001', '20b68c21-ddcb-4549-9420-3df950bba037'),
	('PRD000001', '0947fc10-b5ae-484e-aa7b-1fcaa23694e6'),
	('PRD000001', '68038da7-f522-4566-a43b-e8e2d01547fb'),
	('PRD000001', 'acd005f7-2441-43e5-9635-90a54f86d2cf'),
	('PRD000001', '33b02234-9f4c-451f-ba2a-661d3e033f9e'),
	('PRD000001', 'ae574eab-ccbe-4c2e-800d-6a447e3ff920'),
	('PRD000001', '1f3939c6-61d7-4c0a-903f-9bcc91fe0ada'),
	('PRD000001', '7e7d7776-ab41-4873-8759-c87c8c133d89'),
	('PRD000001', '944fa4b9-3a8c-4d9d-9e4b-59ceb4fbaf54'),
	('PRD000001', 'effbf813-f1b8-4484-9d9b-1507baab31a7'),
	('PRD000001', '0bddd814-4f5c-4150-9659-01cf9eff3ded'),
	('PRD000001', '0106753d-d2e3-49fc-8189-64d1d3be46bb'),
	('PRD000001', '940cdb96-a8e1-45ce-b3aa-4e85ad021890'),
	('PRD000001', '6a93aad0-7b3e-4123-8f4f-3bc9fbbcb692'),
	('PRD000001', '737f2207-b8e3-4813-bf86-564392e58a51');
/*!40000 ALTER TABLE `operational_process_producers` ENABLE KEYS */;

-- Dumping structure for table data_process.operational_resource_deployment
CREATE TABLE IF NOT EXISTS `operational_resource_deployment` (
  `deploymentId` varchar(50) NOT NULL,
  `deploymentTaskName` varchar(50) NOT NULL,
  `displayOrder` int(11) NOT NULL DEFAULT '0',
  `status` bit(1) NOT NULL DEFAULT b'1',
  PRIMARY KEY (`deploymentId`)
) ENGINE=InnoDB DEFAULT CHARSET=utf8;

-- Dumping data for table data_process.operational_resource_deployment: ~7 rows (approximately)
DELETE FROM `operational_resource_deployment`;
/*!40000 ALTER TABLE `operational_resource_deployment` DISABLE KEYS */;
INSERT INTO `operational_resource_deployment` (`deploymentId`, `deploymentTaskName`, `displayOrder`, `status`) VALUES
	('DLP0001', 'Access Ramp', 1, b'1'),
	('DLP0002', 'CR-43_Primary Road', 2, b'1'),
	('DLP0003', 'ATDB', 3, b'1'),
	('DLP0004', 'CSAV3 CM', 4, b'1'),
	('DLP0005', 'CSAV2 CM', 5, b'1'),
	('DLP0006', 'Special Task', 6, b'1'),
	('DLP0007', 'Geo Ref', 7, b'1');
/*!40000 ALTER TABLE `operational_resource_deployment` ENABLE KEYS */;

-- Dumping structure for table data_process.operational_resource_group
CREATE TABLE IF NOT EXISTS `operational_resource_group` (
  `groupId` varchar(50) NOT NULL,
  `groupName` varchar(50) DEFAULT NULL,
  `displayOrder` int(11) NOT NULL DEFAULT '0',
  `status` bit(1) NOT NULL DEFAULT b'1',
  PRIMARY KEY (`groupId`)
) ENGINE=InnoDB DEFAULT CHARSET=utf8;

-- Dumping data for table data_process.operational_resource_group: ~7 rows (approximately)
DELETE FROM `operational_resource_group`;
/*!40000 ALTER TABLE `operational_resource_group` DISABLE KEYS */;
INSERT INTO `operational_resource_group` (`groupId`, `groupName`, `displayOrder`, `status`) VALUES
	('GRP0001', 'Ayyappan', 1, b'1'),
	('GRP0002', 'Gandeeban M', 2, b'1'),
	('GRP0003', 'Jeeva', 3, b'1'),
	('GRP0004', 'ATDB', 4, b'1'),
	('GRP0005', 'Natraj', 5, b'1'),
	('GRP0006', 'Trainee', 6, b'1'),
	('GRP0007', 'Trainer', 7, b'1');
/*!40000 ALTER TABLE `operational_resource_group` ENABLE KEYS */;

-- Dumping structure for table data_process.operational_road_type
CREATE TABLE IF NOT EXISTS `operational_road_type` (
  `roadId` varchar(50) NOT NULL,
  `roadType` varchar(50) DEFAULT NULL,
  `displayOrder` int(11) NOT NULL DEFAULT '0',
  `status` bit(1) NOT NULL DEFAULT b'1',
  PRIMARY KEY (`roadId`)
) ENGINE=InnoDB DEFAULT CHARSET=utf8;

-- Dumping data for table data_process.operational_road_type: ~13 rows (approximately)
DELETE FROM `operational_road_type`;
/*!40000 ALTER TABLE `operational_road_type` DISABLE KEYS */;
INSERT INTO `operational_road_type` (`roadId`, `roadType`, `displayOrder`, `status`) VALUES
	('RD0001', 'Primary Non-Divided_Motorways', 1, b'1'),
	('RD0002', 'Primary Non-Divided_Trunk', 2, b'1'),
	('RD0003', 'Primary Non-Divided_Urban', 3, b'1'),
	('RD0004', 'Primary Non-Divided_Local Road', 4, b'1'),
	('RD0005', 'Primary Road - Divided', 5, b'1'),
	('RD0006', 'Motorway_Level_1', 6, b'1'),
	('RD0007', 'Motorway_Level_2', 7, b'1'),
	('RD0008', 'Interchange/Ramp', 8, b'1'),
	('RD0009', 'Access Ramp', 9, b'1'),
	('RD0010', 'Trunk_Road', 10, b'1'),
	('RD0011', 'Urban_Road', 11, b'1'),
	('RD0012', 'Dense_Urban_Road', 12, b'1'),
	('RD0013', 'Sub-Urban_Road', 13, b'1');
/*!40000 ALTER TABLE `operational_road_type` ENABLE KEYS */;

-- Dumping structure for table data_process.operational_status
CREATE TABLE IF NOT EXISTS `operational_status` (
  `statusId` varchar(50) NOT NULL,
  `statusName` varchar(50) NOT NULL,
  `description` varchar(200) NOT NULL DEFAULT '0',
  `displayOrder` int(11) NOT NULL DEFAULT '0',
  `status` bit(1) NOT NULL DEFAULT b'1',
  PRIMARY KEY (`statusId`)
) ENGINE=InnoDB DEFAULT CHARSET=utf8;

-- Dumping data for table data_process.operational_status: ~8 rows (approximately)
DELETE FROM `operational_status`;
/*!40000 ALTER TABLE `operational_status` DISABLE KEYS */;
INSERT INTO `operational_status` (`statusId`, `statusName`, `description`, `displayOrder`, `status`) VALUES
	('Comp', 'Comp', 'Comp', 0, b'1'),
	('Hold', 'Hold', 'Hold', 0, b'1'),
	('IP', 'IP', 'IP', 0, b'1'),
	('QA_Rejected', 'QA Rejected', 'QA Rejected', 0, b'1'),
	('QC_Rejected', 'QC Rejected', 'QC Rejected', 0, b'1'),
	('Rework_Comp', 'Rework-Comp', 'Rework Comp', 0, b'1'),
	('Rework_IP', 'Rework-IP', 'Rework IP', 0, b'1'),
	('Yts', 'Yts', 'Yts', 0, b'1');
/*!40000 ALTER TABLE `operational_status` ENABLE KEYS */;

-- Dumping structure for table data_process.operational_status_reason
CREATE TABLE IF NOT EXISTS `operational_status_reason` (
  `statusId` varchar(50) NOT NULL,
  `reasonId` varchar(50) NOT NULL,
  `reason` varchar(50) NOT NULL,
  `description` varchar(200) NOT NULL,
  `status` bit(1) NOT NULL DEFAULT b'1',
  `displayOrder` int(11) NOT NULL DEFAULT '0',
  PRIMARY KEY (`reasonId`)
) ENGINE=InnoDB DEFAULT CHARSET=utf8;

-- Dumping data for table data_process.operational_status_reason: ~16 rows (approximately)
DELETE FROM `operational_status_reason`;
/*!40000 ALTER TABLE `operational_status_reason` DISABLE KEYS */;
INSERT INTO `operational_status_reason` (`statusId`, `reasonId`, `reason`, `description`, `status`, `displayOrder`) VALUES
	('Hold', 'RN000001', '2D Lidar not loading / Displaying', '2D Lidar not loading / Displaying', b'1', 1),
	('Hold', 'RN000002', 'Bad LIDAR with "Blur" or "Whiteout condition"', 'Bad LIDAR with "Blur" or "Whiteout condition"', b'1', 2),
	('Hold', 'RN000003', 'Bad LIDAR with Poor paint strips', 'Bad LIDAR with Poor paint strips', b'1', 3),
	('Hold', 'RN000004', 'Bifurcation location shift / mismatch between the ', 'Bifurcation location shift / mismatch between the LIDARs for Ramp & Highway', b'1', 4),
	('Hold', 'RN000005', 'Elevation Issue - More than 50 cm height differenc', 'Elevation Issue - More than 50 cm height difference between  Ramp & Highway LAZ', b'1', 5),
	('Hold', 'RN000006', 'Lane width mismatch between the LIDARs for Ramp & ', 'Lane width mismatch between the LIDARs for Ramp & Highway', b'1', 6),
	('Hold', 'RN000007', 'LAZ files Missing', 'LAZ files Missing', b'1', 7),
	('Hold', 'RN000008', 'LIDAR gaps', 'LIDAR gaps', b'1', 8),
	('Hold', 'RN000009', 'No Lidar Coverage / Trails Missing', 'No Lidar Coverage / Trails Missing', b'1', 9),
	('Hold', 'RN000010', 'No Lidar Coverage under the bridge / shadow', 'No Lidar Coverage under the bridge / shadow', b'1', 10),
	('Hold', 'RN000011', 'No WU geometry created for Highway but ramp having', 'No WU geometry created for Highway but ramp having WU geometry', b'1', 11),
	('Hold', 'RN000012', 'Number of lanes mismatch between the LIDARs for Ra', 'Number of lanes mismatch between the LIDARs for Ramp & Highway', b'1', 12),
	('Hold', 'RN000013', 'Partial LIDAR Coverage', 'Partial LIDAR Coverage', b'1', 13),
	('Hold', 'RN000014', 'Road under Construction', 'Road under Construction', b'1', 14),
	('Hold', 'RN000015', 'Tool Issue  LIDAR not visible in BGE / DGE window', 'Tool Issue  LIDAR not visible in BGE / DGE window', b'1', 15),
	('Hold', 'RN000016', 'Unable to fix Hard / Soft work status Errors ', 'Unable to fix Hard / Soft work status Errors', b'1', 16);
/*!40000 ALTER TABLE `operational_status_reason` ENABLE KEYS */;

-- Dumping structure for table data_process.operational_subcountry
CREATE TABLE IF NOT EXISTS `operational_subcountry` (
  `country` varchar(20) NOT NULL,
  `countryName` varchar(50) NOT NULL,
  `status` bit(1) NOT NULL DEFAULT b'0',
  `displayOrder` int(11) NOT NULL DEFAULT '0',
  PRIMARY KEY (`country`)
) ENGINE=InnoDB DEFAULT CHARSET=utf8;

-- Dumping data for table data_process.operational_subcountry: ~474 rows (approximately)
DELETE FROM `operational_subcountry`;
/*!40000 ALTER TABLE `operational_subcountry` DISABLE KEYS */;
INSERT INTO `operational_subcountry` (`country`, `countryName`, `status`, `displayOrder`) VALUES
	('Africa/Abidjan', 'Africa/Abidjan', b'0', 0),
	('Africa/Accra', 'Africa/Accra', b'0', 0),
	('Africa/Addis_Ababa', 'Africa/Addis_Ababa', b'0', 0),
	('Africa/Algiers', 'Africa/Algiers', b'0', 0),
	('Africa/Asmara', 'Africa/Asmara', b'0', 0),
	('Africa/Asmera', 'Africa/Asmera', b'0', 0),
	('Africa/Bamako', 'Africa/Bamako', b'0', 0),
	('Africa/Bangui', 'Africa/Bangui', b'0', 0),
	('Africa/Banjul', 'Africa/Banjul', b'0', 0),
	('Africa/Bissau', 'Africa/Bissau', b'0', 0),
	('Africa/Blantyre', 'Africa/Blantyre', b'0', 0),
	('Africa/Brazzaville', 'Africa/Brazzaville', b'0', 0),
	('Africa/Bujumbura', 'Africa/Bujumbura', b'0', 0),
	('Africa/Cairo', 'Africa/Cairo', b'0', 0),
	('Africa/Casablanca', 'Africa/Casablanca', b'0', 0),
	('Africa/Ceuta', 'Africa/Ceuta', b'0', 0),
	('Africa/Conakry', 'Africa/Conakry', b'0', 0),
	('Africa/Dakar', 'Africa/Dakar', b'0', 0),
	('Africa/Dar_es_Salaam', 'Africa/Dar_es_Salaam', b'0', 0),
	('Africa/Djibouti', 'Africa/Djibouti', b'0', 0),
	('Africa/Douala', 'Africa/Douala', b'0', 0),
	('Africa/El_Aaiun', 'Africa/El_Aaiun', b'0', 0),
	('Africa/Freetown', 'Africa/Freetown', b'0', 0),
	('Africa/Gaborone', 'Africa/Gaborone', b'0', 0),
	('Africa/Harare', 'Africa/Harare', b'0', 0),
	('Africa/Johannesburg', 'Africa/Johannesburg', b'0', 0),
	('Africa/Juba', 'Africa/Juba', b'0', 0),
	('Africa/Kampala', 'Africa/Kampala', b'0', 0),
	('Africa/Khartoum', 'Africa/Khartoum', b'0', 0),
	('Africa/Kigali', 'Africa/Kigali', b'0', 0),
	('Africa/Kinshasa', 'Africa/Kinshasa', b'0', 0),
	('Africa/Lagos', 'Africa/Lagos', b'0', 0),
	('Africa/Libreville', 'Africa/Libreville', b'0', 0),
	('Africa/Lome', 'Africa/Lome', b'0', 0),
	('Africa/Luanda', 'Africa/Luanda', b'0', 0),
	('Africa/Lubumbashi', 'Africa/Lubumbashi', b'0', 0),
	('Africa/Lusaka', 'Africa/Lusaka', b'0', 0),
	('Africa/Malabo', 'Africa/Malabo', b'0', 0),
	('Africa/Maputo', 'Africa/Maputo', b'0', 0),
	('Africa/Maseru', 'Africa/Maseru', b'0', 0),
	('Africa/Mbabane', 'Africa/Mbabane', b'0', 0),
	('Africa/Mogadishu', 'Africa/Mogadishu', b'0', 0),
	('Africa/Monrovia', 'Africa/Monrovia', b'0', 0),
	('Africa/Nairobi', 'Africa/Nairobi', b'0', 0),
	('Africa/Ndjamena', 'Africa/Ndjamena', b'0', 0),
	('Africa/Niamey', 'Africa/Niamey', b'0', 0),
	('Africa/Nouakchott', 'Africa/Nouakchott', b'0', 0),
	('Africa/Ouagadougou', 'Africa/Ouagadougou', b'0', 0),
	('Africa/Porto-Novo', 'Africa/Porto-Novo', b'0', 0),
	('Africa/Sao_Tome', 'Africa/Sao_Tome', b'0', 0),
	('Africa/Timbuktu', 'Africa/Timbuktu', b'0', 0),
	('Africa/Tripoli', 'Africa/Tripoli', b'0', 0),
	('Africa/Tunis', 'Africa/Tunis', b'0', 0),
	('Africa/Windhoek', 'Africa/Windhoek', b'0', 0),
	('America/Adak', 'America/Adak', b'0', 0),
	('America/Anchorage', 'America/Anchorage', b'0', 0),
	('America/Anguilla', 'America/Anguilla', b'0', 0),
	('America/Antigua', 'America/Antigua', b'0', 0),
	('America/Araguaina', 'America/Araguaina', b'0', 0),
	('America/Aruba', 'America/Aruba', b'0', 0),
	('America/Asuncion', 'America/Asuncion', b'0', 0),
	('America/Atikokan', 'America/Atikokan', b'0', 0),
	('America/Atka', 'America/Atka', b'0', 0),
	('America/Bahia', 'America/Bahia', b'0', 0),
	('America/Barbados', 'America/Barbados', b'0', 0),
	('America/Belem', 'America/Belem', b'0', 0),
	('America/Belize', 'America/Belize', b'0', 0),
	('America/Blanc-Sablon', 'America/Blanc-Sablon', b'0', 0),
	('America/Boa_Vista', 'America/Boa_Vista', b'0', 0),
	('America/Bogota', 'America/Bogota', b'0', 0),
	('America/Boise', 'America/Boise', b'0', 0),
	('America/Buenos_Aires', 'America/Buenos_Aires', b'0', 0),
	('America/Campo_Grande', 'America/Campo_Grande', b'0', 0),
	('America/Cancun', 'America/Cancun', b'0', 0),
	('America/Caracas', 'America/Caracas', b'0', 0),
	('America/Catamarca', 'America/Catamarca', b'0', 0),
	('America/Cayenne', 'America/Cayenne', b'0', 0),
	('America/Cayman', 'America/Cayman', b'0', 0),
	('America/Chicago', 'America/Chicago', b'0', 0),
	('America/Chihuahua', 'America/Chihuahua', b'0', 0),
	('America/Cordoba', 'America/Cordoba', b'0', 0),
	('America/Costa_Rica', 'America/Costa_Rica', b'0', 0),
	('America/Creston', 'America/Creston', b'0', 0),
	('America/Cuiaba', 'America/Cuiaba', b'0', 0),
	('America/Curacao', 'America/Curacao', b'0', 0),
	('America/Danmarkshavn', 'America/Danmarkshavn', b'0', 0),
	('America/Dawson', 'America/Dawson', b'0', 0),
	('America/Dawson_Creek', 'America/Dawson_Creek', b'0', 0),
	('America/Denver', 'America/Denver', b'0', 0),
	('America/Detroit', 'America/Detroit', b'0', 0),
	('America/Dominica', 'America/Dominica', b'0', 0),
	('America/Edmonton', 'America/Edmonton', b'0', 0),
	('America/Eirunepe', 'America/Eirunepe', b'0', 0),
	('America/El_Salvador', 'America/El_Salvador', b'0', 0),
	('America/Ensenada', 'America/Ensenada', b'0', 0),
	('America/Fortaleza', 'America/Fortaleza', b'0', 0),
	('America/Fort_Nelson', 'America/Fort_Nelson', b'0', 0),
	('America/Fort_Wayne', 'America/Fort_Wayne', b'0', 0),
	('America/Glace_Bay', 'America/Glace_Bay', b'0', 0),
	('America/Godthab', 'America/Godthab', b'0', 0),
	('America/Goose_Bay', 'America/Goose_Bay', b'0', 0),
	('America/Grand_Turk', 'America/Grand_Turk', b'0', 0),
	('America/Grenada', 'America/Grenada', b'0', 0),
	('America/Guadeloupe', 'America/Guadeloupe', b'0', 0),
	('America/Guatemala', 'America/Guatemala', b'0', 0),
	('America/Guayaquil', 'America/Guayaquil', b'0', 0),
	('America/Guyana', 'America/Guyana', b'0', 0),
	('America/Halifax', 'America/Halifax', b'0', 0),
	('America/Havana', 'America/Havana', b'0', 0),
	('America/Hermosillo', 'America/Hermosillo', b'0', 0),
	('America/Indiana/Knox', 'America/Indiana/Knox', b'0', 0),
	('America/Indianapolis', 'America/Indianapolis', b'0', 0),
	('America/Inuvik', 'America/Inuvik', b'0', 0),
	('America/Iqaluit', 'America/Iqaluit', b'0', 0),
	('America/Jamaica', 'America/Jamaica', b'0', 0),
	('America/Jujuy', 'America/Jujuy', b'0', 0),
	('America/Juneau', 'America/Juneau', b'0', 0),
	('America/Knox_IN', 'America/Knox_IN', b'0', 0),
	('America/Kralendijk', 'America/Kralendijk', b'0', 0),
	('America/La_Paz', 'America/La_Paz', b'0', 0),
	('America/Lima', 'America/Lima', b'0', 0),
	('America/Los_Angeles', 'America/Los_Angeles', b'0', 0),
	('America/Louisville', 'America/Louisville', b'0', 0),
	('America/Maceio', 'America/Maceio', b'0', 0),
	('America/Managua', 'America/Managua', b'0', 0),
	('America/Manaus', 'America/Manaus', b'0', 0),
	('America/Marigot', 'America/Marigot', b'0', 0),
	('America/Martinique', 'America/Martinique', b'0', 0),
	('America/Matamoros', 'America/Matamoros', b'0', 0),
	('America/Mazatlan', 'America/Mazatlan', b'0', 0),
	('America/Mendoza', 'America/Mendoza', b'0', 0),
	('America/Menominee', 'America/Menominee', b'0', 0),
	('America/Merida', 'America/Merida', b'0', 0),
	('America/Metlakatla', 'America/Metlakatla', b'0', 0),
	('America/Mexico_City', 'America/Mexico_City', b'0', 0),
	('America/Miquelon', 'America/Miquelon', b'0', 0),
	('America/Moncton', 'America/Moncton', b'0', 0),
	('America/Monterrey', 'America/Monterrey', b'0', 0),
	('America/Montevideo', 'America/Montevideo', b'0', 0),
	('America/Montreal', 'America/Montreal', b'0', 0),
	('America/Montserrat', 'America/Montserrat', b'0', 0),
	('America/Nassau', 'America/Nassau', b'0', 0),
	('America/New_York', 'America/New_York', b'0', 0),
	('America/Nipigon', 'America/Nipigon', b'0', 0),
	('America/Nome', 'America/Nome', b'0', 0),
	('America/Noronha', 'America/Noronha', b'0', 0),
	('America/Ojinaga', 'America/Ojinaga', b'0', 0),
	('America/Panama', 'America/Panama', b'0', 0),
	('America/Pangnirtung', 'America/Pangnirtung', b'0', 0),
	('America/Paramaribo', 'America/Paramaribo', b'0', 0),
	('America/Phoenix', 'America/Phoenix', b'0', 0),
	('America/Porto_Acre', 'America/Porto_Acre', b'0', 0),
	('America/Porto_Velho', 'America/Porto_Velho', b'0', 0),
	('America/Puerto_Rico', 'America/Puerto_Rico', b'0', 0),
	('America/Punta_Arenas', 'America/Punta_Arenas', b'0', 0),
	('America/Rainy_River', 'America/Rainy_River', b'0', 0),
	('America/Rankin_Inlet', 'America/Rankin_Inlet', b'0', 0),
	('America/Recife', 'America/Recife', b'0', 0),
	('America/Regina', 'America/Regina', b'0', 0),
	('America/Resolute', 'America/Resolute', b'0', 0),
	('America/Rio_Branco', 'America/Rio_Branco', b'0', 0),
	('America/Rosario', 'America/Rosario', b'0', 0),
	('America/Santarem', 'America/Santarem', b'0', 0),
	('America/Santa_Isabel', 'America/Santa_Isabel', b'0', 0),
	('America/Santiago', 'America/Santiago', b'0', 0),
	('America/Sao_Paulo', 'America/Sao_Paulo', b'0', 0),
	('America/Scoresbysund', 'America/Scoresbysund', b'0', 0),
	('America/Shiprock', 'America/Shiprock', b'0', 0),
	('America/Sitka', 'America/Sitka', b'0', 0),
	('America/St_Johns', 'America/St_Johns', b'0', 0),
	('America/St_Kitts', 'America/St_Kitts', b'0', 0),
	('America/St_Lucia', 'America/St_Lucia', b'0', 0),
	('America/St_Thomas', 'America/St_Thomas', b'0', 0),
	('America/St_Vincent', 'America/St_Vincent', b'0', 0),
	('America/Tegucigalpa', 'America/Tegucigalpa', b'0', 0),
	('America/Thule', 'America/Thule', b'0', 0),
	('America/Thunder_Bay', 'America/Thunder_Bay', b'0', 0),
	('America/Tijuana', 'America/Tijuana', b'0', 0),
	('America/Toronto', 'America/Toronto', b'0', 0),
	('America/Tortola', 'America/Tortola', b'0', 0),
	('America/Vancouver', 'America/Vancouver', b'0', 0),
	('America/Virgin', 'America/Virgin', b'0', 0),
	('America/Whitehorse', 'America/Whitehorse', b'0', 0),
	('America/Winnipeg', 'America/Winnipeg', b'0', 0),
	('America/Yakutat', 'America/Yakutat', b'0', 0),
	('America/Yellowknife', 'America/Yellowknife', b'0', 0),
	('Antarctica/Casey', 'Antarctica/Casey', b'0', 0),
	('Antarctica/Davis', 'Antarctica/Davis', b'0', 0),
	('Antarctica/Macquarie', 'Antarctica/Macquarie', b'0', 0),
	('Antarctica/Mawson', 'Antarctica/Mawson', b'0', 0),
	('Antarctica/McMurdo', 'Antarctica/McMurdo', b'0', 0),
	('Antarctica/Palmer', 'Antarctica/Palmer', b'0', 0),
	('Antarctica/Rothera', 'Antarctica/Rothera', b'0', 0),
	('Antarctica/Syowa', 'Antarctica/Syowa', b'0', 0),
	('Antarctica/Troll', 'Antarctica/Troll', b'0', 0),
	('Antarctica/Vostok', 'Antarctica/Vostok', b'0', 0),
	('Arctic/Longyearbyen', 'Arctic/Longyearbyen', b'0', 0),
	('Asia/Aden', 'Asia/Aden', b'0', 0),
	('Asia/Almaty', 'Asia/Almaty', b'0', 0),
	('Asia/Amman', 'Asia/Amman', b'0', 0),
	('Asia/Anadyr', 'Asia/Anadyr', b'0', 0),
	('Asia/Aqtau', 'Asia/Aqtau', b'0', 0),
	('Asia/Aqtobe', 'Asia/Aqtobe', b'0', 0),
	('Asia/Ashgabat', 'Asia/Ashgabat', b'0', 0),
	('Asia/Ashkhabad', 'Asia/Ashkhabad', b'0', 0),
	('Asia/Atyrau', 'Asia/Atyrau', b'0', 0),
	('Asia/Baghdad', 'Asia/Baghdad', b'0', 0),
	('Asia/Bahrain', 'Bahrain', b'0', 12),
	('Asia/Baku', 'Asia/Baku', b'0', 0),
	('Asia/Bangkok', 'Thailand', b'0', 15),
	('Asia/Barnaul', 'Asia/Barnaul', b'0', 0),
	('Asia/Beirut', 'Asia/Beirut', b'0', 0),
	('Asia/Bishkek', 'Asia/Bishkek', b'0', 0),
	('Asia/Brunei', 'Asia/Brunei', b'0', 0),
	('Asia/Calcutta', 'Asia/Calcutta', b'0', 0),
	('Asia/Chita', 'Asia/Chita', b'0', 0),
	('Asia/Choibalsan', 'Asia/Choibalsan', b'0', 0),
	('Asia/Chongqing', 'Asia/Chongqing', b'0', 0),
	('Asia/Chungking', 'Asia/Chungking', b'0', 0),
	('Asia/Colombo', 'Sri Lanka', b'0', 3),
	('Asia/Damascus', 'Asia/Damascus', b'0', 0),
	('Asia/Dhaka', 'Bangladesh', b'0', 17),
	('Asia/Dili', 'Asia/Dili', b'0', 0),
	('Asia/Dubai', 'Dubai', b'0', 13),
	('Asia/Dushanbe', 'Asia/Dushanbe', b'0', 0),
	('Asia/Famagusta', 'Asia/Famagusta', b'0', 0),
	('Asia/Gaza', 'Asia/Gaza', b'0', 0),
	('Asia/Harbin', 'Asia/Harbin', b'0', 0),
	('Asia/Hebron', 'Asia/Hebron', b'0', 0),
	('Asia/Hong_Kong', 'Asia/Hong_Kong', b'0', 0),
	('Asia/Hovd', 'Asia/Hovd', b'0', 0),
	('Asia/Ho_Chi_Minh', 'Asia/Ho_Chi_Minh', b'0', 0),
	('Asia/Irkutsk', 'Asia/Irkutsk', b'0', 0),
	('Asia/Istanbul', 'Asia/Istanbul', b'0', 0),
	('Asia/Jakarta', 'Indonesia', b'0', 4),
	('Asia/Jayapura', 'Asia/Jayapura', b'0', 0),
	('Asia/Jerusalem', 'Asia/Jerusalem', b'0', 0),
	('Asia/Kabul', 'Pakistan', b'0', 22),
	('Asia/Kamchatka', 'Asia/Kamchatka', b'0', 0),
	('Asia/Karachi', 'Asia/Karachi', b'0', 0),
	('Asia/Kashgar', 'Asia/Kashgar', b'0', 0),
	('Asia/Kathmandu', 'Nepal', b'0', 23),
	('Asia/Katmandu', 'Asia/Katmandu', b'0', 14),
	('Asia/Khandyga', 'Asia/Khandyga', b'0', 0),
	('Asia/Kolkata', 'India', b'1', 1),
	('Asia/Krasnoyarsk', 'Asia/Krasnoyarsk', b'0', 0),
	('Asia/Kuala_Lumpur', 'Malaysia', b'0', 5),
	('Asia/Kuching', 'Asia/Kuching', b'0', 0),
	('Asia/Kuwait', 'Kuwait', b'0', 19),
	('Asia/Macao', 'Asia/Macao', b'0', 0),
	('Asia/Macau', 'Asia/Macau', b'0', 0),
	('Asia/Magadan', 'Asia/Magadan', b'0', 0),
	('Asia/Makassar', 'Asia/Makassar', b'0', 0),
	('Asia/Manila', 'Phillippines', b'0', 20),
	('Asia/Muscat', 'Oman', b'0', 6),
	('Asia/Nicosia', 'Asia/Nicosia', b'0', 0),
	('Asia/Novokuznetsk', 'Asia/Novokuznetsk', b'0', 0),
	('Asia/Novosibirsk', 'Asia/Novosibirsk', b'0', 0),
	('Asia/Omsk', 'Asia/Omsk', b'0', 0),
	('Asia/Oral', 'Asia/Oral', b'0', 0),
	('Asia/Phnom_Penh', 'Asia/Phnom_Penh', b'0', 0),
	('Asia/Pontianak', 'Asia/Pontianak', b'0', 0),
	('Asia/Pyongyang', 'Asia/Pyongyang', b'0', 0),
	('Asia/Qatar', 'Qatar', b'0', 7),
	('Asia/Qyzylorda', 'Asia/Qyzylorda', b'0', 0),
	('Asia/Rangoon', 'Asia/Rangoon', b'0', 0),
	('Asia/Riyadh', 'Riyadh', b'0', 8),
	('Asia/Saigon', 'Asia/Saigon', b'0', 0),
	('Asia/Sakhalin', 'Asia/Sakhalin', b'0', 0),
	('Asia/Samarkand', 'Asia/Samarkand', b'0', 0),
	('Asia/Seoul', 'Asia/Seoul', b'0', 0),
	('Asia/Shanghai', 'Asia/Shanghai', b'0', 0),
	('Asia/Singapore', 'Singapore', b'0', 2),
	('Asia/Srednekolymsk', 'Asia/Srednekolymsk', b'0', 0),
	('Asia/Taipei', 'Asia/Taipei', b'0', 0),
	('Asia/Tashkent', 'Asia/Tashkent', b'0', 0),
	('Asia/Tbilisi', 'Asia/Tbilisi', b'0', 0),
	('Asia/Tehran', 'Asia/Tehran', b'0', 0),
	('Asia/Tel_Aviv', 'Asia/Tel_Aviv', b'0', 0),
	('Asia/Thimbu', 'Asia/Thimbu', b'0', 0),
	('Asia/Thimphu', 'Asia/Thimphu', b'0', 0),
	('Asia/Tokyo', 'Asia/Tokyo', b'0', 0),
	('Asia/Tomsk', 'Asia/Tomsk', b'0', 0),
	('Asia/Ujung_Pandang', 'Asia/Ujung_Pandang', b'0', 0),
	('Asia/Ulaanbaatar', 'Asia/Ulaanbaatar', b'0', 0),
	('Asia/Ulan_Bator', 'Asia/Ulan_Bator', b'0', 0),
	('Asia/Urumqi', 'Asia/Urumqi', b'0', 0),
	('Asia/Ust-Nera', 'Asia/Ust-Nera', b'0', 0),
	('Asia/Vientiane', 'Asia/Vientiane', b'0', 0),
	('Asia/Vladivostok', 'Asia/Vladivostok', b'0', 0),
	('Asia/Yakutsk', 'Asia/Yakutsk', b'0', 0),
	('Asia/Yangon', 'Asia/Yangon', b'0', 0),
	('Asia/Yekaterinburg', 'Asia/Yekaterinburg', b'0', 0),
	('Asia/Yerevan', 'Asia/Yerevan', b'0', 0),
	('Atlantic/Azores', 'Atlantic/Azores', b'0', 0),
	('Atlantic/Bermuda', 'Atlantic/Bermuda', b'0', 0),
	('Atlantic/Canary', 'Atlantic/Canary', b'0', 0),
	('Atlantic/Cape_Verde', 'Atlantic/Cape_Verde', b'0', 0),
	('Atlantic/Faeroe', 'Atlantic/Faeroe', b'0', 0),
	('Atlantic/Faroe', 'Atlantic/Faroe', b'0', 0),
	('Atlantic/Jan_Mayen', 'Atlantic/Jan_Mayen', b'0', 0),
	('Atlantic/Madeira', 'Atlantic/Madeira', b'0', 0),
	('Atlantic/Reykjavik', 'Atlantic/Reykjavik', b'0', 0),
	('Atlantic/Stanley', 'Atlantic/Stanley', b'0', 0),
	('Atlantic/St_Helena', 'Atlantic/St_Helena', b'0', 0),
	('Australia/ACT', 'Australia/ACT', b'0', 0),
	('Australia/Adelaide', 'Australia/Adelaide', b'0', 0),
	('Australia/Brisbane', 'Australia/Brisbane', b'0', 0),
	('Australia/Canberra', 'Australia/Canberra', b'0', 0),
	('Australia/Currie', 'Australia/Currie', b'0', 0),
	('Australia/Darwin', 'Australia/Darwin', b'0', 0),
	('Australia/Eucla', 'Australia/Eucla', b'0', 0),
	('Australia/Hobart', 'Australia/Hobart', b'0', 0),
	('Australia/LHI', 'Australia/LHI', b'0', 0),
	('Australia/Lindeman', 'Australia/Lindeman', b'0', 0),
	('Australia/Lord_Howe', 'Australia/Lord_Howe', b'0', 0),
	('Australia/Melbourne', 'Australia/Melbourne', b'0', 0),
	('Australia/North', 'Australia/North', b'0', 0),
	('Australia/NSW', 'Australia/NSW', b'0', 0),
	('Australia/Perth', 'Australia/Perth', b'0', 0),
	('Australia/Queensland', 'Australia/Queensland', b'0', 0),
	('Australia/South', 'Australia/South', b'0', 0),
	('Australia/Sydney', 'Australia/Sydney', b'0', 0),
	('Australia/Tasmania', 'Australia/Tasmania', b'0', 0),
	('Australia/Victoria', 'Australia/Victoria', b'0', 0),
	('Australia/West', 'Australia/West', b'0', 0),
	('Australia/Yancowinna', 'Australia/Yancowinna', b'0', 0),
	('Brazil/Acre', 'Brazil/Acre', b'0', 0),
	('Brazil/DeNoronha', 'Brazil/DeNoronha', b'0', 0),
	('Brazil/East', 'Brazil/East', b'0', 0),
	('Brazil/West', 'Brazil/West', b'0', 0),
	('Canada/Atlantic', 'Canada/Atlantic', b'0', 0),
	('Canada/Central', 'Canada/Central', b'0', 0),
	('Canada/Eastern', 'Canada/Eastern', b'0', 0),
	('Canada/Mountain', 'Canada/Mountain', b'0', 0),
	('Canada/Newfoundland', 'Canada/Newfoundland', b'0', 0),
	('Canada/Pacific', 'Canada/Pacific', b'0', 0),
	('Canada/Saskatchewan', 'Canada/Saskatchewan', b'0', 0),
	('Canada/Yukon', 'Canada/Yukon', b'0', 0),
	('Chile/Continental', 'Chile/Continental', b'0', 0),
	('Chile/EasterIsland', 'Chile/EasterIsland', b'0', 0),
	('Europe/Amsterdam', 'Europe/Amsterdam', b'0', 0),
	('Europe/Andorra', 'Europe/Andorra', b'0', 0),
	('Europe/Astrakhan', 'Europe/Astrakhan', b'0', 0),
	('Europe/Athens', 'Europe/Athens', b'0', 0),
	('Europe/Belfast', 'Europe/Belfast', b'0', 0),
	('Europe/Belgrade', 'Europe/Belgrade', b'0', 0),
	('Europe/Berlin', 'Europe/Berlin', b'0', 0),
	('Europe/Bratislava', 'Europe/Bratislava', b'0', 0),
	('Europe/Brussels', 'Europe/Brussels', b'0', 0),
	('Europe/Bucharest', 'Europe/Bucharest', b'0', 0),
	('Europe/Budapest', 'Europe/Budapest', b'0', 0),
	('Europe/Busingen', 'Europe/Busingen', b'0', 0),
	('Europe/Chisinau', 'Europe/Chisinau', b'0', 0),
	('Europe/Copenhagen', 'Europe/Copenhagen', b'0', 0),
	('Europe/Dublin', 'Europe/Dublin', b'0', 0),
	('Europe/Gibraltar', 'Europe/Gibraltar', b'0', 0),
	('Europe/Guernsey', 'Europe/Guernsey', b'0', 0),
	('Europe/Helsinki', 'Europe/Helsinki', b'0', 0),
	('Europe/Isle_of_Man', 'Europe/Isle_of_Man', b'0', 0),
	('Europe/Istanbul', 'Europe/Istanbul', b'0', 0),
	('Europe/Jersey', 'Europe/Jersey', b'0', 0),
	('Europe/Kaliningrad', 'Europe/Kaliningrad', b'0', 0),
	('Europe/Kiev', 'Europe/Kiev', b'0', 0),
	('Europe/Kirov', 'Europe/Kirov', b'0', 0),
	('Europe/Lisbon', 'Europe/Lisbon', b'0', 0),
	('Europe/Ljubljana', 'Europe/Ljubljana', b'0', 0),
	('Europe/London', 'United Kingdom', b'0', 9),
	('Europe/Luxembourg', 'Europe/Luxembourg', b'0', 0),
	('Europe/Madrid', 'Europe/Madrid', b'0', 0),
	('Europe/Malta', 'Europe/Malta', b'0', 0),
	('Europe/Mariehamn', 'Europe/Mariehamn', b'0', 0),
	('Europe/Minsk', 'Europe/Minsk', b'0', 0),
	('Europe/Monaco', 'Europe/Monaco', b'0', 0),
	('Europe/Moscow', 'Europe/Moscow', b'0', 0),
	('Europe/Nicosia', 'Europe/Nicosia', b'0', 0),
	('Europe/Oslo', 'Europe/Oslo', b'0', 0),
	('Europe/Paris', 'Europe/Paris', b'0', 0),
	('Europe/Podgorica', 'Europe/Podgorica', b'0', 0),
	('Europe/Prague', 'Europe/Prague', b'0', 0),
	('Europe/Riga', 'Europe/Riga', b'0', 0),
	('Europe/Rome', 'Europe/Rome', b'0', 0),
	('Europe/Samara', 'Europe/Samara', b'0', 0),
	('Europe/San_Marino', 'Europe/San_Marino', b'0', 0),
	('Europe/Sarajevo', 'Europe/Sarajevo', b'0', 0),
	('Europe/Saratov', 'Europe/Saratov', b'0', 0),
	('Europe/Simferopol', 'Europe/Simferopol', b'0', 0),
	('Europe/Skopje', 'Europe/Skopje', b'0', 0),
	('Europe/Sofia', 'Europe/Sofia', b'0', 0),
	('Europe/Stockholm', 'Europe/Stockholm', b'0', 0),
	('Europe/Tallinn', 'Europe/Tallinn', b'0', 0),
	('Europe/Tirane', 'Europe/Tirane', b'0', 0),
	('Europe/Tiraspol', 'Europe/Tiraspol', b'0', 0),
	('Europe/Ulyanovsk', 'Europe/Ulyanovsk', b'0', 0),
	('Europe/Uzhgorod', 'Europe/Uzhgorod', b'0', 0),
	('Europe/Vaduz', 'Europe/Vaduz', b'0', 0),
	('Europe/Vatican', 'Europe/Vatican', b'0', 0),
	('Europe/Vienna', 'Europe/Vienna', b'0', 0),
	('Europe/Vilnius', 'Europe/Vilnius', b'0', 0),
	('Europe/Volgograd', 'Europe/Volgograd', b'0', 0),
	('Europe/Warsaw', 'Europe/Warsaw', b'0', 0),
	('Europe/Zagreb', 'Europe/Zagreb', b'0', 0),
	('Europe/Zaporozhye', 'Europe/Zaporozhye', b'0', 0),
	('Europe/Zurich', 'Europe/Zurich', b'0', 0),
	('Indian/Antananarivo', 'Indian/Antananarivo', b'0', 0),
	('Indian/Chagos', 'Indian/Chagos', b'0', 0),
	('Indian/Christmas', 'Indian/Christmas', b'0', 0),
	('Indian/Cocos', 'Indian/Cocos', b'0', 0),
	('Indian/Comoro', 'Indian/Comoro', b'0', 0),
	('Indian/Kerguelen', 'Indian/Kerguelen', b'0', 0),
	('Indian/Mahe', 'Mahe', b'0', 10),
	('Indian/Maldives', 'Maldives', b'0', 11),
	('Indian/Mauritius', 'Mauritius', b'0', 21),
	('Indian/Mayotte', 'Indian/Mayotte', b'0', 0),
	('Indian/Reunion', 'Indian/Reunion', b'0', 0),
	('Mexico/BajaNorte', 'Mexico/BajaNorte', b'0', 0),
	('Mexico/BajaSur', 'Mexico/BajaSur', b'0', 0),
	('Mexico/General', 'Mexico/General', b'0', 0),
	('Pacific/Apia', 'Pacific/Apia', b'0', 0),
	('Pacific/Auckland', 'Pacific/Auckland', b'0', 0),
	('Pacific/Bougainville', 'Pacific/Bougainville', b'0', 0),
	('Pacific/Chatham', 'Pacific/Chatham', b'0', 0),
	('Pacific/Chuuk', 'Pacific/Chuuk', b'0', 0),
	('Pacific/Easter', 'Pacific/Easter', b'0', 0),
	('Pacific/Efate', 'Pacific/Efate', b'0', 0),
	('Pacific/Enderbury', 'Pacific/Enderbury', b'0', 0),
	('Pacific/Fakaofo', 'Pacific/Fakaofo', b'0', 0),
	('Pacific/Fiji', 'Pacific/Fiji', b'0', 0),
	('Pacific/Funafuti', 'Pacific/Funafuti', b'0', 0),
	('Pacific/Galapagos', 'Pacific/Galapagos', b'0', 0),
	('Pacific/Gambier', 'Pacific/Gambier', b'0', 0),
	('Pacific/Guadalcanal', 'Pacific/Guadalcanal', b'0', 0),
	('Pacific/Guam', 'Pacific/Guam', b'0', 0),
	('Pacific/Honolulu', 'Pacific/Honolulu', b'0', 0),
	('Pacific/Johnston', 'Pacific/Johnston', b'0', 0),
	('Pacific/Kiritimati', 'Pacific/Kiritimati', b'0', 0),
	('Pacific/Kosrae', 'Pacific/Kosrae', b'0', 0),
	('Pacific/Kwajalein', 'Pacific/Kwajalein', b'0', 0),
	('Pacific/Majuro', 'Pacific/Majuro', b'0', 0),
	('Pacific/Marquesas', 'Pacific/Marquesas', b'0', 0),
	('Pacific/Midway', 'Pacific/Midway', b'0', 0),
	('Pacific/Nauru', 'Pacific/Nauru', b'0', 0),
	('Pacific/Niue', 'Pacific/Niue', b'0', 0),
	('Pacific/Norfolk', 'Pacific/Norfolk', b'0', 0),
	('Pacific/Noumea', 'Pacific/Noumea', b'0', 0),
	('Pacific/Pago_Pago', 'Pacific/Pago_Pago', b'0', 0),
	('Pacific/Palau', 'Pacific/Palau', b'0', 0),
	('Pacific/Pitcairn', 'Pacific/Pitcairn', b'0', 0),
	('Pacific/Pohnpei', 'Pacific/Pohnpei', b'0', 0),
	('Pacific/Ponape', 'Pacific/Ponape', b'0', 0),
	('Pacific/Port_Moresby', 'Pacific/Port_Moresby', b'0', 0),
	('Pacific/Rarotonga', 'Pacific/Rarotonga', b'0', 0),
	('Pacific/Saipan', 'Pacific/Saipan', b'0', 0),
	('Pacific/Samoa', 'Pacific/Samoa', b'0', 0),
	('Pacific/Tahiti', 'Pacific/Tahiti', b'0', 0),
	('Pacific/Tarawa', 'Pacific/Tarawa', b'0', 0),
	('Pacific/Tongatapu', 'Pacific/Tongatapu', b'0', 0),
	('Pacific/Truk', 'Pacific/Truk', b'0', 0),
	('Pacific/Wake', 'Pacific/Wake', b'0', 0),
	('Pacific/Wallis', 'Pacific/Wallis', b'0', 0),
	('Pacific/Yap', 'Pacific/Yap', b'0', 0),
	('US/Alaska', 'US/Alaska', b'0', 0),
	('US/Aleutian', 'US/Aleutian', b'0', 0),
	('US/Arizona', 'US/Arizona', b'0', 0),
	('US/Central', 'US/Central', b'0', 0),
	('US/East-Indiana', 'US/East-Indiana', b'0', 0),
	('US/Eastern', 'US/Eastern', b'0', 0),
	('US/Hawaii', 'US/Hawaii', b'0', 0),
	('US/Indiana-Starke', 'US/Indiana-Starke', b'0', 0),
	('US/Mountain', 'US/Mountain', b'0', 0),
	('US/Pacific', 'US/Pacific', b'0', 0),
	('US/Pacific-New', 'US/Pacific-New', b'0', 0),
	('US/Samoa', 'US/Samoa', b'0', 0),
	('USA_Michigan', 'USA_Michigan', b'1', 1);
/*!40000 ALTER TABLE `operational_subcountry` ENABLE KEYS */;

-- Dumping structure for table data_process.operational_task
CREATE TABLE IF NOT EXISTS `operational_task` (
  `dataId` varchar(50) DEFAULT NULL,
  `taskId` varchar(50) NOT NULL,
  `taskTeam` varchar(50) DEFAULT NULL,
  `teamType` varchar(50) DEFAULT NULL,
  `allocatedTo` varchar(50) DEFAULT NULL,
  `allotedDate` datetime DEFAULT NULL,
  `taskEmployeeId` varchar(50) DEFAULT NULL,
  `statusId` varchar(50) DEFAULT NULL,
  `reasonId` varchar(50) DEFAULT NULL,
  `startTime` datetime DEFAULT NULL,
  `endTime` datetime DEFAULT NULL,
  `duration` float DEFAULT NULL,
  `roadTypeId` varchar(50) DEFAULT NULL,
  `remarks` varchar(50) DEFAULT NULL,
  PRIMARY KEY (`taskId`)
) ENGINE=InnoDB DEFAULT CHARSET=utf8;

-- Dumping data for table data_process.operational_task: ~0 rows (approximately)
DELETE FROM `operational_task`;
/*!40000 ALTER TABLE `operational_task` DISABLE KEYS */;
/*!40000 ALTER TABLE `operational_task` ENABLE KEYS */;

-- Dumping structure for table data_process.operational_task_team
CREATE TABLE IF NOT EXISTS `operational_task_team` (
  `teamId` varchar(50) NOT NULL,
  `teamName` varchar(50) DEFAULT NULL,
  `displayOrder` int(11) NOT NULL DEFAULT '0',
  `status` bit(1) NOT NULL DEFAULT b'1',
  PRIMARY KEY (`teamId`)
) ENGINE=InnoDB DEFAULT CHARSET=utf8;

-- Dumping data for table data_process.operational_task_team: ~2 rows (approximately)
DELETE FROM `operational_task_team`;
/*!40000 ALTER TABLE `operational_task_team` DISABLE KEYS */;
INSERT INTO `operational_task_team` (`teamId`, `teamName`, `displayOrder`, `status`) VALUES
	('TM0001', 'Production', 1, b'1'),
	('TM0002', 'Quality Control', 2, b'1');
/*!40000 ALTER TABLE `operational_task_team` ENABLE KEYS */;

-- Dumping structure for table data_process.portlets
CREATE TABLE IF NOT EXISTS `portlets` (
  `portletId` varchar(50) NOT NULL,
  `portletName` varchar(50) NOT NULL,
  `portletBeanName` varchar(50) NOT NULL,
  `portletTemplatePath` varchar(100) NOT NULL,
  `createdBy` varchar(50) NOT NULL,
  `createdDate` datetime NOT NULL,
  `modifiedBy` varchar(50) DEFAULT NULL,
  `modifiedDate` datetime DEFAULT NULL,
  `status` bit(1) DEFAULT b'1',
  PRIMARY KEY (`portletId`)
) ENGINE=InnoDB DEFAULT CHARSET=utf8;

-- Dumping data for table data_process.portlets: ~9 rows (approximately)
DELETE FROM `portlets`;
/*!40000 ALTER TABLE `portlets` DISABLE KEYS */;
INSERT INTO `portlets` (`portletId`, `portletName`, `portletBeanName`, `portletTemplatePath`, `createdBy`, `createdDate`, `modifiedBy`, `modifiedDate`, `status`) VALUES
	('PRT000001', 'Login Logout Information', 'org.hbs.sg.portlet.executors.LoginLogoutPortlet', '../../jsp/content/portlets/login-pt.jsp', 'PRDADM0001', '2021-01-01 00:00:00', 'PRDADM0001', '2021-01-01 00:00:00', b'1'),
	('PRT000002', 'Activity Information', 'org.hbs.sg.portlet.executors.ActivityPortlet', '../../jsp/content/portlets/login-pt.jsp', 'PRDADM0001', '2021-01-01 00:00:00', 'PRDADM0001', '2021-01-01 00:00:00', b'1'),
	('PRT000003', 'Assessment Information', 'org.hbs.sg.portlet.executors.AssessmentPortlet', '../../jsp/content/portlets/assessment-portlet.jsp', 'PRDADM0001', '2021-01-01 00:00:00', 'PRDADM0001', '2021-01-01 00:00:00', b'1'),
	('PRT000004', 'Calendar Information', 'org.hbs.sg.portlet.executors.CalendarPortlet', '../../jsp/content/portlets/login-pt.jsp', 'PRDADM0001', '2021-01-01 00:00:00', 'PRDADM0001', '2021-01-01 00:00:00', b'1'),
	('PRT000005', 'Discussion Information', 'org.hbs.sg.portlet.executors.DiscussionPortlet', '../../jsp/content/portlets/login-pt.jsp', 'PRDADM0001', '2021-01-01 00:00:00', 'PRDADM0001', '2021-01-01 00:00:00', b'1'),
	('PRT000006', 'Notifications Information', 'org.hbs.sg.portlet.executors.NotificationsPortlet', '../../jsp/content/portlets/login-pt.jsp', 'PRDADM0001', '2021-01-01 00:00:00', 'PRDADM0001', '2021-01-01 00:00:00', b'1'),
	('PRT000007', 'Practice Information', 'org.hbs.sg.portlet.executors.PracticeExamPortlet', '../../jsp/content/portlets/practice-portlet.jsp', 'PRDADM0001', '2021-01-01 00:00:00', 'PRDADM0001', '2021-01-01 00:00:00', b'1'),
	('PRT000008', 'Report Card Information', 'org.hbs.sg.portlet.executors.ReportCardPortlet', '../../jsp/content/portlets/login-pt.jsp', 'PRDADM0001', '2021-01-01 00:00:00', 'PRDADM0001', '2021-01-01 00:00:00', b'1'),
	('PRT000009', 'Users Information', 'org.hbs.sg.portlet.executors.UsersPortlet', '../../jsp/content/portlets/login-pt.jsp', 'PRDADM0001', '2021-01-01 00:00:00', 'PRDADM0001', '2021-01-01 00:00:00', b'1');
/*!40000 ALTER TABLE `portlets` ENABLE KEYS */;

-- Dumping structure for table data_process.portletsroles
CREATE TABLE IF NOT EXISTS `portletsroles` (
  `prAutoId` int(10) NOT NULL AUTO_INCREMENT,
  `portletId` varchar(50) NOT NULL,
  `roleId` varchar(50) NOT NULL,
  `status` bit(1) DEFAULT b'1',
  `displayOrder` int(11) NOT NULL,
  PRIMARY KEY (`prAutoId`)
) ENGINE=InnoDB AUTO_INCREMENT=2 DEFAULT CHARSET=utf8;

-- Dumping data for table data_process.portletsroles: ~0 rows (approximately)
DELETE FROM `portletsroles`;
/*!40000 ALTER TABLE `portletsroles` DISABLE KEYS */;
INSERT INTO `portletsroles` (`prAutoId`, `portletId`, `roleId`, `status`, `displayOrder`) VALUES
	(1, 'PRT000001', 'Admin', b'1', 1);
/*!40000 ALTER TABLE `portletsroles` ENABLE KEYS */;

-- Dumping structure for table data_process.portletsusers
CREATE TABLE IF NOT EXISTS `portletsusers` (
  `ptAutoId` bigint(11) NOT NULL AUTO_INCREMENT,
  `displayOrder` int(11) NOT NULL,
  `status` bit(1) NOT NULL DEFAULT b'0',
  `employeeId` varchar(50) DEFAULT NULL,
  `portletId` varchar(50) DEFAULT NULL,
  PRIMARY KEY (`ptAutoId`)
) ENGINE=InnoDB AUTO_INCREMENT=2 DEFAULT CHARSET=utf8;

-- Dumping data for table data_process.portletsusers: ~0 rows (approximately)
DELETE FROM `portletsusers`;
/*!40000 ALTER TABLE `portletsusers` DISABLE KEYS */;
INSERT INTO `portletsusers` (`ptAutoId`, `displayOrder`, `status`, `employeeId`, `portletId`) VALUES
	(1, 1, b'1', 'USR1513438024799', 'PRT000001');
/*!40000 ALTER TABLE `portletsusers` ENABLE KEYS */;

-- Dumping structure for table data_process.producers
CREATE TABLE IF NOT EXISTS `producers` (
  `producerId` varchar(50) NOT NULL,
  `producerType` varchar(50) NOT NULL DEFAULT 'Producer',
  `producerName` varchar(50) DEFAULT NULL,
  `pwdExpiryDays` datetime DEFAULT NULL,
  `domainContext` varchar(100) DEFAULT NULL,
  `employeeId` varchar(50) DEFAULT NULL,
  `createdBy` varchar(50) DEFAULT NULL,
  `createdDate` datetime DEFAULT NULL,
  `modifiedDate` datetime DEFAULT NULL,
  `modifiedBy` varchar(50) DEFAULT NULL,
  `status` bit(1) NOT NULL DEFAULT b'0',
  `primary` bit(1) DEFAULT b'0',
  `emailId` varchar(50) DEFAULT NULL,
  `mobileNo` varchar(15) DEFAULT NULL,
  `phoneNo` varchar(20) DEFAULT NULL,
  `whatsAppNo` varchar(15) DEFAULT NULL,
  `description` varchar(250) DEFAULT NULL,
  `registrationDate` varchar(20) DEFAULT NULL,
  `customerStatus` varchar(25) DEFAULT 'Pending',
  PRIMARY KEY (`producerId`)
) ENGINE=InnoDB DEFAULT CHARSET=utf8;

-- Dumping data for table data_process.producers: ~7 rows (approximately)
DELETE FROM `producers`;
/*!40000 ALTER TABLE `producers` DISABLE KEYS */;
INSERT INTO `producers` (`producerId`, `producerType`, `producerName`, `pwdExpiryDays`, `domainContext`, `employeeId`, `createdBy`, `createdDate`, `modifiedDate`, `modifiedBy`, `status`, `primary`, `emailId`, `mobileNo`, `phoneNo`, `whatsAppNo`, `description`, `registrationDate`, `customerStatus`) VALUES
	('PRD000001', 'Producer', 'Main Branch', '2017-08-02 07:33:06', '/data_process', 'PRDADM0001', 'PRDADM0001', '2021-01-01 00:00:00', '2021-01-01 00:00:00', 'PRDADM0001', b'1', b'0', NULL, NULL, NULL, NULL, NULL, NULL, 'Pending'),
	('PRD000002', 'Producer', 'Velachery Branch ', '2017-08-02 07:33:06', '/data_process', 'PRDADM0001', 'PRDADM0001', '2021-01-01 00:00:00', '2021-01-01 00:00:00', 'PRDADM0001', b'1', b'0', NULL, NULL, NULL, NULL, NULL, NULL, 'Pending'),
	('PRD000003', 'Producer', 'Medavakkam Branch ', '2017-08-02 07:33:06', '/data_process', 'PRDADM0001', 'PRDADM0001', '2021-01-01 00:00:00', '2021-01-01 00:00:00', 'PRDADM0001', b'1', b'0', NULL, NULL, NULL, NULL, NULL, NULL, 'Pending'),
	('PRD000004', 'Producer', 'Villivakkam Branch ', '2017-08-02 07:33:06', '/data_process', 'PRDADM0001', 'PRDADM0001', '2021-01-01 00:00:00', '2021-01-01 00:00:00', 'PRDADM0001', b'1', b'0', NULL, NULL, NULL, NULL, NULL, NULL, 'Pending'),
	('PRD000005', 'Producer', 'Annanagar Branch ', '2017-08-02 07:33:06', '/data_process', 'PRDADM0001', 'PRDADM0001', '2021-01-01 00:00:00', '2021-01-01 00:00:00', 'PRDADM0001', b'1', b'0', NULL, NULL, NULL, NULL, NULL, NULL, 'Pending'),
	('PRD000006', 'Producer', 'Madipakkam Branch ', '2017-08-02 07:33:06', '/data_process', 'PRDADM0001', 'PRDADM0001', '2021-01-01 00:00:00', '2021-01-01 00:00:00', 'PRDADM0001', b'1', b'0', NULL, NULL, NULL, NULL, NULL, NULL, 'Pending'),
	('PRD000007', 'Producer', 'Vadapalani Branch', '2017-08-02 07:33:06', '/data_process', 'PRDADM0001', 'PRDADM0001', '2021-01-01 00:00:00', '2021-01-01 00:00:00', 'PRDADM0001', b'1', b'0', NULL, NULL, NULL, NULL, NULL, NULL, 'Pending');
/*!40000 ALTER TABLE `producers` ENABLE KEYS */;

-- Dumping structure for table data_process.producersattachments
CREATE TABLE IF NOT EXISTS `producersattachments` (
  `autoId` int(11) NOT NULL AUTO_INCREMENT,
  `producerId` varchar(50) DEFAULT NULL,
  `documentStatus` varchar(50) DEFAULT NULL,
  `documentDesc` varchar(100) DEFAULT NULL,
  `uploadFileDate` datetime DEFAULT NULL,
  `uploadFileFolderURL` varchar(500) DEFAULT NULL,
  `uploadFileLastModifiedDate` datetime DEFAULT NULL,
  `uploadFileName` varchar(100) DEFAULT NULL,
  `uploadFileNameForDisplay` varchar(50) DEFAULT NULL,
  `uploadFileSize` bigint(20) NOT NULL,
  `uploadResourceHandler` varchar(50) DEFAULT NULL,
  `uploadDocumentForType` varchar(50) DEFAULT NULL,
  `createdDate` datetime DEFAULT NULL,
  `modifiedDate` datetime DEFAULT NULL,
  `createdBy` varchar(50) DEFAULT NULL,
  `modifiedBy` varchar(50) DEFAULT NULL,
  `status` bit(1) NOT NULL DEFAULT b'1',
  PRIMARY KEY (`autoId`)
) ENGINE=InnoDB DEFAULT CHARSET=utf8;

-- Dumping data for table data_process.producersattachments: ~0 rows (approximately)
DELETE FROM `producersattachments`;
/*!40000 ALTER TABLE `producersattachments` DISABLE KEYS */;
/*!40000 ALTER TABLE `producersattachments` ENABLE KEYS */;

-- Dumping structure for table data_process.producerscollabrate
CREATE TABLE IF NOT EXISTS `producerscollabrate` (
  `autoId` bigint(20) NOT NULL AUTO_INCREMENT,
  `producerId` varchar(50) NOT NULL,
  `collabraterId` varchar(50) NOT NULL,
  `createdBy` varchar(50) NOT NULL,
  `modifiedBy` varchar(50) NOT NULL,
  `createdDate` datetime NOT NULL,
  `modifiedDate` datetime NOT NULL,
  `status` bit(1) NOT NULL DEFAULT b'1',
  PRIMARY KEY (`autoId`)
) ENGINE=InnoDB DEFAULT CHARSET=utf8;

-- Dumping data for table data_process.producerscollabrate: ~0 rows (approximately)
DELETE FROM `producerscollabrate`;
/*!40000 ALTER TABLE `producerscollabrate` DISABLE KEYS */;
/*!40000 ALTER TABLE `producerscollabrate` ENABLE KEYS */;

-- Dumping structure for table data_process.producersproperty
CREATE TABLE IF NOT EXISTS `producersproperty` (
  `autoId` varchar(50) NOT NULL,
  `producerId` varchar(50) NOT NULL,
  `groupName` varchar(50) NOT NULL,
  `enumKey` varchar(50) NOT NULL,
  `property` varchar(200) NOT NULL,
  `value` text NOT NULL,
  `status` bit(1) NOT NULL DEFAULT b'1',
  `createdBy` varchar(50) DEFAULT NULL,
  `modifiedBy` varchar(50) DEFAULT NULL,
  `createdDate` datetime DEFAULT NULL,
  `modifiedDate` datetime DEFAULT NULL,
  `comments` varchar(500) DEFAULT NULL,
  `media` varchar(50) NOT NULL,
  `mediaMode` varchar(50) NOT NULL,
  `mediaType` varchar(50) NOT NULL,
  PRIMARY KEY (`autoId`)
) ENGINE=InnoDB DEFAULT CHARSET=utf8;

-- Dumping data for table data_process.producersproperty: ~3 rows (approximately)
DELETE FROM `producersproperty`;
/*!40000 ALTER TABLE `producersproperty` DISABLE KEYS */;
INSERT INTO `producersproperty` (`autoId`, `producerId`, `groupName`, `enumKey`, `property`, `value`, `status`, `createdBy`, `modifiedBy`, `createdDate`, `modifiedDate`, `comments`, `media`, `mediaMode`, `mediaType`) VALUES
	('1', 'PRD000001', 'Configuration External', 'ConfigurationEmail', 'org.hbs.core.beans.model.channel.ConfigurationEmail', '{"protocol":"imaps","socketFactory":"javax.net.ssl.SSLSocketFactory","enablessl":"true","hostAddress":"imap.gmail.com","userName":"eselfguru@gmail.com","password":"ojawauylchlhqzoo","port":"993","ttls":"true","fromId":"eselfguru@gmail.com","fromName":"data_process","source":"Gmail_IMAP","additionalProperties":{},"producerId":"PRD000001","baseFolderPath":"C:/Ananth/data_process_attachments","startDate":"_3_Days","readEvery":"_5_Minutes","reverseStart":false}', b'1', 'USR1513438024799', 'USR1513438024799', '2021-01-01 00:00:00', '2021-01-01 00:00:00', NULL, 'Email', 'External', 'Primary'),
	('2', 'PRD000001', 'ConfigurationEmail Internal', 'ConfigurationEmail', 'org.hbs.core.beans.model.channel.ConfigurationEmail', '{\r\n   "socketFactory":"javax.net.ssl.SSLSocketFactory",\r\n   "hostAddress":"smtp.gmail.com",\r\n   "port":"587",\r\n   "userName":"anandb.hbs@gmail.com",\r\n   "fromId":"anandb.hbs@gmail.com",\r\n   "fromName":"Anand",\r\n   "password":"Thiripura@7",\r\n   "source":"Gmail_SMTP",\r\n   "additionalProperties":{\r\n      "mail.smtp.ssl.trust": "smtp.gmail.com",\r\n      "mail.smtp.auth":"true",\r\n      "mail.smtp.starttls.enable":"true"\r\n   }\r\n}', b'1', 'USR1513438024799', 'USR1513438024799', '2021-01-01 00:00:00', '2021-01-01 00:00:00', NULL, 'Email', 'Internal', 'Primary'),
	('3', 'PRD000001', 'Configuration Web Upload', 'ConfigurationWebUpload', 'org.hbs.core.beans.model.channel.ConfigurationWebUpload', '{\r\n   "fileType":"Excel",\r\n   "baseFolderPath":"C:/DataProcess/Upload/Excel"\r\n}', b'1', 'USR1513438024799', 'USR1513438024799', '2021-01-01 00:00:00', '2021-01-01 00:00:00', NULL, 'WebUpload', 'External', 'Primary');
/*!40000 ALTER TABLE `producersproperty` ENABLE KEYS */;

-- Dumping structure for table data_process.roles
CREATE TABLE IF NOT EXISTS `roles` (
  `roleId` varchar(50) NOT NULL,
  `producerId` varchar(50) NOT NULL,
  `enumKey` varchar(50) NOT NULL,
  `roleName` varchar(50) NOT NULL,
  `roleShortName` varchar(50) NOT NULL,
  `roleLongName` varchar(50) NOT NULL,
  `description` varchar(50) NOT NULL,
  `roleType` varchar(50) DEFAULT NULL,
  `createdBy` varchar(50) NOT NULL,
  `createdDate` datetime NOT NULL,
  `modifiedBy` varchar(50) DEFAULT NULL,
  `modifiedDate` datetime DEFAULT NULL,
  `status` bit(1) DEFAULT b'1',
  `isAdminRole` bit(1) NOT NULL DEFAULT b'0',
  PRIMARY KEY (`roleId`)
) ENGINE=InnoDB DEFAULT CHARSET=utf8;

-- Dumping data for table data_process.roles: ~11 rows (approximately)
DELETE FROM `roles`;
/*!40000 ALTER TABLE `roles` DISABLE KEYS */;
INSERT INTO `roles` (`roleId`, `producerId`, `enumKey`, `roleName`, `roleShortName`, `roleLongName`, `description`, `roleType`, `createdBy`, `createdDate`, `modifiedBy`, `modifiedDate`, `status`, `isAdminRole`) VALUES
	('Administrator', 'PRD000001', 'Admin', 'Admin Role', 'Admin', 'Admin Role', 'Admin Role', 'Admin Role', 'PRDADM0001', '2021-01-01 00:00:00', 'PRDADM0001', '2021-01-01 00:00:00', b'1', b'1'),
	('Consumer', 'PRD000001', 'Consumer', 'Consumer', 'Consumer', 'Consumer', 'Consumer', 'ConsumerRole', 'PRDADM0001', '2021-01-01 00:00:00', 'PRDADM0001', '2021-01-01 00:00:00', b'1', b'0'),
	('Dummy', 'PRD000001', 'Dummy', 'Dummy', 'Dummy', 'Dummy', 'Dummy', 'EmployeeRole', 'PRDADM0001', '2021-01-01 00:00:00', 'PRDADM0001', '2021-01-01 00:00:00', b'1', b'0'),
	('Production', 'PRD000001', 'Production', 'Production', 'Production', 'Production', 'Production', 'EmployeeRole', 'PRDADM0001', '2021-01-01 00:00:00', 'PRDADM0001', '2021-01-01 00:00:00', b'1', b'0'),
	('ProjectLead', 'PRD000001', 'ProjectLead', 'ProjectLead', 'ProjectLead', 'ProjectLead', 'ProjectLead', 'EmployeeRole', 'PRDADM0001', '2021-01-01 00:00:00', 'PRDADM0001', '2021-01-01 00:00:00', b'1', b'0'),
	('ProjectManager', 'PRD000001', 'ProjectManager', 'ProjectManager', 'ProjectManager', 'ProjectManager', 'ProjectManager', 'EmployeeRole', 'PRDADM0001', '2021-01-01 00:00:00', 'PRDADM0001', '2021-01-01 00:00:00', b'1', b'0'),
	('QualityCheck', 'PRD000001', 'QualityCheck', 'QualityCheck', 'QualityCheck', 'QualityCheck', 'QualityCheck', 'EmployeeRole', 'PRDADM0001', '2021-01-01 00:00:00', 'PRDADM0001', '2021-01-01 00:00:00', b'1', b'0'),
	('SuperAdminRole', 'PRD000001', 'SuperAdminRole', 'SuperAdmin Role', 'SuperAdmin', 'SuperAdmin Role', 'SuperAdmin Role', 'SuperAdmin Role', 'PRDADM0001', '2021-01-01 00:00:00', 'PRDADM0001', '2021-01-01 00:00:00', b'1', b'1'),
	('TeamLead', 'PRD000001', 'TeamLead', 'TeamLead', 'TeamLead', 'TeamLead', 'TeamLead', 'EmployeeRole', 'PRDADM0001', '2021-01-01 00:00:00', 'PRDADM0001', '2021-01-01 00:00:00', b'1', b'0'),
	('Trainee', 'PRD000001', 'Trainee', 'Trainee', 'Trainee', 'Trainee', 'Trainee', 'EmployeeRole', 'PRDADM0001', '2021-01-01 00:00:00', 'PRDADM0001', '2021-01-01 00:00:00', b'1', b'0'),
	('Training', 'PRD000001', 'Training', 'Training', 'Training', 'Training', 'Training', 'EmployeeRole', 'PRDADM0001', '2021-01-01 00:00:00', 'PRDADM0001', '2021-01-01 00:00:00', b'1', b'0');
/*!40000 ALTER TABLE `roles` ENABLE KEYS */;

-- Dumping structure for table data_process.sequence
CREATE TABLE IF NOT EXISTS `sequence` (
  `autoId` int(11) NOT NULL AUTO_INCREMENT,
  `producerId` varchar(50) NOT NULL,
  `sequenceId` int(11) NOT NULL,
  `sequenceKey` varchar(50) NOT NULL,
  `prepend` varchar(3) DEFAULT NULL,
  PRIMARY KEY (`autoId`)
) ENGINE=InnoDB AUTO_INCREMENT=2 DEFAULT CHARSET=utf8;

-- Dumping data for table data_process.sequence: ~0 rows (approximately)
DELETE FROM `sequence`;
/*!40000 ALTER TABLE `sequence` DISABLE KEYS */;
INSERT INTO `sequence` (`autoId`, `producerId`, `sequenceId`, `sequenceKey`, `prepend`) VALUES
	(1, 'PRD000001', 1000, 'Users', 'USR');
/*!40000 ALTER TABLE `sequence` ENABLE KEYS */;

-- Dumping structure for table data_process.state
CREATE TABLE IF NOT EXISTS `state` (
  `state` varchar(50) NOT NULL,
  `country` varchar(20) NOT NULL,
  `status` bit(1) DEFAULT NULL,
  PRIMARY KEY (`state`)
) ENGINE=InnoDB DEFAULT CHARSET=utf8;

-- Dumping data for table data_process.state: ~35 rows (approximately)
DELETE FROM `state`;
/*!40000 ALTER TABLE `state` DISABLE KEYS */;
INSERT INTO `state` (`state`, `country`, `status`) VALUES
	('Andhra Pradesh', 'Asia/Kolkata', b'1'),
	('Arunachal Pradesh', 'Asia/Kolkata', b'1'),
	('Assam', 'Asia/Kolkata', b'1'),
	('Bihar', 'Asia/Kolkata', b'1'),
	('Chandigarh', 'Asia/Kolkata', b'1'),
	('Chhattisgarh', 'Asia/Kolkata', b'1'),
	('Dadra and Nagar Haveli', 'Asia/Kolkata', b'1'),
	('Daman & Diu', 'Asia/Kolkata', b'1'),
	('Delhi', 'Asia/Kolkata', b'1'),
	('Goa', 'Asia/Kolkata', b'1'),
	('Gujarat', 'Asia/Kolkata', b'1'),
	('Haryana', 'Asia/Kolkata', b'1'),
	('Himachal Pradesh', 'Asia/Kolkata', b'1'),
	('Jammu & Kashmir', 'Asia/Kolkata', b'1'),
	('Jharkhand', 'Asia/Kolkata', b'1'),
	('Karnataka', 'Asia/Kolkata', b'1'),
	('Kerala', 'Asia/Kolkata', b'1'),
	('Lakshadweep', 'Asia/Kolkata', b'1'),
	('Madhya Pradesh', 'Asia/Kolkata', b'1'),
	('Maharashtra', 'Asia/Kolkata', b'1'),
	('Manipur', 'Asia/Kolkata', b'1'),
	('Meghalaya', 'Asia/Kolkata', b'1'),
	('Mizoram', 'Asia/Kolkata', b'1'),
	('Nagaland', 'Asia/Kolkata', b'1'),
	('No State', 'Asia/Kolkata', b'1'),
	('Odisha', 'Asia/Kolkata', b'1'),
	('Punjab', 'Asia/Kolkata', b'1'),
	('Rajasthan', 'Asia/Kolkata', b'1'),
	('Sikkim', 'Asia/Kolkata', b'1'),
	('Tamil Nadu', 'Asia/Kolkata', b'1'),
	('Telangana', 'Asia/Kolkata', b'1'),
	('Tripura', 'Asia/Kolkata', b'1'),
	('Uttar Pradesh', 'Asia/Kolkata', b'1'),
	('Uttarakhand', 'Asia/Kolkata', b'1'),
	('West Bengal', 'Asia/Kolkata', b'1');
/*!40000 ALTER TABLE `state` ENABLE KEYS */;

-- Dumping structure for table data_process.userlog
CREATE TABLE IF NOT EXISTS `userlog` (
  `autoId` int(10) NOT NULL AUTO_INCREMENT,
  `employeeId` varchar(50) NOT NULL DEFAULT '0',
  `userLoginTime` datetime NOT NULL DEFAULT '0000-00-00 00:00:00',
  `userLogoutTime` datetime DEFAULT '0000-00-00 00:00:00',
  `ipAddress` varchar(50) NOT NULL DEFAULT '0',
  `fetchBlock` bit(1) DEFAULT b'0',
  PRIMARY KEY (`autoId`),
  KEY `FK_LogUser_User_idx` (`employeeId`)
) ENGINE=InnoDB DEFAULT CHARSET=utf8;

-- Dumping data for table data_process.userlog: ~0 rows (approximately)
DELETE FROM `userlog`;
/*!40000 ALTER TABLE `userlog` DISABLE KEYS */;
/*!40000 ALTER TABLE `userlog` ENABLE KEYS */;

-- Dumping structure for table data_process.userroles
CREATE TABLE IF NOT EXISTS `userroles` (
  `autoId` bigint(11) NOT NULL AUTO_INCREMENT,
  `employeeId` varchar(50) NOT NULL,
  `roleId` varchar(50) NOT NULL,
  PRIMARY KEY (`autoId`)
) ENGINE=InnoDB AUTO_INCREMENT=2001 DEFAULT CHARSET=utf8;

-- Dumping data for table data_process.userroles: ~389 rows (approximately)
DELETE FROM `userroles`;
/*!40000 ALTER TABLE `userroles` DISABLE KEYS */;
INSERT INTO `userroles` (`autoId`, `employeeId`, `roleId`) VALUES
	(1, '10504ea493-8fcc-4c68-b4b8-431a82a375bb', 'ProjectLead'),
	(2, '11002ea493-8fcc-4c68-b4b8-431a82a375bb', 'ProjectLead'),
	(3, '12501ea493-8fcc-4c68-b4b8-431a82a375bb', 'ProjectLead'),
	(4, '13533ea493-8fcc-4c68-b4b8-431a82a375bb', 'Production'),
	(5, '13578ea493-8fcc-4c68-b4b8-431a82a375bb', 'Production'),
	(6, '13591ea493-8fcc-4c68-b4b8-431a82a375bb', 'TeamLead'),
	(7, '13600ea493-8fcc-4c68-b4b8-431a82a375bb', 'ProjectLead'),
	(8, '13606ea493-8fcc-4c68-b4b8-431a82a375bb', 'Production'),
	(9, '13632ea493-8fcc-4c68-b4b8-431a82a375bb', 'Production'),
	(10, '13641ea493-8fcc-4c68-b4b8-431a82a375bb', 'Production'),
	(11, '13656ea493-8fcc-4c68-b4b8-431a82a375bb', 'Production'),
	(12, '13682ea493-8fcc-4c68-b4b8-431a82a375bb', 'TeamLead'),
	(13, '13687ea493-8fcc-4c68-b4b8-431a82a375bb', 'Production'),
	(14, '13708ea493-8fcc-4c68-b4b8-431a82a375bb', 'Training'),
	(15, '13733ea493-8fcc-4c68-b4b8-431a82a375bb', 'Production'),
	(16, '13735ea493-8fcc-4c68-b4b8-431a82a375bb', 'TeamLead'),
	(17, '13760ea493-8fcc-4c68-b4b8-431a82a375bb', 'TeamLead'),
	(18, '13764ea493-8fcc-4c68-b4b8-431a82a375bb', 'TeamLead'),
	(19, '13781ea493-8fcc-4c68-b4b8-431a82a375bb', 'Production'),
	(20, '13785ea493-8fcc-4c68-b4b8-431a82a375bb', 'Production'),
	(21, '13817ea493-8fcc-4c68-b4b8-431a82a375bb', 'Production'),
	(22, '13821ea493-8fcc-4c68-b4b8-431a82a375bb', 'QC'),
	(23, '13826ea493-8fcc-4c68-b4b8-431a82a375bb', 'Production'),
	(24, '13843ea493-8fcc-4c68-b4b8-431a82a375bb', 'Production'),
	(25, '13873ea493-8fcc-4c68-b4b8-431a82a375bb', 'QC'),
	(26, '13893ea493-8fcc-4c68-b4b8-431a82a375bb', 'TeamLead'),
	(27, '13894ea493-8fcc-4c68-b4b8-431a82a375bb', 'Production'),
	(28, '13933ea493-8fcc-4c68-b4b8-431a82a375bb', 'Training'),
	(29, '13941ea493-8fcc-4c68-b4b8-431a82a375bb', 'QC'),
	(30, '13942ea493-8fcc-4c68-b4b8-431a82a375bb', 'QC'),
	(31, '13944ea493-8fcc-4c68-b4b8-431a82a375bb', 'TeamLead'),
	(32, '13965ea493-8fcc-4c68-b4b8-431a82a375bb', 'Production'),
	(33, '13971ea493-8fcc-4c68-b4b8-431a82a375bb', 'Production'),
	(34, '13972ea493-8fcc-4c68-b4b8-431a82a375bb', 'Production'),
	(35, '13985ea493-8fcc-4c68-b4b8-431a82a375bb', 'Production'),
	(36, '13991ea493-8fcc-4c68-b4b8-431a82a375bb', 'Production'),
	(37, '13998ea493-8fcc-4c68-b4b8-431a82a375bb', 'Production'),
	(38, '15016ea493-8fcc-4c68-b4b8-431a82a375bb', 'Production'),
	(39, '15044ea493-8fcc-4c68-b4b8-431a82a375bb', 'Production'),
	(40, '15058ea493-8fcc-4c68-b4b8-431a82a375bb', 'Production'),
	(41, '15069ea493-8fcc-4c68-b4b8-431a82a375bb', 'Production'),
	(42, '15082ea493-8fcc-4c68-b4b8-431a82a375bb', 'Production'),
	(43, '15086ea493-8fcc-4c68-b4b8-431a82a375bb', 'Production'),
	(44, '15093ea493-8fcc-4c68-b4b8-431a82a375bb', 'Production'),
	(45, '15138ea493-8fcc-4c68-b4b8-431a82a375bb', 'Production'),
	(46, '15174ea493-8fcc-4c68-b4b8-431a82a375bb', 'TeamLead'),
	(47, '15235ea493-8fcc-4c68-b4b8-431a82a375bb', 'ProjectManager'),
	(48, '15236ea493-8fcc-4c68-b4b8-431a82a375bb', 'Production'),
	(49, '15248ea493-8fcc-4c68-b4b8-431a82a375bb', 'Production'),
	(50, '15249ea493-8fcc-4c68-b4b8-431a82a375bb', 'QC'),
	(51, '15252ea493-8fcc-4c68-b4b8-431a82a375bb', 'Production'),
	(52, '15253ea493-8fcc-4c68-b4b8-431a82a375bb', 'Production'),
	(53, '15254ea493-8fcc-4c68-b4b8-431a82a375bb', 'QC'),
	(54, '15257ea493-8fcc-4c68-b4b8-431a82a375bb', 'Production'),
	(55, '15267ea493-8fcc-4c68-b4b8-431a82a375bb', 'TeamLead'),
	(56, '15274ea493-8fcc-4c68-b4b8-431a82a375bb', 'Production'),
	(57, '15275ea493-8fcc-4c68-b4b8-431a82a375bb', 'QC'),
	(58, '15276ea493-8fcc-4c68-b4b8-431a82a375bb', 'Production'),
	(59, '15281ea493-8fcc-4c68-b4b8-431a82a375bb', 'TeamLead'),
	(60, '15282ea493-8fcc-4c68-b4b8-431a82a375bb', 'Training'),
	(61, '15285ea493-8fcc-4c68-b4b8-431a82a375bb', 'Production'),
	(62, '15286ea493-8fcc-4c68-b4b8-431a82a375bb', 'QC'),
	(63, '15301ea493-8fcc-4c68-b4b8-431a82a375bb', 'QC'),
	(64, '15302ea493-8fcc-4c68-b4b8-431a82a375bb', 'Production'),
	(65, '15304ea493-8fcc-4c68-b4b8-431a82a375bb', 'QC'),
	(66, '15305ea493-8fcc-4c68-b4b8-431a82a375bb', 'Production'),
	(67, '15306ea493-8fcc-4c68-b4b8-431a82a375bb', 'TeamLead'),
	(68, '15307ea493-8fcc-4c68-b4b8-431a82a375bb', 'TeamLead'),
	(69, '15311ea493-8fcc-4c68-b4b8-431a82a375bb', 'Production'),
	(70, '15316ea493-8fcc-4c68-b4b8-431a82a375bb', 'Production'),
	(71, '15319ea493-8fcc-4c68-b4b8-431a82a375bb', 'QC'),
	(72, '15321ea493-8fcc-4c68-b4b8-431a82a375bb', 'QC'),
	(73, '15322ea493-8fcc-4c68-b4b8-431a82a375bb', 'TeamLead'),
	(74, '15327ea493-8fcc-4c68-b4b8-431a82a375bb', 'QC'),
	(75, '15328ea493-8fcc-4c68-b4b8-431a82a375bb', 'TeamLead'),
	(76, '15330ea493-8fcc-4c68-b4b8-431a82a375bb', 'Production'),
	(77, '15331ea493-8fcc-4c68-b4b8-431a82a375bb', 'Training'),
	(78, '15332ea493-8fcc-4c68-b4b8-431a82a375bb', 'Production'),
	(79, '15333ea493-8fcc-4c68-b4b8-431a82a375bb', 'QC'),
	(80, '15336ea493-8fcc-4c68-b4b8-431a82a375bb', 'QC'),
	(81, '15340ea493-8fcc-4c68-b4b8-431a82a375bb', 'Production'),
	(82, '15341ea493-8fcc-4c68-b4b8-431a82a375bb', 'TeamLead'),
	(83, '15342ea493-8fcc-4c68-b4b8-431a82a375bb', 'TeamLead'),
	(84, '15348ea493-8fcc-4c68-b4b8-431a82a375bb', 'QC'),
	(85, '15351ea493-8fcc-4c68-b4b8-431a82a375bb', 'Production'),
	(86, '15354ea493-8fcc-4c68-b4b8-431a82a375bb', 'QC'),
	(87, '15355ea493-8fcc-4c68-b4b8-431a82a375bb', 'TeamLead'),
	(88, '15364ea493-8fcc-4c68-b4b8-431a82a375bb', 'QC'),
	(89, '15366ea493-8fcc-4c68-b4b8-431a82a375bb', 'Production'),
	(90, '15368ea493-8fcc-4c68-b4b8-431a82a375bb', 'Production'),
	(91, '15369ea493-8fcc-4c68-b4b8-431a82a375bb', 'QC'),
	(92, '15373ea493-8fcc-4c68-b4b8-431a82a375bb', 'QC'),
	(93, '15375ea493-8fcc-4c68-b4b8-431a82a375bb', 'QC'),
	(94, '15376ea493-8fcc-4c68-b4b8-431a82a375bb', 'Training'),
	(95, '15379ea493-8fcc-4c68-b4b8-431a82a375bb', 'Production'),
	(96, '15380ea493-8fcc-4c68-b4b8-431a82a375bb', 'QC'),
	(97, '15387ea493-8fcc-4c68-b4b8-431a82a375bb', 'QC'),
	(98, '15388ea493-8fcc-4c68-b4b8-431a82a375bb', 'QC'),
	(99, '15390ea493-8fcc-4c68-b4b8-431a82a375bb', 'QC'),
	(100, '15391ea493-8fcc-4c68-b4b8-431a82a375bb', 'Production'),
	(101, '15393ea493-8fcc-4c68-b4b8-431a82a375bb', 'QC'),
	(102, '15396ea493-8fcc-4c68-b4b8-431a82a375bb', 'QC'),
	(103, '15399ea493-8fcc-4c68-b4b8-431a82a375bb', 'QC'),
	(104, '15400ea493-8fcc-4c68-b4b8-431a82a375bb', 'QC'),
	(105, '15401ea493-8fcc-4c68-b4b8-431a82a375bb', 'QC'),
	(106, '15407ea493-8fcc-4c68-b4b8-431a82a375bb', 'QC'),
	(107, '15408ea493-8fcc-4c68-b4b8-431a82a375bb', 'QC'),
	(108, '15410ea493-8fcc-4c68-b4b8-431a82a375bb', 'Production'),
	(109, '15414ea493-8fcc-4c68-b4b8-431a82a375bb', 'Production'),
	(110, '15416ea493-8fcc-4c68-b4b8-431a82a375bb', 'Production'),
	(111, '15421ea493-8fcc-4c68-b4b8-431a82a375bb', 'Production'),
	(112, '15423ea493-8fcc-4c68-b4b8-431a82a375bb', 'QC'),
	(113, '15424ea493-8fcc-4c68-b4b8-431a82a375bb', 'Production'),
	(114, '15427ea493-8fcc-4c68-b4b8-431a82a375bb', 'Production'),
	(115, '15429ea493-8fcc-4c68-b4b8-431a82a375bb', 'QC'),
	(116, '15430ea493-8fcc-4c68-b4b8-431a82a375bb', 'Production'),
	(117, '15433ea493-8fcc-4c68-b4b8-431a82a375bb', 'Production'),
	(118, '15434ea493-8fcc-4c68-b4b8-431a82a375bb', 'QC'),
	(119, '15435ea493-8fcc-4c68-b4b8-431a82a375bb', 'Production'),
	(120, '15445ea493-8fcc-4c68-b4b8-431a82a375bb', 'QC'),
	(121, '15448ea493-8fcc-4c68-b4b8-431a82a375bb', 'Production'),
	(122, '15449ea493-8fcc-4c68-b4b8-431a82a375bb', 'QC'),
	(123, '15452ea493-8fcc-4c68-b4b8-431a82a375bb', 'Production'),
	(124, '15454ea493-8fcc-4c68-b4b8-431a82a375bb', 'Production'),
	(125, '15457ea493-8fcc-4c68-b4b8-431a82a375bb', 'Production'),
	(126, '15460ea493-8fcc-4c68-b4b8-431a82a375bb', 'Production'),
	(127, '15461ea493-8fcc-4c68-b4b8-431a82a375bb', 'Production'),
	(128, '15462ea493-8fcc-4c68-b4b8-431a82a375bb', 'Production'),
	(129, '15463ea493-8fcc-4c68-b4b8-431a82a375bb', 'Production'),
	(130, '15464ea493-8fcc-4c68-b4b8-431a82a375bb', 'Production'),
	(131, '15467ea493-8fcc-4c68-b4b8-431a82a375bb', 'QC'),
	(132, '15468ea493-8fcc-4c68-b4b8-431a82a375bb', 'QC'),
	(133, '15470ea493-8fcc-4c68-b4b8-431a82a375bb', 'Production'),
	(134, '15479ea493-8fcc-4c68-b4b8-431a82a375bb', 'Production'),
	(135, '15480ea493-8fcc-4c68-b4b8-431a82a375bb', 'Production'),
	(136, '15485ea493-8fcc-4c68-b4b8-431a82a375bb', 'QC'),
	(137, '15495ea493-8fcc-4c68-b4b8-431a82a375bb', 'Production'),
	(138, '15500ea493-8fcc-4c68-b4b8-431a82a375bb', 'Production'),
	(139, '15602ea493-8fcc-4c68-b4b8-431a82a375bb', 'Production'),
	(140, '15603ea493-8fcc-4c68-b4b8-431a82a375bb', 'Production'),
	(141, '15609ea493-8fcc-4c68-b4b8-431a82a375bb', 'Production'),
	(142, '15611ea493-8fcc-4c68-b4b8-431a82a375bb', 'Production'),
	(143, '15616ea493-8fcc-4c68-b4b8-431a82a375bb', 'Production'),
	(144, '15617ea493-8fcc-4c68-b4b8-431a82a375bb', 'Production'),
	(145, '15620ea493-8fcc-4c68-b4b8-431a82a375bb', 'Production'),
	(146, '15623ea493-8fcc-4c68-b4b8-431a82a375bb', 'Production'),
	(147, '15634ea493-8fcc-4c68-b4b8-431a82a375bb', 'Production'),
	(148, '15641ea493-8fcc-4c68-b4b8-431a82a375bb', 'Production'),
	(149, '15642ea493-8fcc-4c68-b4b8-431a82a375bb', 'Production'),
	(150, '15644ea493-8fcc-4c68-b4b8-431a82a375bb', 'Production'),
	(151, '15646ea493-8fcc-4c68-b4b8-431a82a375bb', 'Production'),
	(152, '15649ea493-8fcc-4c68-b4b8-431a82a375bb', 'Production'),
	(153, '15654ea493-8fcc-4c68-b4b8-431a82a375bb', 'Production'),
	(154, '15655ea493-8fcc-4c68-b4b8-431a82a375bb', 'Production'),
	(155, '15657ea493-8fcc-4c68-b4b8-431a82a375bb', 'Production'),
	(156, '15660ea493-8fcc-4c68-b4b8-431a82a375bb', 'Production'),
	(157, '15662ea493-8fcc-4c68-b4b8-431a82a375bb', 'Production'),
	(158, '15666ea493-8fcc-4c68-b4b8-431a82a375bb', 'Production'),
	(159, '15670ea493-8fcc-4c68-b4b8-431a82a375bb', 'Production'),
	(160, '15671ea493-8fcc-4c68-b4b8-431a82a375bb', 'Production'),
	(161, '15674ea493-8fcc-4c68-b4b8-431a82a375bb', 'Production'),
	(162, '15676ea493-8fcc-4c68-b4b8-431a82a375bb', 'Production'),
	(163, '15680ea493-8fcc-4c68-b4b8-431a82a375bb', 'Production'),
	(164, '15681ea493-8fcc-4c68-b4b8-431a82a375bb', 'Production'),
	(165, '15684ea493-8fcc-4c68-b4b8-431a82a375bb', 'Production'),
	(166, '15687ea493-8fcc-4c68-b4b8-431a82a375bb', 'Production'),
	(167, '15694ea493-8fcc-4c68-b4b8-431a82a375bb', 'Production'),
	(168, '15696ea493-8fcc-4c68-b4b8-431a82a375bb', 'Production'),
	(169, '15697ea493-8fcc-4c68-b4b8-431a82a375bb', 'Production'),
	(170, '15702ea493-8fcc-4c68-b4b8-431a82a375bb', 'Production'),
	(171, '15705ea493-8fcc-4c68-b4b8-431a82a375bb', 'Production'),
	(172, '15706ea493-8fcc-4c68-b4b8-431a82a375bb', 'Production'),
	(173, '15707ea493-8fcc-4c68-b4b8-431a82a375bb', 'Production'),
	(174, '15708ea493-8fcc-4c68-b4b8-431a82a375bb', 'Production'),
	(175, '15709ea493-8fcc-4c68-b4b8-431a82a375bb', 'Production'),
	(176, '15710ea493-8fcc-4c68-b4b8-431a82a375bb', 'Production'),
	(177, '15711ea493-8fcc-4c68-b4b8-431a82a375bb', 'Production'),
	(178, '15713ea493-8fcc-4c68-b4b8-431a82a375bb', 'Production'),
	(179, '15714ea493-8fcc-4c68-b4b8-431a82a375bb', 'Production'),
	(180, '15715ea493-8fcc-4c68-b4b8-431a82a375bb', 'Production'),
	(181, '15716ea493-8fcc-4c68-b4b8-431a82a375bb', 'Production'),
	(182, '15717ea493-8fcc-4c68-b4b8-431a82a375bb', 'Production'),
	(183, '15718ea493-8fcc-4c68-b4b8-431a82a375bb', 'Production'),
	(184, '15719ea493-8fcc-4c68-b4b8-431a82a375bb', 'Production'),
	(185, '15720ea493-8fcc-4c68-b4b8-431a82a375bb', 'Production'),
	(186, '15721ea493-8fcc-4c68-b4b8-431a82a375bb', 'Production'),
	(187, '15722ea493-8fcc-4c68-b4b8-431a82a375bb', 'Production'),
	(188, '15723ea493-8fcc-4c68-b4b8-431a82a375bb', 'Production'),
	(189, '15724ea493-8fcc-4c68-b4b8-431a82a375bb', 'Production'),
	(190, '15725ea493-8fcc-4c68-b4b8-431a82a375bb', 'Training'),
	(191, '15726ea493-8fcc-4c68-b4b8-431a82a375bb', 'QC'),
	(192, '15727ea493-8fcc-4c68-b4b8-431a82a375bb', 'Production'),
	(193, '15728ea493-8fcc-4c68-b4b8-431a82a375bb', 'Production'),
	(194, '15729ea493-8fcc-4c68-b4b8-431a82a375bb', 'Production'),
	(195, '15730ea493-8fcc-4c68-b4b8-431a82a375bb', 'Production'),
	(196, '15731ea493-8fcc-4c68-b4b8-431a82a375bb', 'Production'),
	(197, '15732ea493-8fcc-4c68-b4b8-431a82a375bb', 'Production'),
	(198, '15733ea493-8fcc-4c68-b4b8-431a82a375bb', 'Production'),
	(199, '15734ea493-8fcc-4c68-b4b8-431a82a375bb', 'Production'),
	(200, '15735ea493-8fcc-4c68-b4b8-431a82a375bb', 'Production'),
	(201, '15736ea493-8fcc-4c68-b4b8-431a82a375bb', 'Production'),
	(202, '15737ea493-8fcc-4c68-b4b8-431a82a375bb', 'Production'),
	(203, '15738ea493-8fcc-4c68-b4b8-431a82a375bb', 'Production'),
	(204, '15739ea493-8fcc-4c68-b4b8-431a82a375bb', 'Production'),
	(205, '15740ea493-8fcc-4c68-b4b8-431a82a375bb', 'Production'),
	(206, '15742ea493-8fcc-4c68-b4b8-431a82a375bb', 'Production'),
	(207, '15743ea493-8fcc-4c68-b4b8-431a82a375bb', 'Production'),
	(208, '15744ea493-8fcc-4c68-b4b8-431a82a375bb', 'Production'),
	(209, '15746ea493-8fcc-4c68-b4b8-431a82a375bb', 'Production'),
	(210, '15747ea493-8fcc-4c68-b4b8-431a82a375bb', 'Production'),
	(211, '15748ea493-8fcc-4c68-b4b8-431a82a375bb', 'Production'),
	(212, '15749ea493-8fcc-4c68-b4b8-431a82a375bb', 'Production'),
	(213, '15750ea493-8fcc-4c68-b4b8-431a82a375bb', 'Production'),
	(214, '15751ea493-8fcc-4c68-b4b8-431a82a375bb', 'Production'),
	(215, '15752ea493-8fcc-4c68-b4b8-431a82a375bb', 'Production'),
	(216, '15753ea493-8fcc-4c68-b4b8-431a82a375bb', 'Production'),
	(217, '15754ea493-8fcc-4c68-b4b8-431a82a375bb', 'Production'),
	(218, '15755ea493-8fcc-4c68-b4b8-431a82a375bb', 'Production'),
	(219, '15756ea493-8fcc-4c68-b4b8-431a82a375bb', 'Production'),
	(220, '15757ea493-8fcc-4c68-b4b8-431a82a375bb', 'Production'),
	(221, '15758ea493-8fcc-4c68-b4b8-431a82a375bb', 'Production'),
	(222, '15759ea493-8fcc-4c68-b4b8-431a82a375bb', 'Production'),
	(223, '15760ea493-8fcc-4c68-b4b8-431a82a375bb', 'Production'),
	(224, '15761ea493-8fcc-4c68-b4b8-431a82a375bb', 'Production'),
	(225, '15762ea493-8fcc-4c68-b4b8-431a82a375bb', 'Production'),
	(226, '15763ea493-8fcc-4c68-b4b8-431a82a375bb', 'Production'),
	(227, '15764ea493-8fcc-4c68-b4b8-431a82a375bb', 'Production'),
	(228, '15766ea493-8fcc-4c68-b4b8-431a82a375bb', 'Production'),
	(229, '15767ea493-8fcc-4c68-b4b8-431a82a375bb', 'Production'),
	(230, '15768ea493-8fcc-4c68-b4b8-431a82a375bb', 'Production'),
	(231, '15769ea493-8fcc-4c68-b4b8-431a82a375bb', 'Production'),
	(232, '15770ea493-8fcc-4c68-b4b8-431a82a375bb', 'Production'),
	(233, '15771ea493-8fcc-4c68-b4b8-431a82a375bb', 'Production'),
	(234, '15772ea493-8fcc-4c68-b4b8-431a82a375bb', 'Production'),
	(235, '15773ea493-8fcc-4c68-b4b8-431a82a375bb', 'Production'),
	(236, '15774ea493-8fcc-4c68-b4b8-431a82a375bb', 'Production'),
	(237, '15775ea493-8fcc-4c68-b4b8-431a82a375bb', 'Production'),
	(238, '15776ea493-8fcc-4c68-b4b8-431a82a375bb', 'Production'),
	(239, '15778ea493-8fcc-4c68-b4b8-431a82a375bb', 'Production'),
	(240, '15779ea493-8fcc-4c68-b4b8-431a82a375bb', 'Production'),
	(241, '15780ea493-8fcc-4c68-b4b8-431a82a375bb', 'Production'),
	(242, '15781ea493-8fcc-4c68-b4b8-431a82a375bb', 'Production'),
	(243, '15783ea493-8fcc-4c68-b4b8-431a82a375bb', 'Production'),
	(244, '15784ea493-8fcc-4c68-b4b8-431a82a375bb', 'Production'),
	(245, '15785ea493-8fcc-4c68-b4b8-431a82a375bb', 'Production'),
	(246, '15786ea493-8fcc-4c68-b4b8-431a82a375bb', 'Production'),
	(247, '15787ea493-8fcc-4c68-b4b8-431a82a375bb', 'QC'),
	(248, '15788ea493-8fcc-4c68-b4b8-431a82a375bb', 'Production'),
	(249, '15789ea493-8fcc-4c68-b4b8-431a82a375bb', 'Production'),
	(250, '15791ea493-8fcc-4c68-b4b8-431a82a375bb', 'Production'),
	(251, '15792ea493-8fcc-4c68-b4b8-431a82a375bb', 'Production'),
	(252, '15793ea493-8fcc-4c68-b4b8-431a82a375bb', 'TeamLead'),
	(253, '15794ea493-8fcc-4c68-b4b8-431a82a375bb', 'TeamLead'),
	(254, '15806ea493-8fcc-4c68-b4b8-431a82a375bb', 'Production'),
	(255, '15810ea493-8fcc-4c68-b4b8-431a82a375bb', 'Production'),
	(256, '15812ea493-8fcc-4c68-b4b8-431a82a375bb', 'Production'),
	(257, '15813ea493-8fcc-4c68-b4b8-431a82a375bb', 'Production'),
	(258, '15814ea493-8fcc-4c68-b4b8-431a82a375bb', 'Production'),
	(259, '15815ea493-8fcc-4c68-b4b8-431a82a375bb', 'Production'),
	(260, '15816ea493-8fcc-4c68-b4b8-431a82a375bb', 'Production'),
	(261, '15817ea493-8fcc-4c68-b4b8-431a82a375bb', 'Production'),
	(262, '15818ea493-8fcc-4c68-b4b8-431a82a375bb', 'Production'),
	(263, '15819ea493-8fcc-4c68-b4b8-431a82a375bb', 'Production'),
	(264, '15820ea493-8fcc-4c68-b4b8-431a82a375bb', 'Production'),
	(265, '15821ea493-8fcc-4c68-b4b8-431a82a375bb', 'Production'),
	(266, '15822ea493-8fcc-4c68-b4b8-431a82a375bb', 'Production'),
	(267, '15823ea493-8fcc-4c68-b4b8-431a82a375bb', 'Production'),
	(268, '15824ea493-8fcc-4c68-b4b8-431a82a375bb', 'Production'),
	(269, '15825ea493-8fcc-4c68-b4b8-431a82a375bb', 'Production'),
	(270, '15826ea493-8fcc-4c68-b4b8-431a82a375bb', 'Production'),
	(271, '15827ea493-8fcc-4c68-b4b8-431a82a375bb', 'Production'),
	(272, '15828ea493-8fcc-4c68-b4b8-431a82a375bb', 'Production'),
	(273, '15829ea493-8fcc-4c68-b4b8-431a82a375bb', 'Production'),
	(274, '15830ea493-8fcc-4c68-b4b8-431a82a375bb', 'Production'),
	(275, '15831ea493-8fcc-4c68-b4b8-431a82a375bb', 'Production'),
	(276, '15832ea493-8fcc-4c68-b4b8-431a82a375bb', 'Production'),
	(277, '15833ea493-8fcc-4c68-b4b8-431a82a375bb', 'Production'),
	(278, '15834ea493-8fcc-4c68-b4b8-431a82a375bb', 'Production'),
	(279, '15836ea493-8fcc-4c68-b4b8-431a82a375bb', 'Production'),
	(280, '15837ea493-8fcc-4c68-b4b8-431a82a375bb', 'Production'),
	(281, '15838ea493-8fcc-4c68-b4b8-431a82a375bb', 'Production'),
	(282, '15839ea493-8fcc-4c68-b4b8-431a82a375bb', 'Production'),
	(283, '15840ea493-8fcc-4c68-b4b8-431a82a375bb', 'Production'),
	(284, '15841ea493-8fcc-4c68-b4b8-431a82a375bb', 'Production'),
	(285, '15842ea493-8fcc-4c68-b4b8-431a82a375bb', 'Production'),
	(286, '15843ea493-8fcc-4c68-b4b8-431a82a375bb', 'Production'),
	(287, '15844ea493-8fcc-4c68-b4b8-431a82a375bb', 'Production'),
	(288, '15845ea493-8fcc-4c68-b4b8-431a82a375bb', 'Production'),
	(289, '15846ea493-8fcc-4c68-b4b8-431a82a375bb', 'Production'),
	(290, '15848ea493-8fcc-4c68-b4b8-431a82a375bb', 'Production'),
	(291, '15849ea493-8fcc-4c68-b4b8-431a82a375bb', 'Production'),
	(292, '15850ea493-8fcc-4c68-b4b8-431a82a375bb', 'Production'),
	(293, '15852ea493-8fcc-4c68-b4b8-431a82a375bb', 'Production'),
	(294, '15853ea493-8fcc-4c68-b4b8-431a82a375bb', 'Production'),
	(295, '15854ea493-8fcc-4c68-b4b8-431a82a375bb', 'Production'),
	(296, '15855ea493-8fcc-4c68-b4b8-431a82a375bb', 'Production'),
	(297, '15856ea493-8fcc-4c68-b4b8-431a82a375bb', 'Production'),
	(298, '77770ea493-8fcc-4c68-b4b8-431a82a375bb', 'Production'),
	(299, 'EMP01ea493-8fcc-4c68-b4b8-431a82a375bb', 'Administrator'),
	(300, 'R10ea493-8fcc-4c68-b4b8-431a82a375bb', 'Production'),
	(301, 'R11ea493-8fcc-4c68-b4b8-431a82a375bb', 'Production'),
	(302, 'R12ea493-8fcc-4c68-b4b8-431a82a375bb', 'Production'),
	(303, 'R13ea493-8fcc-4c68-b4b8-431a82a375bb', 'Production'),
	(304, 'R14ea493-8fcc-4c68-b4b8-431a82a375bb', 'Production'),
	(305, 'R1eea493-8fcc-4c68-b4b8-431a82a375bb', 'Production'),
	(306, 'R2ea493-8fcc-4c68-b4b8-431a82a375bb', 'Production'),
	(307, 'R3ea493-8fcc-4c68-b4b8-431a82a375bb', 'Production'),
	(308, 'R4ea493-8fcc-4c68-b4b8-431a82a375bb', 'Production'),
	(309, 'R5ea493-8fcc-4c68-b4b8-431a82a375bb', 'Production'),
	(310, 'R6ea493-8fcc-4c68-b4b8-431a82a375bb', 'Production'),
	(311, 'R7ea493-8fcc-4c68-b4b8-431a82a375bb', 'Production'),
	(312, 'R8ea493-8fcc-4c68-b4b8-431a82a375bb', 'Production'),
	(313, 'R9ea493-8fcc-4c68-b4b8-431a82a375bb', 'Production'),
	(314, 'SuperAdmin', 'SuperAdminRole'),
	(315, 'T_001ea493-8fcc-4c68-b4b8-431a82a375bb', 'Trainee'),
	(316, 'T_002ea493-8fcc-4c68-b4b8-431a82a375bb', 'Trainee'),
	(317, 'T_003ea493-8fcc-4c68-b4b8-431a82a375bb', 'Trainee'),
	(318, 'T_004ea493-8fcc-4c68-b4b8-431a82a375bb', 'Trainee'),
	(319, 'T_005ea493-8fcc-4c68-b4b8-431a82a375bb', 'Trainee'),
	(320, 'T_006ea493-8fcc-4c68-b4b8-431a82a375bb', 'Trainee'),
	(321, 'T_007ea493-8fcc-4c68-b4b8-431a82a375bb', 'Trainee'),
	(322, 'T_008ea493-8fcc-4c68-b4b8-431a82a375bb', 'Trainee'),
	(323, 'T_009ea493-8fcc-4c68-b4b8-431a82a375bb', 'Trainee'),
	(324, 'T_010ea493-8fcc-4c68-b4b8-431a82a375bb', 'Trainee'),
	(325, 'T_011ea493-8fcc-4c68-b4b8-431a82a375bb', 'Trainee'),
	(326, 'T_012ea493-8fcc-4c68-b4b8-431a82a375bb', 'Trainee'),
	(327, 'T_013ea493-8fcc-4c68-b4b8-431a82a375bb', 'Trainee'),
	(328, 'T_014ea493-8fcc-4c68-b4b8-431a82a375bb', 'Trainee'),
	(329, 'T_015ea493-8fcc-4c68-b4b8-431a82a375bb', 'Trainee'),
	(330, 'T_016ea493-8fcc-4c68-b4b8-431a82a375bb', 'Trainee'),
	(331, 'T_017ea493-8fcc-4c68-b4b8-431a82a375bb', 'Trainee'),
	(332, 'T_018ea493-8fcc-4c68-b4b8-431a82a375bb', 'Trainee'),
	(333, 'T_019ea493-8fcc-4c68-b4b8-431a82a375bb', 'Trainee'),
	(334, 'T_020ea493-8fcc-4c68-b4b8-431a82a375bb', 'Trainee'),
	(335, 'T_021ea493-8fcc-4c68-b4b8-431a82a375bb', 'Trainee'),
	(336, 'T_022ea493-8fcc-4c68-b4b8-431a82a375bb', 'Trainee'),
	(337, 'T_023ea493-8fcc-4c68-b4b8-431a82a375bb', 'Trainee'),
	(338, 'T_024ea493-8fcc-4c68-b4b8-431a82a375bb', 'Trainee'),
	(339, 'T_025ea493-8fcc-4c68-b4b8-431a82a375bb', 'Trainee'),
	(340, 'T_026ea493-8fcc-4c68-b4b8-431a82a375bb', 'Trainee'),
	(341, 'T_027ea493-8fcc-4c68-b4b8-431a82a375bb', 'Trainee'),
	(342, 'T_028ea493-8fcc-4c68-b4b8-431a82a375bb', 'Trainee'),
	(343, 'T_029ea493-8fcc-4c68-b4b8-431a82a375bb', 'Trainee'),
	(344, 'T_030ea493-8fcc-4c68-b4b8-431a82a375bb', 'Trainee'),
	(345, 'T_031ea493-8fcc-4c68-b4b8-431a82a375bb', 'Trainee'),
	(346, 'T_032ea493-8fcc-4c68-b4b8-431a82a375bb', 'Trainee'),
	(347, 'T_033ea493-8fcc-4c68-b4b8-431a82a375bb', 'Trainee'),
	(348, 'T_034ea493-8fcc-4c68-b4b8-431a82a375bb', 'Trainee'),
	(349, 'T_035ea493-8fcc-4c68-b4b8-431a82a375bb', 'Trainee'),
	(350, 'T_036ea493-8fcc-4c68-b4b8-431a82a375bb', 'Trainee'),
	(351, 'T_037ea493-8fcc-4c68-b4b8-431a82a375bb', 'Trainee'),
	(352, 'T_038ea493-8fcc-4c68-b4b8-431a82a375bb', 'Trainee'),
	(353, 'T_039ea493-8fcc-4c68-b4b8-431a82a375bb', 'Trainee'),
	(354, 'T_040ea493-8fcc-4c68-b4b8-431a82a375bb', 'Trainee'),
	(355, 'T_041ea493-8fcc-4c68-b4b8-431a82a375bb', 'Trainee'),
	(356, 'T_042ea493-8fcc-4c68-b4b8-431a82a375bb', 'Trainee'),
	(357, 'T_043ea493-8fcc-4c68-b4b8-431a82a375bb', 'Trainee'),
	(358, 'T_044ea493-8fcc-4c68-b4b8-431a82a375bb', 'Trainee'),
	(359, 'T_045ea493-8fcc-4c68-b4b8-431a82a375bb', 'Trainee'),
	(360, 'T_046ea493-8fcc-4c68-b4b8-431a82a375bb', 'Trainee'),
	(361, 'T_047ea493-8fcc-4c68-b4b8-431a82a375bb', 'Trainee'),
	(362, 'T_048ea493-8fcc-4c68-b4b8-431a82a375bb', 'Trainee'),
	(363, 'T_049ea493-8fcc-4c68-b4b8-431a82a375bb', 'Trainee'),
	(364, 'T_050ea493-8fcc-4c68-b4b8-431a82a375bb', 'Trainee'),
	(365, 'T_051ea493-8fcc-4c68-b4b8-431a82a375bb', 'Trainee'),
	(366, 'T_052ea493-8fcc-4c68-b4b8-431a82a375bb', 'Trainee'),
	(367, 'T_053ea493-8fcc-4c68-b4b8-431a82a375bb', 'Trainee'),
	(368, 'T_054ea493-8fcc-4c68-b4b8-431a82a375bb', 'Trainee'),
	(369, 'T_055ea493-8fcc-4c68-b4b8-431a82a375bb', 'Trainee'),
	(370, 'T_056ea493-8fcc-4c68-b4b8-431a82a375bb', 'Trainee'),
	(371, 'T_057ea493-8fcc-4c68-b4b8-431a82a375bb', 'Trainee'),
	(372, 'T_058ea493-8fcc-4c68-b4b8-431a82a375bb', 'Trainee'),
	(373, 'T_059ea493-8fcc-4c68-b4b8-431a82a375bb', 'Trainee'),
	(374, 'T_060ea493-8fcc-4c68-b4b8-431a82a375bb', 'Trainee'),
	(375, 'T_061ea493-8fcc-4c68-b4b8-431a82a375bb', 'Trainee'),
	(376, 'T_062ea493-8fcc-4c68-b4b8-431a82a375bb', 'Trainee'),
	(377, 'T_063ea493-8fcc-4c68-b4b8-431a82a375bb', 'Trainee'),
	(378, 'T_064ea493-8fcc-4c68-b4b8-431a82a375bb', 'Trainee'),
	(379, 'T_065ea493-8fcc-4c68-b4b8-431a82a375bb', 'Trainee'),
	(380, 'T_066ea493-8fcc-4c68-b4b8-431a82a375bb', 'Trainee'),
	(381, 'T_067ea493-8fcc-4c68-b4b8-431a82a375bb', 'Trainee'),
	(382, 'T_068ea493-8fcc-4c68-b4b8-431a82a375bb', 'Trainee'),
	(383, 'T_069ea493-8fcc-4c68-b4b8-431a82a375bb', 'Trainee'),
	(384, 'T_070ea493-8fcc-4c68-b4b8-431a82a375bb', 'Trainee'),
	(385, 'T_071ea493-8fcc-4c68-b4b8-431a82a375bb', 'Trainee'),
	(386, 'T_072ea493-8fcc-4c68-b4b8-431a82a375bb', 'Trainee'),
	(387, 'T_073ea493-8fcc-4c68-b4b8-431a82a375bb', 'Trainee'),
	(1000, 'USR1513438024799', 'Administrator'),
	(2000, 'USR1513438024799', 'Employee');
/*!40000 ALTER TABLE `userroles` ENABLE KEYS */;

-- Dumping structure for table data_process.users
CREATE TABLE IF NOT EXISTS `users` (
  `employeeId` varchar(50) NOT NULL,
  `producerId` varchar(50) DEFAULT NULL,
  `parentProducerId` varchar(50) DEFAULT NULL,
  `userType` varchar(50) DEFAULT NULL,
  `userId` varchar(50) DEFAULT NULL,
  `folderToken` varchar(50) DEFAULT NULL,
  `userName` varchar(100) DEFAULT '0',
  `lastName` varchar(100) DEFAULT NULL,
  `fatherName` varchar(100) DEFAULT NULL,
  `userPwd` varchar(100) DEFAULT NULL,
  `userPwdModFlag` bit(1) DEFAULT b'0',
  `userPwdModDate` datetime DEFAULT NULL,
  `dob` varchar(50) DEFAULT NULL,
  `sex` varchar(50) DEFAULT NULL,
  `otp` varchar(20) DEFAULT NULL,
  `userStatus` varchar(50) DEFAULT 'Pending',
  `dateOfJoin` varchar(50) DEFAULT NULL,
  `token` varchar(200) DEFAULT NULL,
  `tokenExpiryDate` datetime DEFAULT NULL,
  `country` varchar(20) NOT NULL DEFAULT 'IN',
  `groupId` varchar(50) DEFAULT NULL,
  `workMode` varchar(50) DEFAULT 'WFO',
  `deploymentId` varchar(50) DEFAULT NULL,
  `reportingTo` varchar(50) DEFAULT NULL,
  `createdBy` varchar(50) DEFAULT NULL,
  `createdDate` datetime DEFAULT NULL,
  `modifiedBy` varchar(50) DEFAULT NULL,
  `modifiedDate` datetime DEFAULT NULL,
  `status` bit(1) DEFAULT b'1',
  PRIMARY KEY (`employeeId`),
  KEY `FK_users_producers` (`producerId`),
  KEY `FK_users_country` (`country`),
  CONSTRAINT `FK_users_producers` FOREIGN KEY (`producerId`) REFERENCES `producers` (`producerId`)
) ENGINE=InnoDB DEFAULT CHARSET=utf8;

-- Dumping data for table data_process.users: ~392 rows (approximately)
DELETE FROM `users`;
/*!40000 ALTER TABLE `users` DISABLE KEYS */;
INSERT INTO `users` (`employeeId`, `producerId`, `parentProducerId`, `userType`, `userId`, `folderToken`, `userName`, `lastName`, `fatherName`, `userPwd`, `userPwdModFlag`, `userPwdModDate`, `dob`, `sex`, `otp`, `userStatus`, `dateOfJoin`, `token`, `tokenExpiryDate`, `country`, `groupId`, `workMode`, `deploymentId`, `reportingTo`, `createdBy`, `createdDate`, `modifiedBy`, `modifiedDate`, `status`) VALUES
	('10504ea493-8fcc-4c68-b4b8-431a82a375bb', 'PRD000001', 'PRD000001', 'Employee', 'DP100000', NULL, 'Gandeeban M', NULL, 'Test@1234', '$2a$10$z/h4gKgrVrSp9C1LQhxpPec0TT/EIa1FyDMKvP/xe7NOCnG3Qiv8q', b'0', NULL, NULL, 'Male', NULL, 'Activated', NULL, NULL, '2021-01-01 00:00:00', 'Asia/Kolkata', NULL, 'WFO', NULL, NULL, 'PRDADM0001', '2021-01-01 00:00:00', 'PRDADM0001', '2021-01-01 00:00:00', b'1'),
	('11002ea493-8fcc-4c68-b4b8-431a82a375bb', 'PRD000001', 'PRD000001', 'Employee', 'DP100001', NULL, 'Jeeva.S', NULL, 'Test@1234', '$2a$10$z/h4gKgrVrSp9C1LQhxpPec0TT/EIa1FyDMKvP/xe7NOCnG3Qiv8q', b'0', NULL, NULL, 'Male', NULL, 'Activated', NULL, NULL, '2021-01-01 00:00:00', 'Asia/Kolkata', NULL, 'WFO', NULL, NULL, 'PRDADM0001', '2021-01-01 00:00:00', 'PRDADM0001', '2021-01-01 00:00:00', b'1'),
	('12501ea493-8fcc-4c68-b4b8-431a82a375bb', 'PRD000001', 'PRD000001', 'Employee', 'DP100002', NULL, 'Natraj', NULL, 'Test@1234', '$2a$10$z/h4gKgrVrSp9C1LQhxpPec0TT/EIa1FyDMKvP/xe7NOCnG3Qiv8q', b'0', NULL, NULL, 'Male', NULL, 'Activated', NULL, NULL, '2021-01-01 00:00:00', 'Asia/Kolkata', NULL, 'WFO', NULL, NULL, 'PRDADM0001', '2021-01-01 00:00:00', 'PRDADM0001', '2021-01-01 00:00:00', b'1'),
	('13533ea493-8fcc-4c68-b4b8-431a82a375bb', 'PRD000001', 'PRD000001', 'Employee', 'DP100003', NULL, 'Venkat.S', NULL, 'Test@1234', '$2a$10$z/h4gKgrVrSp9C1LQhxpPec0TT/EIa1FyDMKvP/xe7NOCnG3Qiv8q', b'0', NULL, NULL, 'Male', NULL, 'Activated', NULL, NULL, '2021-01-01 00:00:00', 'Asia/Kolkata', NULL, 'WFO', NULL, NULL, 'PRDADM0001', '2021-01-01 00:00:00', 'PRDADM0001', '2021-01-01 00:00:00', b'1'),
	('13578ea493-8fcc-4c68-b4b8-431a82a375bb', 'PRD000001', 'PRD000001', 'Employee', 'DP100004', NULL, 'Imbran', NULL, 'Test@1234', '$2a$10$z/h4gKgrVrSp9C1LQhxpPec0TT/EIa1FyDMKvP/xe7NOCnG3Qiv8q', b'0', NULL, NULL, 'Male', NULL, 'Activated', NULL, NULL, '2021-01-01 00:00:00', 'Asia/Kolkata', NULL, 'WFO', NULL, NULL, 'PRDADM0001', '2021-01-01 00:00:00', 'PRDADM0001', '2021-01-01 00:00:00', b'1'),
	('13591ea493-8fcc-4c68-b4b8-431a82a375bb', 'PRD000001', 'PRD000001', 'Employee', 'DP100005', NULL, 'M.SASIKUMAR', NULL, 'Test@1234', '$2a$10$z/h4gKgrVrSp9C1LQhxpPec0TT/EIa1FyDMKvP/xe7NOCnG3Qiv8q', b'0', NULL, NULL, 'Male', NULL, 'Activated', NULL, NULL, '2021-01-01 00:00:00', 'Asia/Kolkata', NULL, 'WFO', NULL, NULL, 'PRDADM0001', '2021-01-01 00:00:00', 'PRDADM0001', '2021-01-01 00:00:00', b'1'),
	('13600ea493-8fcc-4c68-b4b8-431a82a375bb', 'PRD000001', 'PRD000001', 'Employee', 'DP100006', NULL, 'Ayyappan', NULL, 'Test@1234', '$2a$10$z/h4gKgrVrSp9C1LQhxpPec0TT/EIa1FyDMKvP/xe7NOCnG3Qiv8q', b'0', NULL, NULL, 'Male', NULL, 'Activated', NULL, NULL, '2021-01-01 00:00:00', 'Asia/Kolkata', NULL, 'WFO', NULL, NULL, 'PRDADM0001', '2021-01-01 00:00:00', 'PRDADM0001', '2021-01-01 00:00:00', b'1'),
	('13606ea493-8fcc-4c68-b4b8-431a82a375bb', 'PRD000001', 'PRD000001', 'Employee', 'DP100007', NULL, 'M.Sathish kumar', NULL, 'Test@1234', '$2a$10$z/h4gKgrVrSp9C1LQhxpPec0TT/EIa1FyDMKvP/xe7NOCnG3Qiv8q', b'0', NULL, NULL, 'Male', NULL, 'Activated', NULL, NULL, '2021-01-01 00:00:00', 'Asia/Kolkata', NULL, 'WFO', NULL, NULL, 'PRDADM0001', '2021-01-01 00:00:00', 'PRDADM0001', '2021-01-01 00:00:00', b'1'),
	('13632ea493-8fcc-4c68-b4b8-431a82a375bb', 'PRD000001', 'PRD000001', 'Employee', 'DP100008', NULL, 'Sridhar', NULL, 'Test@1234', '$2a$10$z/h4gKgrVrSp9C1LQhxpPec0TT/EIa1FyDMKvP/xe7NOCnG3Qiv8q', b'0', NULL, NULL, 'Male', NULL, 'Activated', NULL, NULL, '2021-01-01 00:00:00', 'Asia/Kolkata', NULL, 'WFO', NULL, NULL, 'PRDADM0001', '2021-01-01 00:00:00', 'PRDADM0001', '2021-01-01 00:00:00', b'1'),
	('13641ea493-8fcc-4c68-b4b8-431a82a375bb', 'PRD000001', 'PRD000001', 'Employee', 'DP100009', NULL, 'R.Sathish', NULL, 'Test@1234', '$2a$10$z/h4gKgrVrSp9C1LQhxpPec0TT/EIa1FyDMKvP/xe7NOCnG3Qiv8q', b'0', NULL, NULL, 'Male', NULL, 'Activated', NULL, NULL, '2021-01-01 00:00:00', 'Asia/Kolkata', NULL, 'WFO', NULL, NULL, 'PRDADM0001', '2021-01-01 00:00:00', 'PRDADM0001', '2021-01-01 00:00:00', b'1'),
	('13656ea493-8fcc-4c68-b4b8-431a82a375bb', 'PRD000001', 'PRD000001', 'Employee', 'DP100010', NULL, 'G. Thangaraj (Georef)', NULL, 'Test@1234', '$2a$10$z/h4gKgrVrSp9C1LQhxpPec0TT/EIa1FyDMKvP/xe7NOCnG3Qiv8q', b'0', NULL, NULL, 'Male', NULL, 'Activated', NULL, NULL, '2021-01-01 00:00:00', 'Asia/Kolkata', NULL, 'WFO', NULL, NULL, 'PRDADM0001', '2021-01-01 00:00:00', 'PRDADM0001', '2021-01-01 00:00:00', b'1'),
	('13682ea493-8fcc-4c68-b4b8-431a82a375bb', 'PRD000001', 'PRD000001', 'Employee', 'DP100011', NULL, 'Vetrivel', NULL, 'Test@1234', '$2a$10$z/h4gKgrVrSp9C1LQhxpPec0TT/EIa1FyDMKvP/xe7NOCnG3Qiv8q', b'0', NULL, NULL, 'Male', NULL, 'Activated', NULL, NULL, '2021-01-01 00:00:00', 'Asia/Kolkata', NULL, 'WFO', NULL, NULL, 'PRDADM0001', '2021-01-01 00:00:00', 'PRDADM0001', '2021-01-01 00:00:00', b'1'),
	('13687ea493-8fcc-4c68-b4b8-431a82a375bb', 'PRD000001', 'PRD000001', 'Employee', 'DP100012', NULL, 'Priya Dharshini', NULL, 'Test@1234', '$2a$10$z/h4gKgrVrSp9C1LQhxpPec0TT/EIa1FyDMKvP/xe7NOCnG3Qiv8q', b'0', NULL, NULL, 'Male', NULL, 'Activated', NULL, NULL, '2021-01-01 00:00:00', 'Asia/Kolkata', NULL, 'WFO', NULL, NULL, 'PRDADM0001', '2021-01-01 00:00:00', 'PRDADM0001', '2021-01-01 00:00:00', b'1'),
	('13708ea493-8fcc-4c68-b4b8-431a82a375bb', 'PRD000001', 'PRD000001', 'Employee', 'DP100013', NULL, 'Dhulasi', NULL, 'Test@1234', '$2a$10$z/h4gKgrVrSp9C1LQhxpPec0TT/EIa1FyDMKvP/xe7NOCnG3Qiv8q', b'0', NULL, NULL, 'Male', NULL, 'Activated', NULL, NULL, '2021-01-01 00:00:00', 'Asia/Kolkata', NULL, 'WFO', NULL, NULL, 'PRDADM0001', '2021-01-01 00:00:00', 'PRDADM0001', '2021-01-01 00:00:00', b'1'),
	('13733ea493-8fcc-4c68-b4b8-431a82a375bb', 'PRD000001', 'PRD000001', 'Employee', 'DP100014', NULL, 'SS.Venkat', NULL, 'Test@1234', '$2a$10$z/h4gKgrVrSp9C1LQhxpPec0TT/EIa1FyDMKvP/xe7NOCnG3Qiv8q', b'0', NULL, NULL, 'Male', NULL, 'Activated', NULL, NULL, '2021-01-01 00:00:00', 'Asia/Kolkata', NULL, 'WFO', NULL, NULL, 'PRDADM0001', '2021-01-01 00:00:00', 'PRDADM0001', '2021-01-01 00:00:00', b'1'),
	('13735ea493-8fcc-4c68-b4b8-431a82a375bb', 'PRD000001', 'PRD000001', 'Employee', 'DP100015', NULL, 'Ramprasad', NULL, 'Test@1234', '$2a$10$z/h4gKgrVrSp9C1LQhxpPec0TT/EIa1FyDMKvP/xe7NOCnG3Qiv8q', b'0', NULL, NULL, 'Male', NULL, 'Activated', NULL, NULL, '2021-01-01 00:00:00', 'Asia/Kolkata', NULL, 'WFO', NULL, NULL, 'PRDADM0001', '2021-01-01 00:00:00', 'PRDADM0001', '2021-01-01 00:00:00', b'1'),
	('13760ea493-8fcc-4c68-b4b8-431a82a375bb', 'PRD000001', 'PRD000001', 'Employee', 'DP100016', NULL, 'B.Rajapandi', NULL, 'Test@1234', '$2a$10$z/h4gKgrVrSp9C1LQhxpPec0TT/EIa1FyDMKvP/xe7NOCnG3Qiv8q', b'0', NULL, NULL, 'Male', NULL, 'Activated', NULL, NULL, '2021-01-01 00:00:00', 'Asia/Kolkata', NULL, 'WFO', NULL, NULL, 'PRDADM0001', '2021-01-01 00:00:00', 'PRDADM0001', '2021-01-01 00:00:00', b'1'),
	('13764ea493-8fcc-4c68-b4b8-431a82a375bb', 'PRD000001', 'PRD000001', 'Employee', 'DP100017', NULL, 'V.Sasikumar', NULL, 'Test@1234', '$2a$10$z/h4gKgrVrSp9C1LQhxpPec0TT/EIa1FyDMKvP/xe7NOCnG3Qiv8q', b'0', NULL, NULL, 'Male', NULL, 'Activated', NULL, NULL, '2021-01-01 00:00:00', 'Asia/Kolkata', NULL, 'WFO', NULL, NULL, 'PRDADM0001', '2021-01-01 00:00:00', 'PRDADM0001', '2021-01-01 00:00:00', b'1'),
	('13781ea493-8fcc-4c68-b4b8-431a82a375bb', 'PRD000001', 'PRD000001', 'Employee', 'DP100018', NULL, 'Nivedini', NULL, 'Test@1234', '$2a$10$z/h4gKgrVrSp9C1LQhxpPec0TT/EIa1FyDMKvP/xe7NOCnG3Qiv8q', b'0', NULL, NULL, 'Male', NULL, 'Activated', NULL, NULL, '2021-01-01 00:00:00', 'Asia/Kolkata', NULL, 'WFO', NULL, NULL, 'PRDADM0001', '2021-01-01 00:00:00', 'PRDADM0001', '2021-01-01 00:00:00', b'1'),
	('13785ea493-8fcc-4c68-b4b8-431a82a375bb', 'PRD000001', 'PRD000001', 'Employee', 'DP100019', NULL, 'P Kannan', NULL, 'Test@1234', '$2a$10$z/h4gKgrVrSp9C1LQhxpPec0TT/EIa1FyDMKvP/xe7NOCnG3Qiv8q', b'0', NULL, NULL, 'Male', NULL, 'Activated', NULL, NULL, '2021-01-01 00:00:00', 'Asia/Kolkata', NULL, 'WFO', NULL, NULL, 'PRDADM0001', '2021-01-01 00:00:00', 'PRDADM0001', '2021-01-01 00:00:00', b'1'),
	('13817ea493-8fcc-4c68-b4b8-431a82a375bb', 'PRD000001', 'PRD000001', 'Employee', 'DP100020', NULL, 'S.Chandran', NULL, 'Test@1234', '$2a$10$z/h4gKgrVrSp9C1LQhxpPec0TT/EIa1FyDMKvP/xe7NOCnG3Qiv8q', b'0', NULL, NULL, 'Male', NULL, 'Activated', NULL, NULL, '2021-01-01 00:00:00', 'Asia/Kolkata', NULL, 'WFO', NULL, NULL, 'PRDADM0001', '2021-01-01 00:00:00', 'PRDADM0001', '2021-01-01 00:00:00', b'1'),
	('13821ea493-8fcc-4c68-b4b8-431a82a375bb', 'PRD000001', 'PRD000001', 'Employee', 'DP100021', NULL, 'N.Saranya (Georef)', NULL, 'Test@1234', '$2a$10$z/h4gKgrVrSp9C1LQhxpPec0TT/EIa1FyDMKvP/xe7NOCnG3Qiv8q', b'0', NULL, NULL, 'Male', NULL, 'Activated', NULL, NULL, '2021-01-01 00:00:00', 'Asia/Kolkata', NULL, 'WFO', NULL, NULL, 'PRDADM0001', '2021-01-01 00:00:00', 'PRDADM0001', '2021-01-01 00:00:00', b'1'),
	('13826ea493-8fcc-4c68-b4b8-431a82a375bb', 'PRD000001', 'PRD000001', 'Employee', 'DP100022', NULL, 'Mani T', NULL, 'Test@1234', '$2a$10$z/h4gKgrVrSp9C1LQhxpPec0TT/EIa1FyDMKvP/xe7NOCnG3Qiv8q', b'0', NULL, NULL, 'Male', NULL, 'Activated', NULL, NULL, '2021-01-01 00:00:00', 'Asia/Kolkata', NULL, 'WFO', NULL, NULL, 'PRDADM0001', '2021-01-01 00:00:00', 'PRDADM0001', '2021-01-01 00:00:00', b'1'),
	('13843ea493-8fcc-4c68-b4b8-431a82a375bb', 'PRD000001', 'PRD000001', 'Employee', 'DP100023', NULL, 'C Prabhu(Georef)', NULL, 'Test@1234', '$2a$10$z/h4gKgrVrSp9C1LQhxpPec0TT/EIa1FyDMKvP/xe7NOCnG3Qiv8q', b'0', NULL, NULL, 'Male', NULL, 'Activated', NULL, NULL, '2021-01-01 00:00:00', 'Asia/Kolkata', NULL, 'WFO', NULL, NULL, 'PRDADM0001', '2021-01-01 00:00:00', 'PRDADM0001', '2021-01-01 00:00:00', b'1'),
	('13873ea493-8fcc-4c68-b4b8-431a82a375bb', 'PRD000001', 'PRD000001', 'Employee', 'DP100024', NULL, 'BHUVANESWARAN (Qc only @ s2s)', NULL, 'Test@1234', '$2a$10$z/h4gKgrVrSp9C1LQhxpPec0TT/EIa1FyDMKvP/xe7NOCnG3Qiv8q', b'0', NULL, NULL, 'Male', NULL, 'Activated', NULL, NULL, '2021-01-01 00:00:00', 'Asia/Kolkata', NULL, 'WFO', NULL, NULL, 'PRDADM0001', '2021-01-01 00:00:00', 'PRDADM0001', '2021-01-01 00:00:00', b'1'),
	('13893ea493-8fcc-4c68-b4b8-431a82a375bb', 'PRD000001', 'PRD000001', 'Employee', 'DP100025', NULL, 'A Maria Micheal Selvi', NULL, 'Test@1234', '$2a$10$z/h4gKgrVrSp9C1LQhxpPec0TT/EIa1FyDMKvP/xe7NOCnG3Qiv8q', b'0', NULL, NULL, 'Male', NULL, 'Activated', NULL, NULL, '2021-01-01 00:00:00', 'Asia/Kolkata', NULL, 'WFO', NULL, NULL, 'PRDADM0001', '2021-01-01 00:00:00', 'PRDADM0001', '2021-01-01 00:00:00', b'1'),
	('13894ea493-8fcc-4c68-b4b8-431a82a375bb', 'PRD000001', 'PRD000001', 'Employee', 'DP100026', NULL, 'G Saranya', NULL, 'Test@1234', '$2a$10$z/h4gKgrVrSp9C1LQhxpPec0TT/EIa1FyDMKvP/xe7NOCnG3Qiv8q', b'0', NULL, NULL, 'Male', NULL, 'Activated', NULL, NULL, '2021-01-01 00:00:00', 'Asia/Kolkata', NULL, 'WFO', NULL, NULL, 'PRDADM0001', '2021-01-01 00:00:00', 'PRDADM0001', '2021-01-01 00:00:00', b'1'),
	('13933ea493-8fcc-4c68-b4b8-431a82a375bb', 'PRD000001', 'PRD000001', 'Employee', 'DP100027', NULL, 'C.Krithiga', NULL, 'Test@1234', '$2a$10$z/h4gKgrVrSp9C1LQhxpPec0TT/EIa1FyDMKvP/xe7NOCnG3Qiv8q', b'0', NULL, NULL, 'Male', NULL, 'Activated', NULL, NULL, '2021-01-01 00:00:00', 'Asia/Kolkata', NULL, 'WFO', NULL, NULL, 'PRDADM0001', '2021-01-01 00:00:00', 'PRDADM0001', '2021-01-01 00:00:00', b'1'),
	('13941ea493-8fcc-4c68-b4b8-431a82a375bb', 'PRD000001', 'PRD000001', 'Employee', 'DP100028', NULL, 'V.Boobal', NULL, 'Test@1234', '$2a$10$z/h4gKgrVrSp9C1LQhxpPec0TT/EIa1FyDMKvP/xe7NOCnG3Qiv8q', b'0', NULL, NULL, 'Male', NULL, 'Activated', NULL, NULL, '2021-01-01 00:00:00', 'Asia/Kolkata', NULL, 'WFO', NULL, NULL, 'PRDADM0001', '2021-01-01 00:00:00', 'PRDADM0001', '2021-01-01 00:00:00', b'1'),
	('13942ea493-8fcc-4c68-b4b8-431a82a375bb', 'PRD000001', 'PRD000001', 'Employee', 'DP100029', NULL, 'P Anandhan', NULL, 'Test@1234', '$2a$10$z/h4gKgrVrSp9C1LQhxpPec0TT/EIa1FyDMKvP/xe7NOCnG3Qiv8q', b'0', NULL, NULL, 'Male', NULL, 'Activated', NULL, NULL, '2021-01-01 00:00:00', 'Asia/Kolkata', NULL, 'WFO', NULL, NULL, 'PRDADM0001', '2021-01-01 00:00:00', 'PRDADM0001', '2021-01-01 00:00:00', b'1'),
	('13944ea493-8fcc-4c68-b4b8-431a82a375bb', 'PRD000001', 'PRD000001', 'Employee', 'DP100030', NULL, 'P JayaPrakash', NULL, 'Test@1234', '$2a$10$z/h4gKgrVrSp9C1LQhxpPec0TT/EIa1FyDMKvP/xe7NOCnG3Qiv8q', b'0', NULL, NULL, 'Male', NULL, 'Activated', NULL, NULL, '2021-01-01 00:00:00', 'Asia/Kolkata', NULL, 'WFO', NULL, NULL, 'PRDADM0001', '2021-01-01 00:00:00', 'PRDADM0001', '2021-01-01 00:00:00', b'1'),
	('13965ea493-8fcc-4c68-b4b8-431a82a375bb', 'PRD000001', 'PRD000001', 'Employee', 'DP100031', NULL, 'S Anisha', NULL, 'Test@1234', '$2a$10$z/h4gKgrVrSp9C1LQhxpPec0TT/EIa1FyDMKvP/xe7NOCnG3Qiv8q', b'0', NULL, NULL, 'Male', NULL, 'Activated', NULL, NULL, '2021-01-01 00:00:00', 'Asia/Kolkata', NULL, 'WFO', NULL, NULL, 'PRDADM0001', '2021-01-01 00:00:00', 'PRDADM0001', '2021-01-01 00:00:00', b'1'),
	('13971ea493-8fcc-4c68-b4b8-431a82a375bb', 'PRD000001', 'PRD000001', 'Employee', 'DP100032', NULL, 'Muthaiya', NULL, 'Test@1234', '$2a$10$z/h4gKgrVrSp9C1LQhxpPec0TT/EIa1FyDMKvP/xe7NOCnG3Qiv8q', b'0', NULL, NULL, 'Male', NULL, 'Activated', NULL, NULL, '2021-01-01 00:00:00', 'Asia/Kolkata', NULL, 'WFO', NULL, NULL, 'PRDADM0001', '2021-01-01 00:00:00', 'PRDADM0001', '2021-01-01 00:00:00', b'1'),
	('13972ea493-8fcc-4c68-b4b8-431a82a375bb', 'PRD000001', 'PRD000001', 'Employee', 'DP100033', NULL, 'S.Pandiarajan', NULL, 'Test@1234', '$2a$10$z/h4gKgrVrSp9C1LQhxpPec0TT/EIa1FyDMKvP/xe7NOCnG3Qiv8q', b'0', NULL, NULL, 'Male', NULL, 'Activated', NULL, NULL, '2021-01-01 00:00:00', 'Asia/Kolkata', NULL, 'WFO', NULL, NULL, 'PRDADM0001', '2021-01-01 00:00:00', 'PRDADM0001', '2021-01-01 00:00:00', b'1'),
	('13985ea493-8fcc-4c68-b4b8-431a82a375bb', 'PRD000001', 'PRD000001', 'Employee', 'DP100034', NULL, 'M.Kanchana Devi', NULL, 'Test@1234', '$2a$10$z/h4gKgrVrSp9C1LQhxpPec0TT/EIa1FyDMKvP/xe7NOCnG3Qiv8q', b'0', NULL, NULL, 'Male', NULL, 'Activated', NULL, NULL, '2021-01-01 00:00:00', 'Asia/Kolkata', NULL, 'WFO', NULL, NULL, 'PRDADM0001', '2021-01-01 00:00:00', 'PRDADM0001', '2021-01-01 00:00:00', b'1'),
	('13991ea493-8fcc-4c68-b4b8-431a82a375bb', 'PRD000001', 'PRD000001', 'Employee', 'DP100035', NULL, 'R Bakkiyalakshmi', NULL, 'Test@1234', '$2a$10$z/h4gKgrVrSp9C1LQhxpPec0TT/EIa1FyDMKvP/xe7NOCnG3Qiv8q', b'0', NULL, NULL, 'Male', NULL, 'Activated', NULL, NULL, '2021-01-01 00:00:00', 'Asia/Kolkata', NULL, 'WFO', NULL, NULL, 'PRDADM0001', '2021-01-01 00:00:00', 'PRDADM0001', '2021-01-01 00:00:00', b'1'),
	('13998ea493-8fcc-4c68-b4b8-431a82a375bb', 'PRD000001', 'PRD000001', 'Employee', 'DP100036', NULL, 'Annaparameshwari', NULL, 'Test@1234', '$2a$10$z/h4gKgrVrSp9C1LQhxpPec0TT/EIa1FyDMKvP/xe7NOCnG3Qiv8q', b'0', NULL, NULL, 'Male', NULL, 'Activated', NULL, NULL, '2021-01-01 00:00:00', 'Asia/Kolkata', NULL, 'WFO', NULL, NULL, 'PRDADM0001', '2021-01-01 00:00:00', 'PRDADM0001', '2021-01-01 00:00:00', b'1'),
	('15016ea493-8fcc-4c68-b4b8-431a82a375bb', 'PRD000001', 'PRD000001', 'Employee', 'DP100037', NULL, 'B.Ramu', NULL, 'Test@1234', '$2a$10$z/h4gKgrVrSp9C1LQhxpPec0TT/EIa1FyDMKvP/xe7NOCnG3Qiv8q', b'0', NULL, NULL, 'Male', NULL, 'Activated', NULL, NULL, '2021-01-01 00:00:00', 'Asia/Kolkata', NULL, 'WFO', NULL, NULL, 'PRDADM0001', '2021-01-01 00:00:00', 'PRDADM0001', '2021-01-01 00:00:00', b'1'),
	('15044ea493-8fcc-4c68-b4b8-431a82a375bb', 'PRD000001', 'PRD000001', 'Employee', 'DP100038', NULL, 'V Rajesh', NULL, 'Test@1234', '$2a$10$z/h4gKgrVrSp9C1LQhxpPec0TT/EIa1FyDMKvP/xe7NOCnG3Qiv8q', b'0', NULL, NULL, 'Male', NULL, 'Activated', NULL, NULL, '2021-01-01 00:00:00', 'Asia/Kolkata', NULL, 'WFO', NULL, NULL, 'PRDADM0001', '2021-01-01 00:00:00', 'PRDADM0001', '2021-01-01 00:00:00', b'1'),
	('15058ea493-8fcc-4c68-b4b8-431a82a375bb', 'PRD000001', 'PRD000001', 'Employee', 'DP100039', NULL, 'Hariprasath G', NULL, 'Test@1234', '$2a$10$z/h4gKgrVrSp9C1LQhxpPec0TT/EIa1FyDMKvP/xe7NOCnG3Qiv8q', b'0', NULL, NULL, 'Male', NULL, 'Activated', NULL, NULL, '2021-01-01 00:00:00', 'Asia/Kolkata', NULL, 'WFO', NULL, NULL, 'PRDADM0001', '2021-01-01 00:00:00', 'PRDADM0001', '2021-01-01 00:00:00', b'1'),
	('15069ea493-8fcc-4c68-b4b8-431a82a375bb', 'PRD000001', 'PRD000001', 'Employee', 'DP100040', NULL, 'Sharathkumar', NULL, 'Test@1234', '$2a$10$z/h4gKgrVrSp9C1LQhxpPec0TT/EIa1FyDMKvP/xe7NOCnG3Qiv8q', b'0', NULL, NULL, 'Male', NULL, 'Activated', NULL, NULL, '2021-01-01 00:00:00', 'Asia/Kolkata', NULL, 'WFO', NULL, NULL, 'PRDADM0001', '2021-01-01 00:00:00', 'PRDADM0001', '2021-01-01 00:00:00', b'1'),
	('15082ea493-8fcc-4c68-b4b8-431a82a375bb', 'PRD000001', 'PRD000001', 'Employee', 'DP100041', NULL, 'N Arun Kumar', NULL, 'Test@1234', '$2a$10$z/h4gKgrVrSp9C1LQhxpPec0TT/EIa1FyDMKvP/xe7NOCnG3Qiv8q', b'0', NULL, NULL, 'Male', NULL, 'Activated', NULL, NULL, '2021-01-01 00:00:00', 'Asia/Kolkata', NULL, 'WFO', NULL, NULL, 'PRDADM0001', '2021-01-01 00:00:00', 'PRDADM0001', '2021-01-01 00:00:00', b'1'),
	('15086ea493-8fcc-4c68-b4b8-431a82a375bb', 'PRD000001', 'PRD000001', 'Employee', 'DP100042', NULL, 'Sabarinathan', NULL, 'Test@1234', '$2a$10$z/h4gKgrVrSp9C1LQhxpPec0TT/EIa1FyDMKvP/xe7NOCnG3Qiv8q', b'0', NULL, NULL, 'Male', NULL, 'Activated', NULL, NULL, '2021-01-01 00:00:00', 'Asia/Kolkata', NULL, 'WFO', NULL, NULL, 'PRDADM0001', '2021-01-01 00:00:00', 'PRDADM0001', '2021-01-01 00:00:00', b'1'),
	('15093ea493-8fcc-4c68-b4b8-431a82a375bb', 'PRD000001', 'PRD000001', 'Employee', 'DP100043', NULL, 'R Saravanan', NULL, 'Test@1234', '$2a$10$z/h4gKgrVrSp9C1LQhxpPec0TT/EIa1FyDMKvP/xe7NOCnG3Qiv8q', b'0', NULL, NULL, 'Male', NULL, 'Activated', NULL, NULL, '2021-01-01 00:00:00', 'Asia/Kolkata', NULL, 'WFO', NULL, NULL, 'PRDADM0001', '2021-01-01 00:00:00', 'PRDADM0001', '2021-01-01 00:00:00', b'1'),
	('15138ea493-8fcc-4c68-b4b8-431a82a375bb', 'PRD000001', 'PRD000001', 'Employee', 'DP100044', NULL, 'T. Manikandan', NULL, 'Test@1234', '$2a$10$z/h4gKgrVrSp9C1LQhxpPec0TT/EIa1FyDMKvP/xe7NOCnG3Qiv8q', b'0', NULL, NULL, 'Male', NULL, 'Activated', NULL, NULL, '2021-01-01 00:00:00', 'Asia/Kolkata', NULL, 'WFO', NULL, NULL, 'PRDADM0001', '2021-01-01 00:00:00', 'PRDADM0001', '2021-01-01 00:00:00', b'1'),
	('15174ea493-8fcc-4c68-b4b8-431a82a375bb', 'PRD000001', 'PRD000001', 'Employee', 'DP100045', NULL, 'K. Sivadoss', NULL, 'Test@1234', '$2a$10$z/h4gKgrVrSp9C1LQhxpPec0TT/EIa1FyDMKvP/xe7NOCnG3Qiv8q', b'0', NULL, NULL, 'Male', NULL, 'Activated', NULL, NULL, '2021-01-01 00:00:00', 'Asia/Kolkata', NULL, 'WFO', NULL, NULL, 'PRDADM0001', '2021-01-01 00:00:00', 'PRDADM0001', '2021-01-01 00:00:00', b'1'),
	('15235ea493-8fcc-4c68-b4b8-431a82a375bb', 'PRD000001', 'PRD000001', 'Employee', 'DP100046', NULL, 'RK', NULL, 'Test@1234', '$2a$10$z/h4gKgrVrSp9C1LQhxpPec0TT/EIa1FyDMKvP/xe7NOCnG3Qiv8q', b'0', NULL, NULL, 'Male', NULL, 'Activated', NULL, NULL, '2021-01-01 00:00:00', 'Asia/Kolkata', NULL, 'WFO', NULL, NULL, 'PRDADM0001', '2021-01-01 00:00:00', 'PRDADM0001', '2021-01-01 00:00:00', b'1'),
	('15236ea493-8fcc-4c68-b4b8-431a82a375bb', 'PRD000001', 'PRD000001', 'Employee', 'DP100047', NULL, 'Narayanan K.R', NULL, 'Test@1234', '$2a$10$z/h4gKgrVrSp9C1LQhxpPec0TT/EIa1FyDMKvP/xe7NOCnG3Qiv8q', b'0', NULL, NULL, 'Male', NULL, 'Activated', NULL, NULL, '2021-01-01 00:00:00', 'Asia/Kolkata', NULL, 'WFO', NULL, NULL, 'PRDADM0001', '2021-01-01 00:00:00', 'PRDADM0001', '2021-01-01 00:00:00', b'1'),
	('15248ea493-8fcc-4c68-b4b8-431a82a375bb', 'PRD000001', 'PRD000001', 'Employee', 'DP100048', NULL, 'D.Robinson', NULL, 'Test@1234', '$2a$10$z/h4gKgrVrSp9C1LQhxpPec0TT/EIa1FyDMKvP/xe7NOCnG3Qiv8q', b'0', NULL, NULL, 'Male', NULL, 'Activated', NULL, NULL, '2021-01-01 00:00:00', 'Asia/Kolkata', NULL, 'WFO', NULL, NULL, 'PRDADM0001', '2021-01-01 00:00:00', 'PRDADM0001', '2021-01-01 00:00:00', b'1'),
	('15249ea493-8fcc-4c68-b4b8-431a82a375bb', 'PRD000001', 'PRD000001', 'Employee', 'DP100049', NULL, 'Nagavignesh P', NULL, 'Test@1234', '$2a$10$z/h4gKgrVrSp9C1LQhxpPec0TT/EIa1FyDMKvP/xe7NOCnG3Qiv8q', b'0', NULL, NULL, 'Male', NULL, 'Activated', NULL, NULL, '2021-01-01 00:00:00', 'Asia/Kolkata', NULL, 'WFO', NULL, NULL, 'PRDADM0001', '2021-01-01 00:00:00', 'PRDADM0001', '2021-01-01 00:00:00', b'1'),
	('15252ea493-8fcc-4c68-b4b8-431a82a375bb', 'PRD000001', 'PRD000001', 'Employee', 'DP100050', NULL, 'Reginald NS Maximus', NULL, 'Test@1234', '$2a$10$z/h4gKgrVrSp9C1LQhxpPec0TT/EIa1FyDMKvP/xe7NOCnG3Qiv8q', b'0', NULL, NULL, 'Male', NULL, 'Activated', NULL, NULL, '2021-01-01 00:00:00', 'Asia/Kolkata', NULL, 'WFO', NULL, NULL, 'PRDADM0001', '2021-01-01 00:00:00', 'PRDADM0001', '2021-01-01 00:00:00', b'1'),
	('15253ea493-8fcc-4c68-b4b8-431a82a375bb', 'PRD000001', 'PRD000001', 'Employee', 'DP100051', NULL, 'J Vinod Sagayaraj', NULL, 'Test@1234', '$2a$10$z/h4gKgrVrSp9C1LQhxpPec0TT/EIa1FyDMKvP/xe7NOCnG3Qiv8q', b'0', NULL, NULL, 'Male', NULL, 'Activated', NULL, NULL, '2021-01-01 00:00:00', 'Asia/Kolkata', NULL, 'WFO', NULL, NULL, 'PRDADM0001', '2021-01-01 00:00:00', 'PRDADM0001', '2021-01-01 00:00:00', b'1'),
	('15254ea493-8fcc-4c68-b4b8-431a82a375bb', 'PRD000001', 'PRD000001', 'Employee', 'DP100052', NULL, 'S Gokulram ', NULL, 'Test@1234', '$2a$10$z/h4gKgrVrSp9C1LQhxpPec0TT/EIa1FyDMKvP/xe7NOCnG3Qiv8q', b'0', NULL, NULL, 'Male', NULL, 'Activated', NULL, NULL, '2021-01-01 00:00:00', 'Asia/Kolkata', NULL, 'WFO', NULL, NULL, 'PRDADM0001', '2021-01-01 00:00:00', 'PRDADM0001', '2021-01-01 00:00:00', b'1'),
	('15257ea493-8fcc-4c68-b4b8-431a82a375bb', 'PRD000001', 'PRD000001', 'Employee', 'DP100053', NULL, 'R.Gokul', NULL, 'Test@1234', '$2a$10$z/h4gKgrVrSp9C1LQhxpPec0TT/EIa1FyDMKvP/xe7NOCnG3Qiv8q', b'0', NULL, NULL, 'Male', NULL, 'Activated', NULL, NULL, '2021-01-01 00:00:00', 'Asia/Kolkata', NULL, 'WFO', NULL, NULL, 'PRDADM0001', '2021-01-01 00:00:00', 'PRDADM0001', '2021-01-01 00:00:00', b'1'),
	('15267ea493-8fcc-4c68-b4b8-431a82a375bb', 'PRD000001', 'PRD000001', 'Employee', 'DP100054', NULL, 'R Rajapandi', NULL, 'Test@1234', '$2a$10$z/h4gKgrVrSp9C1LQhxpPec0TT/EIa1FyDMKvP/xe7NOCnG3Qiv8q', b'0', NULL, NULL, 'Male', NULL, 'Activated', NULL, NULL, '2021-01-01 00:00:00', 'Asia/Kolkata', NULL, 'WFO', NULL, NULL, 'PRDADM0001', '2021-01-01 00:00:00', 'PRDADM0001', '2021-01-01 00:00:00', b'1'),
	('15274ea493-8fcc-4c68-b4b8-431a82a375bb', 'PRD000001', 'PRD000001', 'Employee', 'DP100055', NULL, 'Jesudoss Gowthaman', NULL, 'Test@1234', '$2a$10$z/h4gKgrVrSp9C1LQhxpPec0TT/EIa1FyDMKvP/xe7NOCnG3Qiv8q', b'0', NULL, NULL, 'Male', NULL, 'Activated', NULL, NULL, '2021-01-01 00:00:00', 'Asia/Kolkata', NULL, 'WFO', NULL, NULL, 'PRDADM0001', '2021-01-01 00:00:00', 'PRDADM0001', '2021-01-01 00:00:00', b'1'),
	('15275ea493-8fcc-4c68-b4b8-431a82a375bb', 'PRD000001', 'PRD000001', 'Employee', 'DP100056', NULL, 'K Jayapandiyan', NULL, 'Test@1234', '$2a$10$z/h4gKgrVrSp9C1LQhxpPec0TT/EIa1FyDMKvP/xe7NOCnG3Qiv8q', b'0', NULL, NULL, 'Male', NULL, 'Activated', NULL, NULL, '2021-01-01 00:00:00', 'Asia/Kolkata', NULL, 'WFO', NULL, NULL, 'PRDADM0001', '2021-01-01 00:00:00', 'PRDADM0001', '2021-01-01 00:00:00', b'1'),
	('15276ea493-8fcc-4c68-b4b8-431a82a375bb', 'PRD000001', 'PRD000001', 'Employee', 'DP100057', NULL, 'M Elangovan', NULL, 'Test@1234', '$2a$10$z/h4gKgrVrSp9C1LQhxpPec0TT/EIa1FyDMKvP/xe7NOCnG3Qiv8q', b'0', NULL, NULL, 'Male', NULL, 'Activated', NULL, NULL, '2021-01-01 00:00:00', 'Asia/Kolkata', NULL, 'WFO', NULL, NULL, 'PRDADM0001', '2021-01-01 00:00:00', 'PRDADM0001', '2021-01-01 00:00:00', b'1'),
	('15281ea493-8fcc-4c68-b4b8-431a82a375bb', 'PRD000001', 'PRD000001', 'Employee', 'DP100058', NULL, 'A Kannan', NULL, 'Test@1234', '$2a$10$z/h4gKgrVrSp9C1LQhxpPec0TT/EIa1FyDMKvP/xe7NOCnG3Qiv8q', b'0', NULL, NULL, 'Male', NULL, 'Activated', NULL, NULL, '2021-01-01 00:00:00', 'Asia/Kolkata', NULL, 'WFO', NULL, NULL, 'PRDADM0001', '2021-01-01 00:00:00', 'PRDADM0001', '2021-01-01 00:00:00', b'1'),
	('15282ea493-8fcc-4c68-b4b8-431a82a375bb', 'PRD000001', 'PRD000001', 'Employee', 'DP100059', NULL, 'K Munirathnam', NULL, 'Test@1234', '$2a$10$z/h4gKgrVrSp9C1LQhxpPec0TT/EIa1FyDMKvP/xe7NOCnG3Qiv8q', b'0', NULL, NULL, 'Male', NULL, 'Activated', NULL, NULL, '2021-01-01 00:00:00', 'Asia/Kolkata', NULL, 'WFO', NULL, NULL, 'PRDADM0001', '2021-01-01 00:00:00', 'PRDADM0001', '2021-01-01 00:00:00', b'1'),
	('15285ea493-8fcc-4c68-b4b8-431a82a375bb', 'PRD000001', 'PRD000001', 'Employee', 'DP100060', NULL, 'W.Ashwin', NULL, 'Test@1234', '$2a$10$z/h4gKgrVrSp9C1LQhxpPec0TT/EIa1FyDMKvP/xe7NOCnG3Qiv8q', b'0', NULL, NULL, 'Male', NULL, 'Activated', NULL, NULL, '2021-01-01 00:00:00', 'Asia/Kolkata', NULL, 'WFO', NULL, NULL, 'PRDADM0001', '2021-01-01 00:00:00', 'PRDADM0001', '2021-01-01 00:00:00', b'1'),
	('15286ea493-8fcc-4c68-b4b8-431a82a375bb', 'PRD000001', 'PRD000001', 'Employee', 'DP100061', NULL, 'K.Manickaraj', NULL, 'Test@1234', '$2a$10$z/h4gKgrVrSp9C1LQhxpPec0TT/EIa1FyDMKvP/xe7NOCnG3Qiv8q', b'0', NULL, NULL, 'Male', NULL, 'Activated', NULL, NULL, '2021-01-01 00:00:00', 'Asia/Kolkata', NULL, 'WFO', NULL, NULL, 'PRDADM0001', '2021-01-01 00:00:00', 'PRDADM0001', '2021-01-01 00:00:00', b'1'),
	('15301ea493-8fcc-4c68-b4b8-431a82a375bb', 'PRD000001', 'PRD000001', 'Employee', 'DP100062', NULL, 'R Ashok Kumar', NULL, 'Test@1234', '$2a$10$z/h4gKgrVrSp9C1LQhxpPec0TT/EIa1FyDMKvP/xe7NOCnG3Qiv8q', b'0', NULL, NULL, 'Male', NULL, 'Activated', NULL, NULL, '2021-01-01 00:00:00', 'Asia/Kolkata', NULL, 'WFO', NULL, NULL, 'PRDADM0001', '2021-01-01 00:00:00', 'PRDADM0001', '2021-01-01 00:00:00', b'1'),
	('15302ea493-8fcc-4c68-b4b8-431a82a375bb', 'PRD000001', 'PRD000001', 'Employee', 'DP100063', NULL, 'J M Manikandan', NULL, 'Test@1234', '$2a$10$z/h4gKgrVrSp9C1LQhxpPec0TT/EIa1FyDMKvP/xe7NOCnG3Qiv8q', b'0', NULL, NULL, 'Male', NULL, 'Activated', NULL, NULL, '2021-01-01 00:00:00', 'Asia/Kolkata', NULL, 'WFO', NULL, NULL, 'PRDADM0001', '2021-01-01 00:00:00', 'PRDADM0001', '2021-01-01 00:00:00', b'1'),
	('15304ea493-8fcc-4c68-b4b8-431a82a375bb', 'PRD000001', 'PRD000001', 'Employee', 'DP100064', NULL, 'M. Deepanraj', NULL, 'Test@1234', '$2a$10$z/h4gKgrVrSp9C1LQhxpPec0TT/EIa1FyDMKvP/xe7NOCnG3Qiv8q', b'0', NULL, NULL, 'Male', NULL, 'Activated', NULL, NULL, '2021-01-01 00:00:00', 'Asia/Kolkata', NULL, 'WFO', NULL, NULL, 'PRDADM0001', '2021-01-01 00:00:00', 'PRDADM0001', '2021-01-01 00:00:00', b'1'),
	('15305ea493-8fcc-4c68-b4b8-431a82a375bb', 'PRD000001', 'PRD000001', 'Employee', 'DP100065', NULL, 'M.S.Balasubramanian', NULL, 'Test@1234', '$2a$10$z/h4gKgrVrSp9C1LQhxpPec0TT/EIa1FyDMKvP/xe7NOCnG3Qiv8q', b'0', NULL, NULL, 'Male', NULL, 'Activated', NULL, NULL, '2021-01-01 00:00:00', 'Asia/Kolkata', NULL, 'WFO', NULL, NULL, 'PRDADM0001', '2021-01-01 00:00:00', 'PRDADM0001', '2021-01-01 00:00:00', b'1'),
	('15306ea493-8fcc-4c68-b4b8-431a82a375bb', 'PRD000001', 'PRD000001', 'Employee', 'DP100066', NULL, 'A.Ashok Kumar', NULL, 'Test@1234', '$2a$10$z/h4gKgrVrSp9C1LQhxpPec0TT/EIa1FyDMKvP/xe7NOCnG3Qiv8q', b'0', NULL, NULL, 'Male', NULL, 'Activated', NULL, NULL, '2021-01-01 00:00:00', 'Asia/Kolkata', NULL, 'WFO', NULL, NULL, 'PRDADM0001', '2021-01-01 00:00:00', 'PRDADM0001', '2021-01-01 00:00:00', b'1'),
	('15307ea493-8fcc-4c68-b4b8-431a82a375bb', 'PRD000001', 'PRD000001', 'Employee', 'DP100067', NULL, 'Karuppasamy P', NULL, 'Test@1234', '$2a$10$z/h4gKgrVrSp9C1LQhxpPec0TT/EIa1FyDMKvP/xe7NOCnG3Qiv8q', b'0', NULL, NULL, 'Male', NULL, 'Activated', NULL, NULL, '2021-01-01 00:00:00', 'Asia/Kolkata', NULL, 'WFO', NULL, NULL, 'PRDADM0001', '2021-01-01 00:00:00', 'PRDADM0001', '2021-01-01 00:00:00', b'1'),
	('15311ea493-8fcc-4c68-b4b8-431a82a375bb', 'PRD000001', 'PRD000001', 'Employee', 'DP100068', NULL, 'Baskaran. S', NULL, 'Test@1234', '$2a$10$z/h4gKgrVrSp9C1LQhxpPec0TT/EIa1FyDMKvP/xe7NOCnG3Qiv8q', b'0', NULL, NULL, 'Male', NULL, 'Activated', NULL, NULL, '2021-01-01 00:00:00', 'Asia/Kolkata', NULL, 'WFO', NULL, NULL, 'PRDADM0001', '2021-01-01 00:00:00', 'PRDADM0001', '2021-01-01 00:00:00', b'1'),
	('15316ea493-8fcc-4c68-b4b8-431a82a375bb', 'PRD000001', 'PRD000001', 'Employee', 'DP100069', NULL, 'V.Prakash', NULL, 'Test@1234', '$2a$10$z/h4gKgrVrSp9C1LQhxpPec0TT/EIa1FyDMKvP/xe7NOCnG3Qiv8q', b'0', NULL, NULL, 'Male', NULL, 'Activated', NULL, NULL, '2021-01-01 00:00:00', 'Asia/Kolkata', NULL, 'WFO', NULL, NULL, 'PRDADM0001', '2021-01-01 00:00:00', 'PRDADM0001', '2021-01-01 00:00:00', b'1'),
	('15319ea493-8fcc-4c68-b4b8-431a82a375bb', 'PRD000001', 'PRD000001', 'Employee', 'DP100070', NULL, 'R Nathamani', NULL, 'Test@1234', '$2a$10$z/h4gKgrVrSp9C1LQhxpPec0TT/EIa1FyDMKvP/xe7NOCnG3Qiv8q', b'0', NULL, NULL, 'Male', NULL, 'Activated', NULL, NULL, '2021-01-01 00:00:00', 'Asia/Kolkata', NULL, 'WFO', NULL, NULL, 'PRDADM0001', '2021-01-01 00:00:00', 'PRDADM0001', '2021-01-01 00:00:00', b'1'),
	('15321ea493-8fcc-4c68-b4b8-431a82a375bb', 'PRD000001', 'PRD000001', 'Employee', 'DP100071', NULL, 'R Jairamchandran', NULL, 'Test@1234', '$2a$10$z/h4gKgrVrSp9C1LQhxpPec0TT/EIa1FyDMKvP/xe7NOCnG3Qiv8q', b'0', NULL, NULL, 'Male', NULL, 'Activated', NULL, NULL, '2021-01-01 00:00:00', 'Asia/Kolkata', NULL, 'WFO', NULL, NULL, 'PRDADM0001', '2021-01-01 00:00:00', 'PRDADM0001', '2021-01-01 00:00:00', b'1'),
	('15322ea493-8fcc-4c68-b4b8-431a82a375bb', 'PRD000001', 'PRD000001', 'Employee', 'DP100072', NULL, 'P Senthilarasan', NULL, 'Test@1234', '$2a$10$z/h4gKgrVrSp9C1LQhxpPec0TT/EIa1FyDMKvP/xe7NOCnG3Qiv8q', b'0', NULL, NULL, 'Male', NULL, 'Activated', NULL, NULL, '2021-01-01 00:00:00', 'Asia/Kolkata', NULL, 'WFO', NULL, NULL, 'PRDADM0001', '2021-01-01 00:00:00', 'PRDADM0001', '2021-01-01 00:00:00', b'1'),
	('15327ea493-8fcc-4c68-b4b8-431a82a375bb', 'PRD000001', 'PRD000001', 'Employee', 'DP100073', NULL, 'D Kirubhakaran', NULL, 'Test@1234', '$2a$10$z/h4gKgrVrSp9C1LQhxpPec0TT/EIa1FyDMKvP/xe7NOCnG3Qiv8q', b'0', NULL, NULL, 'Male', NULL, 'Activated', NULL, NULL, '2021-01-01 00:00:00', 'Asia/Kolkata', NULL, 'WFO', NULL, NULL, 'PRDADM0001', '2021-01-01 00:00:00', 'PRDADM0001', '2021-01-01 00:00:00', b'1'),
	('15328ea493-8fcc-4c68-b4b8-431a82a375bb', 'PRD000001', 'PRD000001', 'Employee', 'DP100074', NULL, 'B Hemanth Kumar', NULL, 'Test@1234', '$2a$10$z/h4gKgrVrSp9C1LQhxpPec0TT/EIa1FyDMKvP/xe7NOCnG3Qiv8q', b'0', NULL, NULL, 'Male', NULL, 'Activated', NULL, NULL, '2021-01-01 00:00:00', 'Asia/Kolkata', NULL, 'WFO', NULL, NULL, 'PRDADM0001', '2021-01-01 00:00:00', 'PRDADM0001', '2021-01-01 00:00:00', b'1'),
	('15330ea493-8fcc-4c68-b4b8-431a82a375bb', 'PRD000001', 'PRD000001', 'Employee', 'DP100075', NULL, 'R.Aravindan', NULL, 'Test@1234', '$2a$10$z/h4gKgrVrSp9C1LQhxpPec0TT/EIa1FyDMKvP/xe7NOCnG3Qiv8q', b'0', NULL, NULL, 'Male', NULL, 'Activated', NULL, NULL, '2021-01-01 00:00:00', 'Asia/Kolkata', NULL, 'WFO', NULL, NULL, 'PRDADM0001', '2021-01-01 00:00:00', 'PRDADM0001', '2021-01-01 00:00:00', b'1'),
	('15331ea493-8fcc-4c68-b4b8-431a82a375bb', 'PRD000001', 'PRD000001', 'Employee', 'DP100076', NULL, 'K Manikandan', NULL, 'Test@1234', '$2a$10$z/h4gKgrVrSp9C1LQhxpPec0TT/EIa1FyDMKvP/xe7NOCnG3Qiv8q', b'0', NULL, NULL, 'Male', NULL, 'Activated', NULL, NULL, '2021-01-01 00:00:00', 'Asia/Kolkata', NULL, 'WFO', NULL, NULL, 'PRDADM0001', '2021-01-01 00:00:00', 'PRDADM0001', '2021-01-01 00:00:00', b'1'),
	('15332ea493-8fcc-4c68-b4b8-431a82a375bb', 'PRD000001', 'PRD000001', 'Employee', 'DP100077', NULL, 'R.Nagaraj', NULL, 'Test@1234', '$2a$10$z/h4gKgrVrSp9C1LQhxpPec0TT/EIa1FyDMKvP/xe7NOCnG3Qiv8q', b'0', NULL, NULL, 'Male', NULL, 'Activated', NULL, NULL, '2021-01-01 00:00:00', 'Asia/Kolkata', NULL, 'WFO', NULL, NULL, 'PRDADM0001', '2021-01-01 00:00:00', 'PRDADM0001', '2021-01-01 00:00:00', b'1'),
	('15333ea493-8fcc-4c68-b4b8-431a82a375bb', 'PRD000001', 'PRD000001', 'Employee', 'DP100078', NULL, 'V.Pratheepkumar', NULL, 'Test@1234', '$2a$10$z/h4gKgrVrSp9C1LQhxpPec0TT/EIa1FyDMKvP/xe7NOCnG3Qiv8q', b'0', NULL, NULL, 'Male', NULL, 'Activated', NULL, NULL, '2021-01-01 00:00:00', 'Asia/Kolkata', NULL, 'WFO', NULL, NULL, 'PRDADM0001', '2021-01-01 00:00:00', 'PRDADM0001', '2021-01-01 00:00:00', b'1'),
	('15336ea493-8fcc-4c68-b4b8-431a82a375bb', 'PRD000001', 'PRD000001', 'Employee', 'DP100079', NULL, 'K Mohan', NULL, 'Test@1234', '$2a$10$z/h4gKgrVrSp9C1LQhxpPec0TT/EIa1FyDMKvP/xe7NOCnG3Qiv8q', b'0', NULL, NULL, 'Male', NULL, 'Activated', NULL, NULL, '2021-01-01 00:00:00', 'Asia/Kolkata', NULL, 'WFO', NULL, NULL, 'PRDADM0001', '2021-01-01 00:00:00', 'PRDADM0001', '2021-01-01 00:00:00', b'1'),
	('15340ea493-8fcc-4c68-b4b8-431a82a375bb', 'PRD000001', 'PRD000001', 'Employee', 'DP100080', NULL, 'B. Prem Kumar', NULL, 'Test@1234', '$2a$10$z/h4gKgrVrSp9C1LQhxpPec0TT/EIa1FyDMKvP/xe7NOCnG3Qiv8q', b'0', NULL, NULL, 'Male', NULL, 'Activated', NULL, NULL, '2021-01-01 00:00:00', 'Asia/Kolkata', NULL, 'WFO', NULL, NULL, 'PRDADM0001', '2021-01-01 00:00:00', 'PRDADM0001', '2021-01-01 00:00:00', b'1'),
	('15341ea493-8fcc-4c68-b4b8-431a82a375bb', 'PRD000001', 'PRD000001', 'Employee', 'DP100081', NULL, 'N Manoj Kumar', NULL, 'Test@1234', '$2a$10$z/h4gKgrVrSp9C1LQhxpPec0TT/EIa1FyDMKvP/xe7NOCnG3Qiv8q', b'0', NULL, NULL, 'Male', NULL, 'Activated', NULL, NULL, '2021-01-01 00:00:00', 'Asia/Kolkata', NULL, 'WFO', NULL, NULL, 'PRDADM0001', '2021-01-01 00:00:00', 'PRDADM0001', '2021-01-01 00:00:00', b'1'),
	('15342ea493-8fcc-4c68-b4b8-431a82a375bb', 'PRD000001', 'PRD000001', 'Employee', 'DP100082', NULL, 'J Kamalakannan', NULL, 'Test@1234', '$2a$10$z/h4gKgrVrSp9C1LQhxpPec0TT/EIa1FyDMKvP/xe7NOCnG3Qiv8q', b'0', NULL, NULL, 'Male', NULL, 'Activated', NULL, NULL, '2021-01-01 00:00:00', 'Asia/Kolkata', NULL, 'WFO', NULL, NULL, 'PRDADM0001', '2021-01-01 00:00:00', 'PRDADM0001', '2021-01-01 00:00:00', b'1'),
	('15348ea493-8fcc-4c68-b4b8-431a82a375bb', 'PRD000001', 'PRD000001', 'Employee', 'DP100083', NULL, 'D Dhayanithi', NULL, 'Test@1234', '$2a$10$z/h4gKgrVrSp9C1LQhxpPec0TT/EIa1FyDMKvP/xe7NOCnG3Qiv8q', b'0', NULL, NULL, 'Male', NULL, 'Activated', NULL, NULL, '2021-01-01 00:00:00', 'Asia/Kolkata', NULL, 'WFO', NULL, NULL, 'PRDADM0001', '2021-01-01 00:00:00', 'PRDADM0001', '2021-01-01 00:00:00', b'1'),
	('15351ea493-8fcc-4c68-b4b8-431a82a375bb', 'PRD000001', 'PRD000001', 'Employee', 'DP100084', NULL, 'Somasundaram', NULL, 'Test@1234', '$2a$10$z/h4gKgrVrSp9C1LQhxpPec0TT/EIa1FyDMKvP/xe7NOCnG3Qiv8q', b'0', NULL, NULL, 'Male', NULL, 'Activated', NULL, NULL, '2021-01-01 00:00:00', 'Asia/Kolkata', NULL, 'WFO', NULL, NULL, 'PRDADM0001', '2021-01-01 00:00:00', 'PRDADM0001', '2021-01-01 00:00:00', b'1'),
	('15354ea493-8fcc-4c68-b4b8-431a82a375bb', 'PRD000001', 'PRD000001', 'Employee', 'DP100085', NULL, 'M.P.MANOJKUMAR', NULL, 'Test@1234', '$2a$10$z/h4gKgrVrSp9C1LQhxpPec0TT/EIa1FyDMKvP/xe7NOCnG3Qiv8q', b'0', NULL, NULL, 'Male', NULL, 'Activated', NULL, NULL, '2021-01-01 00:00:00', 'Asia/Kolkata', NULL, 'WFO', NULL, NULL, 'PRDADM0001', '2021-01-01 00:00:00', 'PRDADM0001', '2021-01-01 00:00:00', b'1'),
	('15355ea493-8fcc-4c68-b4b8-431a82a375bb', 'PRD000001', 'PRD000001', 'Employee', 'DP100086', NULL, 'R Kalaimani', NULL, 'Test@1234', '$2a$10$z/h4gKgrVrSp9C1LQhxpPec0TT/EIa1FyDMKvP/xe7NOCnG3Qiv8q', b'0', NULL, NULL, 'Male', NULL, 'Activated', NULL, NULL, '2021-01-01 00:00:00', 'Asia/Kolkata', NULL, 'WFO', NULL, NULL, 'PRDADM0001', '2021-01-01 00:00:00', 'PRDADM0001', '2021-01-01 00:00:00', b'1'),
	('15364ea493-8fcc-4c68-b4b8-431a82a375bb', 'PRD000001', 'PRD000001', 'Employee', 'DP100087', NULL, 'T.Suhasan', NULL, 'Test@1234', '$2a$10$z/h4gKgrVrSp9C1LQhxpPec0TT/EIa1FyDMKvP/xe7NOCnG3Qiv8q', b'0', NULL, NULL, 'Male', NULL, 'Activated', NULL, NULL, '2021-01-01 00:00:00', 'Asia/Kolkata', NULL, 'WFO', NULL, NULL, 'PRDADM0001', '2021-01-01 00:00:00', 'PRDADM0001', '2021-01-01 00:00:00', b'1'),
	('15366ea493-8fcc-4c68-b4b8-431a82a375bb', 'PRD000001', 'PRD000001', 'Employee', 'DP100088', NULL, 'A Mageswari', NULL, 'Test@1234', '$2a$10$z/h4gKgrVrSp9C1LQhxpPec0TT/EIa1FyDMKvP/xe7NOCnG3Qiv8q', b'0', NULL, NULL, 'Male', NULL, 'Activated', NULL, NULL, '2021-01-01 00:00:00', 'Asia/Kolkata', NULL, 'WFO', NULL, NULL, 'PRDADM0001', '2021-01-01 00:00:00', 'PRDADM0001', '2021-01-01 00:00:00', b'1'),
	('15368ea493-8fcc-4c68-b4b8-431a82a375bb', 'PRD000001', 'PRD000001', 'Employee', 'DP100089', NULL, 'D.Jaya', NULL, 'Test@1234', '$2a$10$z/h4gKgrVrSp9C1LQhxpPec0TT/EIa1FyDMKvP/xe7NOCnG3Qiv8q', b'0', NULL, NULL, 'Male', NULL, 'Activated', NULL, NULL, '2021-01-01 00:00:00', 'Asia/Kolkata', NULL, 'WFO', NULL, NULL, 'PRDADM0001', '2021-01-01 00:00:00', 'PRDADM0001', '2021-01-01 00:00:00', b'1'),
	('15369ea493-8fcc-4c68-b4b8-431a82a375bb', 'PRD000001', 'PRD000001', 'Employee', 'DP100090', NULL, 'J Kavitha', NULL, 'Test@1234', '$2a$10$z/h4gKgrVrSp9C1LQhxpPec0TT/EIa1FyDMKvP/xe7NOCnG3Qiv8q', b'0', NULL, NULL, 'Male', NULL, 'Activated', NULL, NULL, '2021-01-01 00:00:00', 'Asia/Kolkata', NULL, 'WFO', NULL, NULL, 'PRDADM0001', '2021-01-01 00:00:00', 'PRDADM0001', '2021-01-01 00:00:00', b'1'),
	('15373ea493-8fcc-4c68-b4b8-431a82a375bb', 'PRD000001', 'PRD000001', 'Employee', 'DP100091', NULL, 'Mahalakshmi', NULL, 'Test@1234', '$2a$10$z/h4gKgrVrSp9C1LQhxpPec0TT/EIa1FyDMKvP/xe7NOCnG3Qiv8q', b'0', NULL, NULL, 'Male', NULL, 'Activated', NULL, NULL, '2021-01-01 00:00:00', 'Asia/Kolkata', NULL, 'WFO', NULL, NULL, 'PRDADM0001', '2021-01-01 00:00:00', 'PRDADM0001', '2021-01-01 00:00:00', b'1'),
	('15375ea493-8fcc-4c68-b4b8-431a82a375bb', 'PRD000001', 'PRD000001', 'Employee', 'DP100092', NULL, 'R Santhiya', NULL, 'Test@1234', '$2a$10$z/h4gKgrVrSp9C1LQhxpPec0TT/EIa1FyDMKvP/xe7NOCnG3Qiv8q', b'0', NULL, NULL, 'Male', NULL, 'Activated', NULL, NULL, '2021-01-01 00:00:00', 'Asia/Kolkata', NULL, 'WFO', NULL, NULL, 'PRDADM0001', '2021-01-01 00:00:00', 'PRDADM0001', '2021-01-01 00:00:00', b'1'),
	('15376ea493-8fcc-4c68-b4b8-431a82a375bb', 'PRD000001', 'PRD000001', 'Employee', 'DP100093', NULL, 'Udhaya Kumar .S', NULL, 'Test@1234', '$2a$10$z/h4gKgrVrSp9C1LQhxpPec0TT/EIa1FyDMKvP/xe7NOCnG3Qiv8q', b'0', NULL, NULL, 'Male', NULL, 'Activated', NULL, NULL, '2021-01-01 00:00:00', 'Asia/Kolkata', NULL, 'WFO', NULL, NULL, 'PRDADM0001', '2021-01-01 00:00:00', 'PRDADM0001', '2021-01-01 00:00:00', b'1'),
	('15379ea493-8fcc-4c68-b4b8-431a82a375bb', 'PRD000001', 'PRD000001', 'Employee', 'DP100094', NULL, 'V Saimanoj Kumar', NULL, 'Test@1234', '$2a$10$z/h4gKgrVrSp9C1LQhxpPec0TT/EIa1FyDMKvP/xe7NOCnG3Qiv8q', b'0', NULL, NULL, 'Male', NULL, 'Activated', NULL, NULL, '2021-01-01 00:00:00', 'Asia/Kolkata', NULL, 'WFO', NULL, NULL, 'PRDADM0001', '2021-01-01 00:00:00', 'PRDADM0001', '2021-01-01 00:00:00', b'1'),
	('15380ea493-8fcc-4c68-b4b8-431a82a375bb', 'PRD000001', 'PRD000001', 'Employee', 'DP100095', NULL, 'V Vasantharaja', NULL, 'Test@1234', '$2a$10$z/h4gKgrVrSp9C1LQhxpPec0TT/EIa1FyDMKvP/xe7NOCnG3Qiv8q', b'0', NULL, NULL, 'Male', NULL, 'Activated', NULL, NULL, '2021-01-01 00:00:00', 'Asia/Kolkata', NULL, 'WFO', NULL, NULL, 'PRDADM0001', '2021-01-01 00:00:00', 'PRDADM0001', '2021-01-01 00:00:00', b'1'),
	('15387ea493-8fcc-4c68-b4b8-431a82a375bb', 'PRD000001', 'PRD000001', 'Employee', 'DP100096', NULL, 'S Showmiya', NULL, 'Test@1234', '$2a$10$z/h4gKgrVrSp9C1LQhxpPec0TT/EIa1FyDMKvP/xe7NOCnG3Qiv8q', b'0', NULL, NULL, 'Male', NULL, 'Activated', NULL, NULL, '2021-01-01 00:00:00', 'Asia/Kolkata', NULL, 'WFO', NULL, NULL, 'PRDADM0001', '2021-01-01 00:00:00', 'PRDADM0001', '2021-01-01 00:00:00', b'1'),
	('15388ea493-8fcc-4c68-b4b8-431a82a375bb', 'PRD000001', 'PRD000001', 'Employee', 'DP100097', NULL, 'V Saranya', NULL, 'Test@1234', '$2a$10$z/h4gKgrVrSp9C1LQhxpPec0TT/EIa1FyDMKvP/xe7NOCnG3Qiv8q', b'0', NULL, NULL, 'Male', NULL, 'Activated', NULL, NULL, '2021-01-01 00:00:00', 'Asia/Kolkata', NULL, 'WFO', NULL, NULL, 'PRDADM0001', '2021-01-01 00:00:00', 'PRDADM0001', '2021-01-01 00:00:00', b'1'),
	('15390ea493-8fcc-4c68-b4b8-431a82a375bb', 'PRD000001', 'PRD000001', 'Employee', 'DP100098', NULL, 'Vishnupriya B', NULL, 'Test@1234', '$2a$10$z/h4gKgrVrSp9C1LQhxpPec0TT/EIa1FyDMKvP/xe7NOCnG3Qiv8q', b'0', NULL, NULL, 'Male', NULL, 'Activated', NULL, NULL, '2021-01-01 00:00:00', 'Asia/Kolkata', NULL, 'WFO', NULL, NULL, 'PRDADM0001', '2021-01-01 00:00:00', 'PRDADM0001', '2021-01-01 00:00:00', b'1'),
	('15391ea493-8fcc-4c68-b4b8-431a82a375bb', 'PRD000001', 'PRD000001', 'Employee', 'DP100099', NULL, 'Sivalingam.R', NULL, 'Test@1234', '$2a$10$z/h4gKgrVrSp9C1LQhxpPec0TT/EIa1FyDMKvP/xe7NOCnG3Qiv8q', b'0', NULL, NULL, 'Male', NULL, 'Activated', NULL, NULL, '2021-01-01 00:00:00', 'Asia/Kolkata', NULL, 'WFO', NULL, NULL, 'PRDADM0001', '2021-01-01 00:00:00', 'PRDADM0001', '2021-01-01 00:00:00', b'1'),
	('15393ea493-8fcc-4c68-b4b8-431a82a375bb', 'PRD000001', 'PRD000001', 'Employee', 'DP100100', NULL, 'Tamilselvan.A', NULL, 'Test@1234', '$2a$10$z/h4gKgrVrSp9C1LQhxpPec0TT/EIa1FyDMKvP/xe7NOCnG3Qiv8q', b'0', NULL, NULL, 'Male', NULL, 'Activated', NULL, NULL, '2021-01-01 00:00:00', 'Asia/Kolkata', NULL, 'WFO', NULL, NULL, 'PRDADM0001', '2021-01-01 00:00:00', 'PRDADM0001', '2021-01-01 00:00:00', b'1'),
	('15396ea493-8fcc-4c68-b4b8-431a82a375bb', 'PRD000001', 'PRD000001', 'Employee', 'DP100101', NULL, 'Moniesh', NULL, 'Test@1234', '$2a$10$z/h4gKgrVrSp9C1LQhxpPec0TT/EIa1FyDMKvP/xe7NOCnG3Qiv8q', b'0', NULL, NULL, 'Male', NULL, 'Activated', NULL, NULL, '2021-01-01 00:00:00', 'Asia/Kolkata', NULL, 'WFO', NULL, NULL, 'PRDADM0001', '2021-01-01 00:00:00', 'PRDADM0001', '2021-01-01 00:00:00', b'1'),
	('15399ea493-8fcc-4c68-b4b8-431a82a375bb', 'PRD000001', 'PRD000001', 'Employee', 'DP100102', NULL, 'G Maraivalavan', NULL, 'Test@1234', '$2a$10$z/h4gKgrVrSp9C1LQhxpPec0TT/EIa1FyDMKvP/xe7NOCnG3Qiv8q', b'0', NULL, NULL, 'Male', NULL, 'Activated', NULL, NULL, '2021-01-01 00:00:00', 'Asia/Kolkata', NULL, 'WFO', NULL, NULL, 'PRDADM0001', '2021-01-01 00:00:00', 'PRDADM0001', '2021-01-01 00:00:00', b'1'),
	('15400ea493-8fcc-4c68-b4b8-431a82a375bb', 'PRD000001', 'PRD000001', 'Employee', 'DP100103', NULL, 'R Arun', NULL, 'Test@1234', '$2a$10$z/h4gKgrVrSp9C1LQhxpPec0TT/EIa1FyDMKvP/xe7NOCnG3Qiv8q', b'0', NULL, NULL, 'Male', NULL, 'Activated', NULL, NULL, '2021-01-01 00:00:00', 'Asia/Kolkata', NULL, 'WFO', NULL, NULL, 'PRDADM0001', '2021-01-01 00:00:00', 'PRDADM0001', '2021-01-01 00:00:00', b'1'),
	('15401ea493-8fcc-4c68-b4b8-431a82a375bb', 'PRD000001', 'PRD000001', 'Employee', 'DP100104', NULL, 'B Selva Bharathi', NULL, 'Test@1234', '$2a$10$z/h4gKgrVrSp9C1LQhxpPec0TT/EIa1FyDMKvP/xe7NOCnG3Qiv8q', b'0', NULL, NULL, 'Male', NULL, 'Activated', NULL, NULL, '2021-01-01 00:00:00', 'Asia/Kolkata', NULL, 'WFO', NULL, NULL, 'PRDADM0001', '2021-01-01 00:00:00', 'PRDADM0001', '2021-01-01 00:00:00', b'1'),
	('15407ea493-8fcc-4c68-b4b8-431a82a375bb', 'PRD000001', 'PRD000001', 'Employee', 'DP100105', NULL, 'K Gokul', NULL, 'Test@1234', '$2a$10$z/h4gKgrVrSp9C1LQhxpPec0TT/EIa1FyDMKvP/xe7NOCnG3Qiv8q', b'0', NULL, NULL, 'Male', NULL, 'Activated', NULL, NULL, '2021-01-01 00:00:00', 'Asia/Kolkata', NULL, 'WFO', NULL, NULL, 'PRDADM0001', '2021-01-01 00:00:00', 'PRDADM0001', '2021-01-01 00:00:00', b'1'),
	('15408ea493-8fcc-4c68-b4b8-431a82a375bb', 'PRD000001', 'PRD000001', 'Employee', 'DP100106', NULL, 'M Goutham', NULL, 'Test@1234', '$2a$10$z/h4gKgrVrSp9C1LQhxpPec0TT/EIa1FyDMKvP/xe7NOCnG3Qiv8q', b'0', NULL, NULL, 'Male', NULL, 'Activated', NULL, NULL, '2021-01-01 00:00:00', 'Asia/Kolkata', NULL, 'WFO', NULL, NULL, 'PRDADM0001', '2021-01-01 00:00:00', 'PRDADM0001', '2021-01-01 00:00:00', b'1'),
	('15410ea493-8fcc-4c68-b4b8-431a82a375bb', 'PRD000001', 'PRD000001', 'Employee', 'DP100107', NULL, 'K Vignesh', NULL, 'Test@1234', '$2a$10$z/h4gKgrVrSp9C1LQhxpPec0TT/EIa1FyDMKvP/xe7NOCnG3Qiv8q', b'0', NULL, NULL, 'Male', NULL, 'Activated', NULL, NULL, '2021-01-01 00:00:00', 'Asia/Kolkata', NULL, 'WFO', NULL, NULL, 'PRDADM0001', '2021-01-01 00:00:00', 'PRDADM0001', '2021-01-01 00:00:00', b'1'),
	('15414ea493-8fcc-4c68-b4b8-431a82a375bb', 'PRD000001', 'PRD000001', 'Employee', 'DP100108', NULL, 'M Ayyanar', NULL, 'Test@1234', '$2a$10$z/h4gKgrVrSp9C1LQhxpPec0TT/EIa1FyDMKvP/xe7NOCnG3Qiv8q', b'0', NULL, NULL, 'Male', NULL, 'Activated', NULL, NULL, '2021-01-01 00:00:00', 'Asia/Kolkata', NULL, 'WFO', NULL, NULL, 'PRDADM0001', '2021-01-01 00:00:00', 'PRDADM0001', '2021-01-01 00:00:00', b'1'),
	('15416ea493-8fcc-4c68-b4b8-431a82a375bb', 'PRD000001', 'PRD000001', 'Employee', 'DP100109', NULL, 'M Parameshwaran', NULL, 'Test@1234', '$2a$10$z/h4gKgrVrSp9C1LQhxpPec0TT/EIa1FyDMKvP/xe7NOCnG3Qiv8q', b'0', NULL, NULL, 'Male', NULL, 'Activated', NULL, NULL, '2021-01-01 00:00:00', 'Asia/Kolkata', NULL, 'WFO', NULL, NULL, 'PRDADM0001', '2021-01-01 00:00:00', 'PRDADM0001', '2021-01-01 00:00:00', b'1'),
	('15421ea493-8fcc-4c68-b4b8-431a82a375bb', 'PRD000001', 'PRD000001', 'Employee', 'DP100110', NULL, 'NISHAR NOWSATH', NULL, 'Test@1234', '$2a$10$z/h4gKgrVrSp9C1LQhxpPec0TT/EIa1FyDMKvP/xe7NOCnG3Qiv8q', b'0', NULL, NULL, 'Male', NULL, 'Activated', NULL, NULL, '2021-01-01 00:00:00', 'Asia/Kolkata', NULL, 'WFO', NULL, NULL, 'PRDADM0001', '2021-01-01 00:00:00', 'PRDADM0001', '2021-01-01 00:00:00', b'1'),
	('15423ea493-8fcc-4c68-b4b8-431a82a375bb', 'PRD000001', 'PRD000001', 'Employee', 'DP100111', NULL, 'A Praveenkumar', NULL, 'Test@1234', '$2a$10$z/h4gKgrVrSp9C1LQhxpPec0TT/EIa1FyDMKvP/xe7NOCnG3Qiv8q', b'0', NULL, NULL, 'Male', NULL, 'Activated', NULL, NULL, '2021-01-01 00:00:00', 'Asia/Kolkata', NULL, 'WFO', NULL, NULL, 'PRDADM0001', '2021-01-01 00:00:00', 'PRDADM0001', '2021-01-01 00:00:00', b'1'),
	('15424ea493-8fcc-4c68-b4b8-431a82a375bb', 'PRD000001', 'PRD000001', 'Employee', 'DP100112', NULL, 'S Pownkumar', NULL, 'Test@1234', '$2a$10$z/h4gKgrVrSp9C1LQhxpPec0TT/EIa1FyDMKvP/xe7NOCnG3Qiv8q', b'0', NULL, NULL, 'Male', NULL, 'Activated', NULL, NULL, '2021-01-01 00:00:00', 'Asia/Kolkata', NULL, 'WFO', NULL, NULL, 'PRDADM0001', '2021-01-01 00:00:00', 'PRDADM0001', '2021-01-01 00:00:00', b'1'),
	('15427ea493-8fcc-4c68-b4b8-431a82a375bb', 'PRD000001', 'PRD000001', 'Employee', 'DP100113', NULL, 'R Dinesh', NULL, 'Test@1234', '$2a$10$z/h4gKgrVrSp9C1LQhxpPec0TT/EIa1FyDMKvP/xe7NOCnG3Qiv8q', b'0', NULL, NULL, 'Male', NULL, 'Activated', NULL, NULL, '2021-01-01 00:00:00', 'Asia/Kolkata', NULL, 'WFO', NULL, NULL, 'PRDADM0001', '2021-01-01 00:00:00', 'PRDADM0001', '2021-01-01 00:00:00', b'1'),
	('15429ea493-8fcc-4c68-b4b8-431a82a375bb', 'PRD000001', 'PRD000001', 'Employee', 'DP100114', NULL, 'R Rajaguru', NULL, 'Test@1234', '$2a$10$z/h4gKgrVrSp9C1LQhxpPec0TT/EIa1FyDMKvP/xe7NOCnG3Qiv8q', b'0', NULL, NULL, 'Male', NULL, 'Activated', NULL, NULL, '2021-01-01 00:00:00', 'Asia/Kolkata', NULL, 'WFO', NULL, NULL, 'PRDADM0001', '2021-01-01 00:00:00', 'PRDADM0001', '2021-01-01 00:00:00', b'1'),
	('15430ea493-8fcc-4c68-b4b8-431a82a375bb', 'PRD000001', 'PRD000001', 'Employee', 'DP100115', NULL, 'K Rajarajan', NULL, 'Test@1234', '$2a$10$z/h4gKgrVrSp9C1LQhxpPec0TT/EIa1FyDMKvP/xe7NOCnG3Qiv8q', b'0', NULL, NULL, 'Male', NULL, 'Activated', NULL, NULL, '2021-01-01 00:00:00', 'Asia/Kolkata', NULL, 'WFO', NULL, NULL, 'PRDADM0001', '2021-01-01 00:00:00', 'PRDADM0001', '2021-01-01 00:00:00', b'1'),
	('15433ea493-8fcc-4c68-b4b8-431a82a375bb', 'PRD000001', 'PRD000001', 'Employee', 'DP100116', NULL, 'Nataraj', NULL, 'Test@1234', '$2a$10$z/h4gKgrVrSp9C1LQhxpPec0TT/EIa1FyDMKvP/xe7NOCnG3Qiv8q', b'0', NULL, NULL, 'Male', NULL, 'Activated', NULL, NULL, '2021-01-01 00:00:00', 'Asia/Kolkata', NULL, 'WFO', NULL, NULL, 'PRDADM0001', '2021-01-01 00:00:00', 'PRDADM0001', '2021-01-01 00:00:00', b'1'),
	('15434ea493-8fcc-4c68-b4b8-431a82a375bb', 'PRD000001', 'PRD000001', 'Employee', 'DP100117', NULL, 'Santhana Krishnan', NULL, 'Test@1234', '$2a$10$z/h4gKgrVrSp9C1LQhxpPec0TT/EIa1FyDMKvP/xe7NOCnG3Qiv8q', b'0', NULL, NULL, 'Male', NULL, 'Activated', NULL, NULL, '2021-01-01 00:00:00', 'Asia/Kolkata', NULL, 'WFO', NULL, NULL, 'PRDADM0001', '2021-01-01 00:00:00', 'PRDADM0001', '2021-01-01 00:00:00', b'1'),
	('15435ea493-8fcc-4c68-b4b8-431a82a375bb', 'PRD000001', 'PRD000001', 'Employee', 'DP100118', NULL, 'J Sarathkumar', NULL, 'Test@1234', '$2a$10$z/h4gKgrVrSp9C1LQhxpPec0TT/EIa1FyDMKvP/xe7NOCnG3Qiv8q', b'0', NULL, NULL, 'Male', NULL, 'Activated', NULL, NULL, '2021-01-01 00:00:00', 'Asia/Kolkata', NULL, 'WFO', NULL, NULL, 'PRDADM0001', '2021-01-01 00:00:00', 'PRDADM0001', '2021-01-01 00:00:00', b'1'),
	('15445ea493-8fcc-4c68-b4b8-431a82a375bb', 'PRD000001', 'PRD000001', 'Employee', 'DP100119', NULL, 'Kabilan', NULL, 'Test@1234', '$2a$10$z/h4gKgrVrSp9C1LQhxpPec0TT/EIa1FyDMKvP/xe7NOCnG3Qiv8q', b'0', NULL, NULL, 'Male', NULL, 'Activated', NULL, NULL, '2021-01-01 00:00:00', 'Asia/Kolkata', NULL, 'WFO', NULL, NULL, 'PRDADM0001', '2021-01-01 00:00:00', 'PRDADM0001', '2021-01-01 00:00:00', b'1'),
	('15448ea493-8fcc-4c68-b4b8-431a82a375bb', 'PRD000001', 'PRD000001', 'Employee', 'DP100120', NULL, 'Sakthi', NULL, 'Test@1234', '$2a$10$z/h4gKgrVrSp9C1LQhxpPec0TT/EIa1FyDMKvP/xe7NOCnG3Qiv8q', b'0', NULL, NULL, 'Male', NULL, 'Activated', NULL, NULL, '2021-01-01 00:00:00', 'Asia/Kolkata', NULL, 'WFO', NULL, NULL, 'PRDADM0001', '2021-01-01 00:00:00', 'PRDADM0001', '2021-01-01 00:00:00', b'1'),
	('15449ea493-8fcc-4c68-b4b8-431a82a375bb', 'PRD000001', 'PRD000001', 'Employee', 'DP100121', NULL, 'Chandrasekar P.M', NULL, 'Test@1234', '$2a$10$z/h4gKgrVrSp9C1LQhxpPec0TT/EIa1FyDMKvP/xe7NOCnG3Qiv8q', b'0', NULL, NULL, 'Male', NULL, 'Activated', NULL, NULL, '2021-01-01 00:00:00', 'Asia/Kolkata', NULL, 'WFO', NULL, NULL, 'PRDADM0001', '2021-01-01 00:00:00', 'PRDADM0001', '2021-01-01 00:00:00', b'1'),
	('15452ea493-8fcc-4c68-b4b8-431a82a375bb', 'PRD000001', 'PRD000001', 'Employee', 'DP100122', NULL, 'Rajkumar R', NULL, 'Test@1234', '$2a$10$z/h4gKgrVrSp9C1LQhxpPec0TT/EIa1FyDMKvP/xe7NOCnG3Qiv8q', b'0', NULL, NULL, 'Male', NULL, 'Activated', NULL, NULL, '2021-01-01 00:00:00', 'Asia/Kolkata', NULL, 'WFO', NULL, NULL, 'PRDADM0001', '2021-01-01 00:00:00', 'PRDADM0001', '2021-01-01 00:00:00', b'1'),
	('15454ea493-8fcc-4c68-b4b8-431a82a375bb', 'PRD000001', 'PRD000001', 'Employee', 'DP100123', NULL, 'Vetri Vignesh', NULL, 'Test@1234', '$2a$10$z/h4gKgrVrSp9C1LQhxpPec0TT/EIa1FyDMKvP/xe7NOCnG3Qiv8q', b'0', NULL, NULL, 'Male', NULL, 'Activated', NULL, NULL, '2021-01-01 00:00:00', 'Asia/Kolkata', NULL, 'WFO', NULL, NULL, 'PRDADM0001', '2021-01-01 00:00:00', 'PRDADM0001', '2021-01-01 00:00:00', b'1'),
	('15457ea493-8fcc-4c68-b4b8-431a82a375bb', 'PRD000001', 'PRD000001', 'Employee', 'DP100124', NULL, 'Devaki', NULL, 'Test@1234', '$2a$10$z/h4gKgrVrSp9C1LQhxpPec0TT/EIa1FyDMKvP/xe7NOCnG3Qiv8q', b'0', NULL, NULL, 'Male', NULL, 'Activated', NULL, NULL, '2021-01-01 00:00:00', 'Asia/Kolkata', NULL, 'WFO', NULL, NULL, 'PRDADM0001', '2021-01-01 00:00:00', 'PRDADM0001', '2021-01-01 00:00:00', b'1'),
	('15460ea493-8fcc-4c68-b4b8-431a82a375bb', 'PRD000001', 'PRD000001', 'Employee', 'DP100125', NULL, 'Subashini R', NULL, 'Test@1234', '$2a$10$z/h4gKgrVrSp9C1LQhxpPec0TT/EIa1FyDMKvP/xe7NOCnG3Qiv8q', b'0', NULL, NULL, 'Male', NULL, 'Activated', NULL, NULL, '2021-01-01 00:00:00', 'Asia/Kolkata', NULL, 'WFO', NULL, NULL, 'PRDADM0001', '2021-01-01 00:00:00', 'PRDADM0001', '2021-01-01 00:00:00', b'1'),
	('15461ea493-8fcc-4c68-b4b8-431a82a375bb', 'PRD000001', 'PRD000001', 'Employee', 'DP100126', NULL, 'Subashri.S', NULL, 'Test@1234', '$2a$10$z/h4gKgrVrSp9C1LQhxpPec0TT/EIa1FyDMKvP/xe7NOCnG3Qiv8q', b'0', NULL, NULL, 'Male', NULL, 'Activated', NULL, NULL, '2021-01-01 00:00:00', 'Asia/Kolkata', NULL, 'WFO', NULL, NULL, 'PRDADM0001', '2021-01-01 00:00:00', 'PRDADM0001', '2021-01-01 00:00:00', b'1'),
	('15462ea493-8fcc-4c68-b4b8-431a82a375bb', 'PRD000001', 'PRD000001', 'Employee', 'DP100127', NULL, 'Sumathi J', NULL, 'Test@1234', '$2a$10$z/h4gKgrVrSp9C1LQhxpPec0TT/EIa1FyDMKvP/xe7NOCnG3Qiv8q', b'0', NULL, NULL, 'Male', NULL, 'Activated', NULL, NULL, '2021-01-01 00:00:00', 'Asia/Kolkata', NULL, 'WFO', NULL, NULL, 'PRDADM0001', '2021-01-01 00:00:00', 'PRDADM0001', '2021-01-01 00:00:00', b'1'),
	('15463ea493-8fcc-4c68-b4b8-431a82a375bb', 'PRD000001', 'PRD000001', 'Employee', 'DP100128', NULL, 'Tamilmozhi', NULL, 'Test@1234', '$2a$10$z/h4gKgrVrSp9C1LQhxpPec0TT/EIa1FyDMKvP/xe7NOCnG3Qiv8q', b'0', NULL, NULL, 'Male', NULL, 'Activated', NULL, NULL, '2021-01-01 00:00:00', 'Asia/Kolkata', NULL, 'WFO', NULL, NULL, 'PRDADM0001', '2021-01-01 00:00:00', 'PRDADM0001', '2021-01-01 00:00:00', b'1'),
	('15464ea493-8fcc-4c68-b4b8-431a82a375bb', 'PRD000001', 'PRD000001', 'Employee', 'DP100129', NULL, 'N.Karthick kumar (S2S)', NULL, 'Test@1234', '$2a$10$z/h4gKgrVrSp9C1LQhxpPec0TT/EIa1FyDMKvP/xe7NOCnG3Qiv8q', b'0', NULL, NULL, 'Male', NULL, 'Activated', NULL, NULL, '2021-01-01 00:00:00', 'Asia/Kolkata', NULL, 'WFO', NULL, NULL, 'PRDADM0001', '2021-01-01 00:00:00', 'PRDADM0001', '2021-01-01 00:00:00', b'1'),
	('15467ea493-8fcc-4c68-b4b8-431a82a375bb', 'PRD000001', 'PRD000001', 'Employee', 'DP100130', NULL, 'S Nithya', NULL, 'Test@1234', '$2a$10$z/h4gKgrVrSp9C1LQhxpPec0TT/EIa1FyDMKvP/xe7NOCnG3Qiv8q', b'0', NULL, NULL, 'Male', NULL, 'Activated', NULL, NULL, '2021-01-01 00:00:00', 'Asia/Kolkata', NULL, 'WFO', NULL, NULL, 'PRDADM0001', '2021-01-01 00:00:00', 'PRDADM0001', '2021-01-01 00:00:00', b'1'),
	('15468ea493-8fcc-4c68-b4b8-431a82a375bb', 'PRD000001', 'PRD000001', 'Employee', 'DP100131', NULL, 'T Prabhakaran', NULL, 'Test@1234', '$2a$10$z/h4gKgrVrSp9C1LQhxpPec0TT/EIa1FyDMKvP/xe7NOCnG3Qiv8q', b'0', NULL, NULL, 'Male', NULL, 'Activated', NULL, NULL, '2021-01-01 00:00:00', 'Asia/Kolkata', NULL, 'WFO', NULL, NULL, 'PRDADM0001', '2021-01-01 00:00:00', 'PRDADM0001', '2021-01-01 00:00:00', b'1'),
	('15470ea493-8fcc-4c68-b4b8-431a82a375bb', 'PRD000001', 'PRD000001', 'Employee', 'DP100132', NULL, 'K. Vignesh', NULL, 'Test@1234', '$2a$10$z/h4gKgrVrSp9C1LQhxpPec0TT/EIa1FyDMKvP/xe7NOCnG3Qiv8q', b'0', NULL, NULL, 'Male', NULL, 'Activated', NULL, NULL, '2021-01-01 00:00:00', 'Asia/Kolkata', NULL, 'WFO', NULL, NULL, 'PRDADM0001', '2021-01-01 00:00:00', 'PRDADM0001', '2021-01-01 00:00:00', b'1'),
	('15479ea493-8fcc-4c68-b4b8-431a82a375bb', 'PRD000001', 'PRD000001', 'Employee', 'DP100133', NULL, 'Jesin', NULL, 'Test@1234', '$2a$10$z/h4gKgrVrSp9C1LQhxpPec0TT/EIa1FyDMKvP/xe7NOCnG3Qiv8q', b'0', NULL, NULL, 'Male', NULL, 'Activated', NULL, NULL, '2021-01-01 00:00:00', 'Asia/Kolkata', NULL, 'WFO', NULL, NULL, 'PRDADM0001', '2021-01-01 00:00:00', 'PRDADM0001', '2021-01-01 00:00:00', b'1'),
	('15480ea493-8fcc-4c68-b4b8-431a82a375bb', 'PRD000001', 'PRD000001', 'Employee', 'DP100134', NULL, 'N Tamil Mani', NULL, 'Test@1234', '$2a$10$z/h4gKgrVrSp9C1LQhxpPec0TT/EIa1FyDMKvP/xe7NOCnG3Qiv8q', b'0', NULL, NULL, 'Male', NULL, 'Activated', NULL, NULL, '2021-01-01 00:00:00', 'Asia/Kolkata', NULL, 'WFO', NULL, NULL, 'PRDADM0001', '2021-01-01 00:00:00', 'PRDADM0001', '2021-01-01 00:00:00', b'1'),
	('15485ea493-8fcc-4c68-b4b8-431a82a375bb', 'PRD000001', 'PRD000001', 'Employee', 'DP100135', NULL, 'M Leo Bosco', NULL, 'Test@1234', '$2a$10$z/h4gKgrVrSp9C1LQhxpPec0TT/EIa1FyDMKvP/xe7NOCnG3Qiv8q', b'0', NULL, NULL, 'Male', NULL, 'Activated', NULL, NULL, '2021-01-01 00:00:00', 'Asia/Kolkata', NULL, 'WFO', NULL, NULL, 'PRDADM0001', '2021-01-01 00:00:00', 'PRDADM0001', '2021-01-01 00:00:00', b'1'),
	('15495ea493-8fcc-4c68-b4b8-431a82a375bb', 'PRD000001', 'PRD000001', 'Employee', 'DP100136', NULL, 'SS Raja', NULL, 'Test@1234', '$2a$10$z/h4gKgrVrSp9C1LQhxpPec0TT/EIa1FyDMKvP/xe7NOCnG3Qiv8q', b'0', NULL, NULL, 'Male', NULL, 'Activated', NULL, NULL, '2021-01-01 00:00:00', 'Asia/Kolkata', NULL, 'WFO', NULL, NULL, 'PRDADM0001', '2021-01-01 00:00:00', 'PRDADM0001', '2021-01-01 00:00:00', b'1'),
	('15500ea493-8fcc-4c68-b4b8-431a82a375bb', 'PRD000001', 'PRD000001', 'Employee', 'DP100137', NULL, 'T.Ragu', NULL, 'Test@1234', '$2a$10$z/h4gKgrVrSp9C1LQhxpPec0TT/EIa1FyDMKvP/xe7NOCnG3Qiv8q', b'0', NULL, NULL, 'Male', NULL, 'Activated', NULL, NULL, '2021-01-01 00:00:00', 'Asia/Kolkata', NULL, 'WFO', NULL, NULL, 'PRDADM0001', '2021-01-01 00:00:00', 'PRDADM0001', '2021-01-01 00:00:00', b'1'),
	('15602ea493-8fcc-4c68-b4b8-431a82a375bb', 'PRD000001', 'PRD000001', 'Employee', 'DP100138', NULL, 'Gowdham H', NULL, 'Test@1234', '$2a$10$z/h4gKgrVrSp9C1LQhxpPec0TT/EIa1FyDMKvP/xe7NOCnG3Qiv8q', b'0', NULL, NULL, 'Male', NULL, 'Activated', NULL, NULL, '2021-01-01 00:00:00', 'Asia/Kolkata', NULL, 'WFO', NULL, NULL, 'PRDADM0001', '2021-01-01 00:00:00', 'PRDADM0001', '2021-01-01 00:00:00', b'1'),
	('15603ea493-8fcc-4c68-b4b8-431a82a375bb', 'PRD000001', 'PRD000001', 'Employee', 'DP100139', NULL, 'G.Premkumar', NULL, 'Test@1234', '$2a$10$z/h4gKgrVrSp9C1LQhxpPec0TT/EIa1FyDMKvP/xe7NOCnG3Qiv8q', b'0', NULL, NULL, 'Male', NULL, 'Activated', NULL, NULL, '2021-01-01 00:00:00', 'Asia/Kolkata', NULL, 'WFO', NULL, NULL, 'PRDADM0001', '2021-01-01 00:00:00', 'PRDADM0001', '2021-01-01 00:00:00', b'1'),
	('15609ea493-8fcc-4c68-b4b8-431a82a375bb', 'PRD000001', 'PRD000001', 'Employee', 'DP100140', NULL, 'Ananth S', NULL, 'Test@1234', '$2a$10$z/h4gKgrVrSp9C1LQhxpPec0TT/EIa1FyDMKvP/xe7NOCnG3Qiv8q', b'0', NULL, NULL, 'Male', NULL, 'Activated', NULL, NULL, '2021-01-01 00:00:00', 'Asia/Kolkata', NULL, 'WFO', NULL, NULL, 'PRDADM0001', '2021-01-01 00:00:00', 'PRDADM0001', '2021-01-01 00:00:00', b'1'),
	('15611ea493-8fcc-4c68-b4b8-431a82a375bb', 'PRD000001', 'PRD000001', 'Employee', 'DP100141', NULL, 'A Arunkumar', NULL, 'Test@1234', '$2a$10$z/h4gKgrVrSp9C1LQhxpPec0TT/EIa1FyDMKvP/xe7NOCnG3Qiv8q', b'0', NULL, NULL, 'Male', NULL, 'Activated', NULL, NULL, '2021-01-01 00:00:00', 'Asia/Kolkata', NULL, 'WFO', NULL, NULL, 'PRDADM0001', '2021-01-01 00:00:00', 'PRDADM0001', '2021-01-01 00:00:00', b'1'),
	('15616ea493-8fcc-4c68-b4b8-431a82a375bb', 'PRD000001', 'PRD000001', 'Employee', 'DP100142', NULL, 'V.S.Prakash', NULL, 'Test@1234', '$2a$10$z/h4gKgrVrSp9C1LQhxpPec0TT/EIa1FyDMKvP/xe7NOCnG3Qiv8q', b'0', NULL, NULL, 'Male', NULL, 'Activated', NULL, NULL, '2021-01-01 00:00:00', 'Asia/Kolkata', NULL, 'WFO', NULL, NULL, 'PRDADM0001', '2021-01-01 00:00:00', 'PRDADM0001', '2021-01-01 00:00:00', b'1'),
	('15617ea493-8fcc-4c68-b4b8-431a82a375bb', 'PRD000001', 'PRD000001', 'Employee', 'DP100143', NULL, 'Arun R', NULL, 'Test@1234', '$2a$10$z/h4gKgrVrSp9C1LQhxpPec0TT/EIa1FyDMKvP/xe7NOCnG3Qiv8q', b'0', NULL, NULL, 'Male', NULL, 'Activated', NULL, NULL, '2021-01-01 00:00:00', 'Asia/Kolkata', NULL, 'WFO', NULL, NULL, 'PRDADM0001', '2021-01-01 00:00:00', 'PRDADM0001', '2021-01-01 00:00:00', b'1'),
	('15620ea493-8fcc-4c68-b4b8-431a82a375bb', 'PRD000001', 'PRD000001', 'Employee', 'DP100144', NULL, 'Micheal Dinesh Babu.S', NULL, 'Test@1234', '$2a$10$z/h4gKgrVrSp9C1LQhxpPec0TT/EIa1FyDMKvP/xe7NOCnG3Qiv8q', b'0', NULL, NULL, 'Male', NULL, 'Activated', NULL, NULL, '2021-01-01 00:00:00', 'Asia/Kolkata', NULL, 'WFO', NULL, NULL, 'PRDADM0001', '2021-01-01 00:00:00', 'PRDADM0001', '2021-01-01 00:00:00', b'1'),
	('15623ea493-8fcc-4c68-b4b8-431a82a375bb', 'PRD000001', 'PRD000001', 'Employee', 'DP100145', NULL, 'Ajith kumar', NULL, 'Test@1234', '$2a$10$z/h4gKgrVrSp9C1LQhxpPec0TT/EIa1FyDMKvP/xe7NOCnG3Qiv8q', b'0', NULL, NULL, 'Male', NULL, 'Activated', NULL, NULL, '2021-01-01 00:00:00', 'Asia/Kolkata', NULL, 'WFO', NULL, NULL, 'PRDADM0001', '2021-01-01 00:00:00', 'PRDADM0001', '2021-01-01 00:00:00', b'1'),
	('15634ea493-8fcc-4c68-b4b8-431a82a375bb', 'PRD000001', 'PRD000001', 'Employee', 'DP100146', NULL, 'Sudarvizhi', NULL, 'Test@1234', '$2a$10$z/h4gKgrVrSp9C1LQhxpPec0TT/EIa1FyDMKvP/xe7NOCnG3Qiv8q', b'0', NULL, NULL, 'Male', NULL, 'Activated', NULL, NULL, '2021-01-01 00:00:00', 'Asia/Kolkata', NULL, 'WFO', NULL, NULL, 'PRDADM0001', '2021-01-01 00:00:00', 'PRDADM0001', '2021-01-01 00:00:00', b'1'),
	('15641ea493-8fcc-4c68-b4b8-431a82a375bb', 'PRD000001', 'PRD000001', 'Employee', 'DP100147', NULL, 'P.Aravinth', NULL, 'Test@1234', '$2a$10$z/h4gKgrVrSp9C1LQhxpPec0TT/EIa1FyDMKvP/xe7NOCnG3Qiv8q', b'0', NULL, NULL, 'Male', NULL, 'Activated', NULL, NULL, '2021-01-01 00:00:00', 'Asia/Kolkata', NULL, 'WFO', NULL, NULL, 'PRDADM0001', '2021-01-01 00:00:00', 'PRDADM0001', '2021-01-01 00:00:00', b'1'),
	('15642ea493-8fcc-4c68-b4b8-431a82a375bb', 'PRD000001', 'PRD000001', 'Employee', 'DP100148', NULL, 'Gomathi sree', NULL, 'Test@1234', '$2a$10$z/h4gKgrVrSp9C1LQhxpPec0TT/EIa1FyDMKvP/xe7NOCnG3Qiv8q', b'0', NULL, NULL, 'Male', NULL, 'Activated', NULL, NULL, '2021-01-01 00:00:00', 'Asia/Kolkata', NULL, 'WFO', NULL, NULL, 'PRDADM0001', '2021-01-01 00:00:00', 'PRDADM0001', '2021-01-01 00:00:00', b'1'),
	('15644ea493-8fcc-4c68-b4b8-431a82a375bb', 'PRD000001', 'PRD000001', 'Employee', 'DP100149', NULL, 'C Prem', NULL, 'Test@1234', '$2a$10$z/h4gKgrVrSp9C1LQhxpPec0TT/EIa1FyDMKvP/xe7NOCnG3Qiv8q', b'0', NULL, NULL, 'Male', NULL, 'Activated', NULL, NULL, '2021-01-01 00:00:00', 'Asia/Kolkata', NULL, 'WFO', NULL, NULL, 'PRDADM0001', '2021-01-01 00:00:00', 'PRDADM0001', '2021-01-01 00:00:00', b'1'),
	('15646ea493-8fcc-4c68-b4b8-431a82a375bb', 'PRD000001', 'PRD000001', 'Employee', 'DP100150', NULL, 'P K Prem', NULL, 'Test@1234', '$2a$10$z/h4gKgrVrSp9C1LQhxpPec0TT/EIa1FyDMKvP/xe7NOCnG3Qiv8q', b'0', NULL, NULL, 'Male', NULL, 'Activated', NULL, NULL, '2021-01-01 00:00:00', 'Asia/Kolkata', NULL, 'WFO', NULL, NULL, 'PRDADM0001', '2021-01-01 00:00:00', 'PRDADM0001', '2021-01-01 00:00:00', b'1'),
	('15649ea493-8fcc-4c68-b4b8-431a82a375bb', 'PRD000001', 'PRD000001', 'Employee', 'DP100151', NULL, 'Vaigai', NULL, 'Test@1234', '$2a$10$z/h4gKgrVrSp9C1LQhxpPec0TT/EIa1FyDMKvP/xe7NOCnG3Qiv8q', b'0', NULL, NULL, 'Male', NULL, 'Activated', NULL, NULL, '2021-01-01 00:00:00', 'Asia/Kolkata', NULL, 'WFO', NULL, NULL, 'PRDADM0001', '2021-01-01 00:00:00', 'PRDADM0001', '2021-01-01 00:00:00', b'1'),
	('15654ea493-8fcc-4c68-b4b8-431a82a375bb', 'PRD000001', 'PRD000001', 'Employee', 'DP100152', NULL, 'Ganesh C', NULL, 'Test@1234', '$2a$10$z/h4gKgrVrSp9C1LQhxpPec0TT/EIa1FyDMKvP/xe7NOCnG3Qiv8q', b'0', NULL, NULL, 'Male', NULL, 'Activated', NULL, NULL, '2021-01-01 00:00:00', 'Asia/Kolkata', NULL, 'WFO', NULL, NULL, 'PRDADM0001', '2021-01-01 00:00:00', 'PRDADM0001', '2021-01-01 00:00:00', b'1'),
	('15655ea493-8fcc-4c68-b4b8-431a82a375bb', 'PRD000001', 'PRD000001', 'Employee', 'DP100153', NULL, 'A.Poovarasan', NULL, 'Test@1234', '$2a$10$z/h4gKgrVrSp9C1LQhxpPec0TT/EIa1FyDMKvP/xe7NOCnG3Qiv8q', b'0', NULL, NULL, 'Male', NULL, 'Activated', NULL, NULL, '2021-01-01 00:00:00', 'Asia/Kolkata', NULL, 'WFO', NULL, NULL, 'PRDADM0001', '2021-01-01 00:00:00', 'PRDADM0001', '2021-01-01 00:00:00', b'1'),
	('15657ea493-8fcc-4c68-b4b8-431a82a375bb', 'PRD000001', 'PRD000001', 'Employee', 'DP100154', NULL, 'Britesiya P', NULL, 'Test@1234', '$2a$10$z/h4gKgrVrSp9C1LQhxpPec0TT/EIa1FyDMKvP/xe7NOCnG3Qiv8q', b'0', NULL, NULL, 'Male', NULL, 'Activated', NULL, NULL, '2021-01-01 00:00:00', 'Asia/Kolkata', NULL, 'WFO', NULL, NULL, 'PRDADM0001', '2021-01-01 00:00:00', 'PRDADM0001', '2021-01-01 00:00:00', b'1'),
	('15660ea493-8fcc-4c68-b4b8-431a82a375bb', 'PRD000001', 'PRD000001', 'Employee', 'DP100155', NULL, 'Prabakaran M', NULL, 'Test@1234', '$2a$10$z/h4gKgrVrSp9C1LQhxpPec0TT/EIa1FyDMKvP/xe7NOCnG3Qiv8q', b'0', NULL, NULL, 'Male', NULL, 'Activated', NULL, NULL, '2021-01-01 00:00:00', 'Asia/Kolkata', NULL, 'WFO', NULL, NULL, 'PRDADM0001', '2021-01-01 00:00:00', 'PRDADM0001', '2021-01-01 00:00:00', b'1'),
	('15662ea493-8fcc-4c68-b4b8-431a82a375bb', 'PRD000001', 'PRD000001', 'Employee', 'DP100156', NULL, 'Sarath Raj K', NULL, 'Test@1234', '$2a$10$z/h4gKgrVrSp9C1LQhxpPec0TT/EIa1FyDMKvP/xe7NOCnG3Qiv8q', b'0', NULL, NULL, 'Male', NULL, 'Activated', NULL, NULL, '2021-01-01 00:00:00', 'Asia/Kolkata', NULL, 'WFO', NULL, NULL, 'PRDADM0001', '2021-01-01 00:00:00', 'PRDADM0001', '2021-01-01 00:00:00', b'1'),
	('15666ea493-8fcc-4c68-b4b8-431a82a375bb', 'PRD000001', 'PRD000001', 'Employee', 'DP100157', NULL, 'Maharajan P', NULL, 'Test@1234', '$2a$10$z/h4gKgrVrSp9C1LQhxpPec0TT/EIa1FyDMKvP/xe7NOCnG3Qiv8q', b'0', NULL, NULL, 'Male', NULL, 'Activated', NULL, NULL, '2021-01-01 00:00:00', 'Asia/Kolkata', NULL, 'WFO', NULL, NULL, 'PRDADM0001', '2021-01-01 00:00:00', 'PRDADM0001', '2021-01-01 00:00:00', b'1'),
	('15670ea493-8fcc-4c68-b4b8-431a82a375bb', 'PRD000001', 'PRD000001', 'Employee', 'DP100158', NULL, 'R.Sowmiya', NULL, 'Test@1234', '$2a$10$z/h4gKgrVrSp9C1LQhxpPec0TT/EIa1FyDMKvP/xe7NOCnG3Qiv8q', b'0', NULL, NULL, 'Male', NULL, 'Activated', NULL, NULL, '2021-01-01 00:00:00', 'Asia/Kolkata', NULL, 'WFO', NULL, NULL, 'PRDADM0001', '2021-01-01 00:00:00', 'PRDADM0001', '2021-01-01 00:00:00', b'1'),
	('15671ea493-8fcc-4c68-b4b8-431a82a375bb', 'PRD000001', 'PRD000001', 'Employee', 'DP100159', NULL, 'Amuthavalli C', NULL, 'Test@1234', '$2a$10$z/h4gKgrVrSp9C1LQhxpPec0TT/EIa1FyDMKvP/xe7NOCnG3Qiv8q', b'0', NULL, NULL, 'Male', NULL, 'Activated', NULL, NULL, '2021-01-01 00:00:00', 'Asia/Kolkata', NULL, 'WFO', NULL, NULL, 'PRDADM0001', '2021-01-01 00:00:00', 'PRDADM0001', '2021-01-01 00:00:00', b'1'),
	('15674ea493-8fcc-4c68-b4b8-431a82a375bb', 'PRD000001', 'PRD000001', 'Employee', 'DP100160', NULL, 'Keerthana S', NULL, 'Test@1234', '$2a$10$z/h4gKgrVrSp9C1LQhxpPec0TT/EIa1FyDMKvP/xe7NOCnG3Qiv8q', b'0', NULL, NULL, 'Male', NULL, 'Activated', NULL, NULL, '2021-01-01 00:00:00', 'Asia/Kolkata', NULL, 'WFO', NULL, NULL, 'PRDADM0001', '2021-01-01 00:00:00', 'PRDADM0001', '2021-01-01 00:00:00', b'1'),
	('15676ea493-8fcc-4c68-b4b8-431a82a375bb', 'PRD000001', 'PRD000001', 'Employee', 'DP100161', NULL, 'Meena K', NULL, 'Test@1234', '$2a$10$z/h4gKgrVrSp9C1LQhxpPec0TT/EIa1FyDMKvP/xe7NOCnG3Qiv8q', b'0', NULL, NULL, 'Male', NULL, 'Activated', NULL, NULL, '2021-01-01 00:00:00', 'Asia/Kolkata', NULL, 'WFO', NULL, NULL, 'PRDADM0001', '2021-01-01 00:00:00', 'PRDADM0001', '2021-01-01 00:00:00', b'1'),
	('15680ea493-8fcc-4c68-b4b8-431a82a375bb', 'PRD000001', 'PRD000001', 'Employee', 'DP100162', NULL, 'Jesuraja.l', NULL, 'Test@1234', '$2a$10$z/h4gKgrVrSp9C1LQhxpPec0TT/EIa1FyDMKvP/xe7NOCnG3Qiv8q', b'0', NULL, NULL, 'Male', NULL, 'Activated', NULL, NULL, '2021-01-01 00:00:00', 'Asia/Kolkata', NULL, 'WFO', NULL, NULL, 'PRDADM0001', '2021-01-01 00:00:00', 'PRDADM0001', '2021-01-01 00:00:00', b'1'),
	('15681ea493-8fcc-4c68-b4b8-431a82a375bb', 'PRD000001', 'PRD000001', 'Employee', 'DP100163', NULL, 'K Prakash', NULL, 'Test@1234', '$2a$10$z/h4gKgrVrSp9C1LQhxpPec0TT/EIa1FyDMKvP/xe7NOCnG3Qiv8q', b'0', NULL, NULL, 'Male', NULL, 'Activated', NULL, NULL, '2021-01-01 00:00:00', 'Asia/Kolkata', NULL, 'WFO', NULL, NULL, 'PRDADM0001', '2021-01-01 00:00:00', 'PRDADM0001', '2021-01-01 00:00:00', b'1'),
	('15684ea493-8fcc-4c68-b4b8-431a82a375bb', 'PRD000001', 'PRD000001', 'Employee', 'DP100164', NULL, 'S.Sasidharan', NULL, 'Test@1234', '$2a$10$z/h4gKgrVrSp9C1LQhxpPec0TT/EIa1FyDMKvP/xe7NOCnG3Qiv8q', b'0', NULL, NULL, 'Male', NULL, 'Activated', NULL, NULL, '2021-01-01 00:00:00', 'Asia/Kolkata', NULL, 'WFO', NULL, NULL, 'PRDADM0001', '2021-01-01 00:00:00', 'PRDADM0001', '2021-01-01 00:00:00', b'1'),
	('15687ea493-8fcc-4c68-b4b8-431a82a375bb', 'PRD000001', 'PRD000001', 'Employee', 'DP100165', NULL, 'Perumal', NULL, 'Test@1234', '$2a$10$z/h4gKgrVrSp9C1LQhxpPec0TT/EIa1FyDMKvP/xe7NOCnG3Qiv8q', b'0', NULL, NULL, 'Male', NULL, 'Activated', NULL, NULL, '2021-01-01 00:00:00', 'Asia/Kolkata', NULL, 'WFO', NULL, NULL, 'PRDADM0001', '2021-01-01 00:00:00', 'PRDADM0001', '2021-01-01 00:00:00', b'1'),
	('15694ea493-8fcc-4c68-b4b8-431a82a375bb', 'PRD000001', 'PRD000001', 'Employee', 'DP100166', NULL, 'Ms.Easwari (S2S)', NULL, 'Test@1234', '$2a$10$z/h4gKgrVrSp9C1LQhxpPec0TT/EIa1FyDMKvP/xe7NOCnG3Qiv8q', b'0', NULL, NULL, 'Male', NULL, 'Activated', NULL, NULL, '2021-01-01 00:00:00', 'Asia/Kolkata', NULL, 'WFO', NULL, NULL, 'PRDADM0001', '2021-01-01 00:00:00', 'PRDADM0001', '2021-01-01 00:00:00', b'1'),
	('15696ea493-8fcc-4c68-b4b8-431a82a375bb', 'PRD000001', 'PRD000001', 'Employee', 'DP100167', NULL, 'Dineshkumar.K', NULL, 'Test@1234', '$2a$10$z/h4gKgrVrSp9C1LQhxpPec0TT/EIa1FyDMKvP/xe7NOCnG3Qiv8q', b'0', NULL, NULL, 'Male', NULL, 'Activated', NULL, NULL, '2021-01-01 00:00:00', 'Asia/Kolkata', NULL, 'WFO', NULL, NULL, 'PRDADM0001', '2021-01-01 00:00:00', 'PRDADM0001', '2021-01-01 00:00:00', b'1'),
	('15697ea493-8fcc-4c68-b4b8-431a82a375bb', 'PRD000001', 'PRD000001', 'Employee', 'DP100168', NULL, 'Divya', NULL, 'Test@1234', '$2a$10$z/h4gKgrVrSp9C1LQhxpPec0TT/EIa1FyDMKvP/xe7NOCnG3Qiv8q', b'0', NULL, NULL, 'Male', NULL, 'Activated', NULL, NULL, '2021-01-01 00:00:00', 'Asia/Kolkata', NULL, 'WFO', NULL, NULL, 'PRDADM0001', '2021-01-01 00:00:00', 'PRDADM0001', '2021-01-01 00:00:00', b'1'),
	('15702ea493-8fcc-4c68-b4b8-431a82a375bb', 'PRD000001', 'PRD000001', 'Employee', 'DP100169', NULL, 'M.SUNDARA RAMA MURTHY', NULL, 'Test@1234', '$2a$10$z/h4gKgrVrSp9C1LQhxpPec0TT/EIa1FyDMKvP/xe7NOCnG3Qiv8q', b'0', NULL, NULL, 'Male', NULL, 'Activated', NULL, NULL, '2021-01-01 00:00:00', 'Asia/Kolkata', NULL, 'WFO', NULL, NULL, 'PRDADM0001', '2021-01-01 00:00:00', 'PRDADM0001', '2021-01-01 00:00:00', b'1'),
	('15705ea493-8fcc-4c68-b4b8-431a82a375bb', 'PRD000001', 'PRD000001', 'Employee', 'DP100170', NULL, 'G.Subha', NULL, 'Test@1234', '$2a$10$z/h4gKgrVrSp9C1LQhxpPec0TT/EIa1FyDMKvP/xe7NOCnG3Qiv8q', b'0', NULL, NULL, 'Male', NULL, 'Activated', NULL, NULL, '2021-01-01 00:00:00', 'Asia/Kolkata', NULL, 'WFO', NULL, NULL, 'PRDADM0001', '2021-01-01 00:00:00', 'PRDADM0001', '2021-01-01 00:00:00', b'1'),
	('15706ea493-8fcc-4c68-b4b8-431a82a375bb', 'PRD000001', 'PRD000001', 'Employee', 'DP100171', NULL, 'ANAND.L', NULL, 'Test@1234', '$2a$10$z/h4gKgrVrSp9C1LQhxpPec0TT/EIa1FyDMKvP/xe7NOCnG3Qiv8q', b'0', NULL, NULL, 'Male', NULL, 'Activated', NULL, NULL, '2021-01-01 00:00:00', 'Asia/Kolkata', NULL, 'WFO', NULL, NULL, 'PRDADM0001', '2021-01-01 00:00:00', 'PRDADM0001', '2021-01-01 00:00:00', b'1'),
	('15707ea493-8fcc-4c68-b4b8-431a82a375bb', 'PRD000001', 'PRD000001', 'Employee', 'DP100172', NULL, 'Akbar.M', NULL, 'Test@1234', '$2a$10$z/h4gKgrVrSp9C1LQhxpPec0TT/EIa1FyDMKvP/xe7NOCnG3Qiv8q', b'0', NULL, NULL, 'Male', NULL, 'Activated', NULL, NULL, '2021-01-01 00:00:00', 'Asia/Kolkata', NULL, 'WFO', NULL, NULL, 'PRDADM0001', '2021-01-01 00:00:00', 'PRDADM0001', '2021-01-01 00:00:00', b'1'),
	('15708ea493-8fcc-4c68-b4b8-431a82a375bb', 'PRD000001', 'PRD000001', 'Employee', 'DP100173', NULL, 'SADAMHUSSAIN. K', NULL, 'Test@1234', '$2a$10$z/h4gKgrVrSp9C1LQhxpPec0TT/EIa1FyDMKvP/xe7NOCnG3Qiv8q', b'0', NULL, NULL, 'Male', NULL, 'Activated', NULL, NULL, '2021-01-01 00:00:00', 'Asia/Kolkata', NULL, 'WFO', NULL, NULL, 'PRDADM0001', '2021-01-01 00:00:00', 'PRDADM0001', '2021-01-01 00:00:00', b'1'),
	('15709ea493-8fcc-4c68-b4b8-431a82a375bb', 'PRD000001', 'PRD000001', 'Employee', 'DP100174', NULL, 'Ponmalar', NULL, 'Test@1234', '$2a$10$z/h4gKgrVrSp9C1LQhxpPec0TT/EIa1FyDMKvP/xe7NOCnG3Qiv8q', b'0', NULL, NULL, 'Male', NULL, 'Activated', NULL, NULL, '2021-01-01 00:00:00', 'Asia/Kolkata', NULL, 'WFO', NULL, NULL, 'PRDADM0001', '2021-01-01 00:00:00', 'PRDADM0001', '2021-01-01 00:00:00', b'1'),
	('15710ea493-8fcc-4c68-b4b8-431a82a375bb', 'PRD000001', 'PRD000001', 'Employee', 'DP100175', NULL, 'Suriya', NULL, 'Test@1234', '$2a$10$z/h4gKgrVrSp9C1LQhxpPec0TT/EIa1FyDMKvP/xe7NOCnG3Qiv8q', b'0', NULL, NULL, 'Male', NULL, 'Activated', NULL, NULL, '2021-01-01 00:00:00', 'Asia/Kolkata', NULL, 'WFO', NULL, NULL, 'PRDADM0001', '2021-01-01 00:00:00', 'PRDADM0001', '2021-01-01 00:00:00', b'1'),
	('15711ea493-8fcc-4c68-b4b8-431a82a375bb', 'PRD000001', 'PRD000001', 'Employee', 'DP100176', NULL, 'ELAMPARITHIPERUMAL', NULL, 'Test@1234', '$2a$10$z/h4gKgrVrSp9C1LQhxpPec0TT/EIa1FyDMKvP/xe7NOCnG3Qiv8q', b'0', NULL, NULL, 'Male', NULL, 'Activated', NULL, NULL, '2021-01-01 00:00:00', 'Asia/Kolkata', NULL, 'WFO', NULL, NULL, 'PRDADM0001', '2021-01-01 00:00:00', 'PRDADM0001', '2021-01-01 00:00:00', b'1'),
	('15713ea493-8fcc-4c68-b4b8-431a82a375bb', 'PRD000001', 'PRD000001', 'Employee', 'DP100177', NULL, 'HARIBASKAR.K', NULL, 'Test@1234', '$2a$10$z/h4gKgrVrSp9C1LQhxpPec0TT/EIa1FyDMKvP/xe7NOCnG3Qiv8q', b'0', NULL, NULL, 'Male', NULL, 'Activated', NULL, NULL, '2021-01-01 00:00:00', 'Asia/Kolkata', NULL, 'WFO', NULL, NULL, 'PRDADM0001', '2021-01-01 00:00:00', 'PRDADM0001', '2021-01-01 00:00:00', b'1'),
	('15714ea493-8fcc-4c68-b4b8-431a82a375bb', 'PRD000001', 'PRD000001', 'Employee', 'DP100178', NULL, 'S Annapoorani', NULL, 'Test@1234', '$2a$10$z/h4gKgrVrSp9C1LQhxpPec0TT/EIa1FyDMKvP/xe7NOCnG3Qiv8q', b'0', NULL, NULL, 'Male', NULL, 'Activated', NULL, NULL, '2021-01-01 00:00:00', 'Asia/Kolkata', NULL, 'WFO', NULL, NULL, 'PRDADM0001', '2021-01-01 00:00:00', 'PRDADM0001', '2021-01-01 00:00:00', b'1'),
	('15715ea493-8fcc-4c68-b4b8-431a82a375bb', 'PRD000001', 'PRD000001', 'Employee', 'DP100179', NULL, 'M Meenaloshini', NULL, 'Test@1234', '$2a$10$z/h4gKgrVrSp9C1LQhxpPec0TT/EIa1FyDMKvP/xe7NOCnG3Qiv8q', b'0', NULL, NULL, 'Male', NULL, 'Activated', NULL, NULL, '2021-01-01 00:00:00', 'Asia/Kolkata', NULL, 'WFO', NULL, NULL, 'PRDADM0001', '2021-01-01 00:00:00', 'PRDADM0001', '2021-01-01 00:00:00', b'1'),
	('15716ea493-8fcc-4c68-b4b8-431a82a375bb', 'PRD000001', 'PRD000001', 'Employee', 'DP100180', NULL, 'M Nivedhitha', NULL, 'Test@1234', '$2a$10$z/h4gKgrVrSp9C1LQhxpPec0TT/EIa1FyDMKvP/xe7NOCnG3Qiv8q', b'0', NULL, NULL, 'Male', NULL, 'Activated', NULL, NULL, '2021-01-01 00:00:00', 'Asia/Kolkata', NULL, 'WFO', NULL, NULL, 'PRDADM0001', '2021-01-01 00:00:00', 'PRDADM0001', '2021-01-01 00:00:00', b'1'),
	('15717ea493-8fcc-4c68-b4b8-431a82a375bb', 'PRD000001', 'PRD000001', 'Employee', 'DP100181', NULL, 'M Kowsalya', NULL, 'Test@1234', '$2a$10$z/h4gKgrVrSp9C1LQhxpPec0TT/EIa1FyDMKvP/xe7NOCnG3Qiv8q', b'0', NULL, NULL, 'Male', NULL, 'Activated', NULL, NULL, '2021-01-01 00:00:00', 'Asia/Kolkata', NULL, 'WFO', NULL, NULL, 'PRDADM0001', '2021-01-01 00:00:00', 'PRDADM0001', '2021-01-01 00:00:00', b'1'),
	('15718ea493-8fcc-4c68-b4b8-431a82a375bb', 'PRD000001', 'PRD000001', 'Employee', 'DP100182', NULL, 'S Sudha', NULL, 'Test@1234', '$2a$10$z/h4gKgrVrSp9C1LQhxpPec0TT/EIa1FyDMKvP/xe7NOCnG3Qiv8q', b'0', NULL, NULL, 'Male', NULL, 'Activated', NULL, NULL, '2021-01-01 00:00:00', 'Asia/Kolkata', NULL, 'WFO', NULL, NULL, 'PRDADM0001', '2021-01-01 00:00:00', 'PRDADM0001', '2021-01-01 00:00:00', b'1'),
	('15719ea493-8fcc-4c68-b4b8-431a82a375bb', 'PRD000001', 'PRD000001', 'Employee', 'DP100183', NULL, 'R Ramya', NULL, 'Test@1234', '$2a$10$z/h4gKgrVrSp9C1LQhxpPec0TT/EIa1FyDMKvP/xe7NOCnG3Qiv8q', b'0', NULL, NULL, 'Male', NULL, 'Activated', NULL, NULL, '2021-01-01 00:00:00', 'Asia/Kolkata', NULL, 'WFO', NULL, NULL, 'PRDADM0001', '2021-01-01 00:00:00', 'PRDADM0001', '2021-01-01 00:00:00', b'1'),
	('15720ea493-8fcc-4c68-b4b8-431a82a375bb', 'PRD000001', 'PRD000001', 'Employee', 'DP100184', NULL, 'D Anandan', NULL, 'Test@1234', '$2a$10$z/h4gKgrVrSp9C1LQhxpPec0TT/EIa1FyDMKvP/xe7NOCnG3Qiv8q', b'0', NULL, NULL, 'Male', NULL, 'Activated', NULL, NULL, '2021-01-01 00:00:00', 'Asia/Kolkata', NULL, 'WFO', NULL, NULL, 'PRDADM0001', '2021-01-01 00:00:00', 'PRDADM0001', '2021-01-01 00:00:00', b'1'),
	('15721ea493-8fcc-4c68-b4b8-431a82a375bb', 'PRD000001', 'PRD000001', 'Employee', 'DP100185', NULL, 'M Aravind', NULL, 'Test@1234', '$2a$10$z/h4gKgrVrSp9C1LQhxpPec0TT/EIa1FyDMKvP/xe7NOCnG3Qiv8q', b'0', NULL, NULL, 'Male', NULL, 'Activated', NULL, NULL, '2021-01-01 00:00:00', 'Asia/Kolkata', NULL, 'WFO', NULL, NULL, 'PRDADM0001', '2021-01-01 00:00:00', 'PRDADM0001', '2021-01-01 00:00:00', b'1'),
	('15722ea493-8fcc-4c68-b4b8-431a82a375bb', 'PRD000001', 'PRD000001', 'Employee', 'DP100186', NULL, 'P Balamurugan', NULL, 'Test@1234', '$2a$10$z/h4gKgrVrSp9C1LQhxpPec0TT/EIa1FyDMKvP/xe7NOCnG3Qiv8q', b'0', NULL, NULL, 'Male', NULL, 'Activated', NULL, NULL, '2021-01-01 00:00:00', 'Asia/Kolkata', NULL, 'WFO', NULL, NULL, 'PRDADM0001', '2021-01-01 00:00:00', 'PRDADM0001', '2021-01-01 00:00:00', b'1'),
	('15723ea493-8fcc-4c68-b4b8-431a82a375bb', 'PRD000001', 'PRD000001', 'Employee', 'DP100187', NULL, 'Z Jaffar Sadiq', NULL, 'Test@1234', '$2a$10$z/h4gKgrVrSp9C1LQhxpPec0TT/EIa1FyDMKvP/xe7NOCnG3Qiv8q', b'0', NULL, NULL, 'Male', NULL, 'Activated', NULL, NULL, '2021-01-01 00:00:00', 'Asia/Kolkata', NULL, 'WFO', NULL, NULL, 'PRDADM0001', '2021-01-01 00:00:00', 'PRDADM0001', '2021-01-01 00:00:00', b'1'),
	('15724ea493-8fcc-4c68-b4b8-431a82a375bb', 'PRD000001', 'PRD000001', 'Employee', 'DP100188', NULL, 'P Pandieswara raman', NULL, 'Test@1234', '$2a$10$z/h4gKgrVrSp9C1LQhxpPec0TT/EIa1FyDMKvP/xe7NOCnG3Qiv8q', b'0', NULL, NULL, 'Male', NULL, 'Activated', NULL, NULL, '2021-01-01 00:00:00', 'Asia/Kolkata', NULL, 'WFO', NULL, NULL, 'PRDADM0001', '2021-01-01 00:00:00', 'PRDADM0001', '2021-01-01 00:00:00', b'1'),
	('15725ea493-8fcc-4c68-b4b8-431a82a375bb', 'PRD000001', 'PRD000001', 'Employee', 'DP100189', NULL, 'V Yuvaraj', NULL, 'Test@1234', '$2a$10$z/h4gKgrVrSp9C1LQhxpPec0TT/EIa1FyDMKvP/xe7NOCnG3Qiv8q', b'0', NULL, NULL, 'Male', NULL, 'Activated', NULL, NULL, '2021-01-01 00:00:00', 'Asia/Kolkata', NULL, 'WFO', NULL, NULL, 'PRDADM0001', '2021-01-01 00:00:00', 'PRDADM0001', '2021-01-01 00:00:00', b'1'),
	('15726ea493-8fcc-4c68-b4b8-431a82a375bb', 'PRD000001', 'PRD000001', 'Employee', 'DP100190', NULL, 'D Sathish', NULL, 'Test@1234', '$2a$10$z/h4gKgrVrSp9C1LQhxpPec0TT/EIa1FyDMKvP/xe7NOCnG3Qiv8q', b'0', NULL, NULL, 'Male', NULL, 'Activated', NULL, NULL, '2021-01-01 00:00:00', 'Asia/Kolkata', NULL, 'WFO', NULL, NULL, 'PRDADM0001', '2021-01-01 00:00:00', 'PRDADM0001', '2021-01-01 00:00:00', b'1'),
	('15727ea493-8fcc-4c68-b4b8-431a82a375bb', 'PRD000001', 'PRD000001', 'Employee', 'DP100191', NULL, 'N. Shanmugavalli', NULL, 'Test@1234', '$2a$10$z/h4gKgrVrSp9C1LQhxpPec0TT/EIa1FyDMKvP/xe7NOCnG3Qiv8q', b'0', NULL, NULL, 'Male', NULL, 'Activated', NULL, NULL, '2021-01-01 00:00:00', 'Asia/Kolkata', NULL, 'WFO', NULL, NULL, 'PRDADM0001', '2021-01-01 00:00:00', 'PRDADM0001', '2021-01-01 00:00:00', b'1'),
	('15728ea493-8fcc-4c68-b4b8-431a82a375bb', 'PRD000001', 'PRD000001', 'Employee', 'DP100192', NULL, 'T Kalaivani', NULL, 'Test@1234', '$2a$10$z/h4gKgrVrSp9C1LQhxpPec0TT/EIa1FyDMKvP/xe7NOCnG3Qiv8q', b'0', NULL, NULL, 'Male', NULL, 'Activated', NULL, NULL, '2021-01-01 00:00:00', 'Asia/Kolkata', NULL, 'WFO', NULL, NULL, 'PRDADM0001', '2021-01-01 00:00:00', 'PRDADM0001', '2021-01-01 00:00:00', b'1'),
	('15729ea493-8fcc-4c68-b4b8-431a82a375bb', 'PRD000001', 'PRD000001', 'Employee', 'DP100193', NULL, 'S Thanigai Arasu', NULL, 'Test@1234', '$2a$10$z/h4gKgrVrSp9C1LQhxpPec0TT/EIa1FyDMKvP/xe7NOCnG3Qiv8q', b'0', NULL, NULL, 'Male', NULL, 'Activated', NULL, NULL, '2021-01-01 00:00:00', 'Asia/Kolkata', NULL, 'WFO', NULL, NULL, 'PRDADM0001', '2021-01-01 00:00:00', 'PRDADM0001', '2021-01-01 00:00:00', b'1'),
	('15730ea493-8fcc-4c68-b4b8-431a82a375bb', 'PRD000001', 'PRD000001', 'Employee', 'DP100194', NULL, 'E Hemanth Kumar', NULL, 'Test@1234', '$2a$10$z/h4gKgrVrSp9C1LQhxpPec0TT/EIa1FyDMKvP/xe7NOCnG3Qiv8q', b'0', NULL, NULL, 'Male', NULL, 'Activated', NULL, NULL, '2021-01-01 00:00:00', 'Asia/Kolkata', NULL, 'WFO', NULL, NULL, 'PRDADM0001', '2021-01-01 00:00:00', 'PRDADM0001', '2021-01-01 00:00:00', b'1'),
	('15731ea493-8fcc-4c68-b4b8-431a82a375bb', 'PRD000001', 'PRD000001', 'Employee', 'DP100195', NULL, 'B Sajeeth Mohan', NULL, 'Test@1234', '$2a$10$z/h4gKgrVrSp9C1LQhxpPec0TT/EIa1FyDMKvP/xe7NOCnG3Qiv8q', b'0', NULL, NULL, 'Male', NULL, 'Activated', NULL, NULL, '2021-01-01 00:00:00', 'Asia/Kolkata', NULL, 'WFO', NULL, NULL, 'PRDADM0001', '2021-01-01 00:00:00', 'PRDADM0001', '2021-01-01 00:00:00', b'1'),
	('15732ea493-8fcc-4c68-b4b8-431a82a375bb', 'PRD000001', 'PRD000001', 'Employee', 'DP100196', NULL, 'G Saravanan', NULL, 'Test@1234', '$2a$10$z/h4gKgrVrSp9C1LQhxpPec0TT/EIa1FyDMKvP/xe7NOCnG3Qiv8q', b'0', NULL, NULL, 'Male', NULL, 'Activated', NULL, NULL, '2021-01-01 00:00:00', 'Asia/Kolkata', NULL, 'WFO', NULL, NULL, 'PRDADM0001', '2021-01-01 00:00:00', 'PRDADM0001', '2021-01-01 00:00:00', b'1'),
	('15733ea493-8fcc-4c68-b4b8-431a82a375bb', 'PRD000001', 'PRD000001', 'Employee', 'DP100197', NULL, 'T Tamizhazhagan', NULL, 'Test@1234', '$2a$10$z/h4gKgrVrSp9C1LQhxpPec0TT/EIa1FyDMKvP/xe7NOCnG3Qiv8q', b'0', NULL, NULL, 'Male', NULL, 'Activated', NULL, NULL, '2021-01-01 00:00:00', 'Asia/Kolkata', NULL, 'WFO', NULL, NULL, 'PRDADM0001', '2021-01-01 00:00:00', 'PRDADM0001', '2021-01-01 00:00:00', b'1'),
	('15734ea493-8fcc-4c68-b4b8-431a82a375bb', 'PRD000001', 'PRD000001', 'Employee', 'DP100198', NULL, 'S Gurusamy', NULL, 'Test@1234', '$2a$10$z/h4gKgrVrSp9C1LQhxpPec0TT/EIa1FyDMKvP/xe7NOCnG3Qiv8q', b'0', NULL, NULL, 'Male', NULL, 'Activated', NULL, NULL, '2021-01-01 00:00:00', 'Asia/Kolkata', NULL, 'WFO', NULL, NULL, 'PRDADM0001', '2021-01-01 00:00:00', 'PRDADM0001', '2021-01-01 00:00:00', b'1'),
	('15735ea493-8fcc-4c68-b4b8-431a82a375bb', 'PRD000001', 'PRD000001', 'Employee', 'DP100199', NULL, 'E Kousalya', NULL, 'Test@1234', '$2a$10$z/h4gKgrVrSp9C1LQhxpPec0TT/EIa1FyDMKvP/xe7NOCnG3Qiv8q', b'0', NULL, NULL, 'Male', NULL, 'Activated', NULL, NULL, '2021-01-01 00:00:00', 'Asia/Kolkata', NULL, 'WFO', NULL, NULL, 'PRDADM0001', '2021-01-01 00:00:00', 'PRDADM0001', '2021-01-01 00:00:00', b'1'),
	('15736ea493-8fcc-4c68-b4b8-431a82a375bb', 'PRD000001', 'PRD000001', 'Employee', 'DP100200', NULL, 'M Chandradevi', NULL, 'Test@1234', '$2a$10$z/h4gKgrVrSp9C1LQhxpPec0TT/EIa1FyDMKvP/xe7NOCnG3Qiv8q', b'0', NULL, NULL, 'Male', NULL, 'Activated', NULL, NULL, '2021-01-01 00:00:00', 'Asia/Kolkata', NULL, 'WFO', NULL, NULL, 'PRDADM0001', '2021-01-01 00:00:00', 'PRDADM0001', '2021-01-01 00:00:00', b'1'),
	('15737ea493-8fcc-4c68-b4b8-431a82a375bb', 'PRD000001', 'PRD000001', 'Employee', 'DP100201', NULL, 'A Aravinth', NULL, 'Test@1234', '$2a$10$z/h4gKgrVrSp9C1LQhxpPec0TT/EIa1FyDMKvP/xe7NOCnG3Qiv8q', b'0', NULL, NULL, 'Male', NULL, 'Activated', NULL, NULL, '2021-01-01 00:00:00', 'Asia/Kolkata', NULL, 'WFO', NULL, NULL, 'PRDADM0001', '2021-01-01 00:00:00', 'PRDADM0001', '2021-01-01 00:00:00', b'1'),
	('15738ea493-8fcc-4c68-b4b8-431a82a375bb', 'PRD000001', 'PRD000001', 'Employee', 'DP100202', NULL, 'V Sakthibalan', NULL, 'Test@1234', '$2a$10$z/h4gKgrVrSp9C1LQhxpPec0TT/EIa1FyDMKvP/xe7NOCnG3Qiv8q', b'0', NULL, NULL, 'Male', NULL, 'Activated', NULL, NULL, '2021-01-01 00:00:00', 'Asia/Kolkata', NULL, 'WFO', NULL, NULL, 'PRDADM0001', '2021-01-01 00:00:00', 'PRDADM0001', '2021-01-01 00:00:00', b'1'),
	('15739ea493-8fcc-4c68-b4b8-431a82a375bb', 'PRD000001', 'PRD000001', 'Employee', 'DP100203', NULL, 'G Bharath', NULL, 'Test@1234', '$2a$10$z/h4gKgrVrSp9C1LQhxpPec0TT/EIa1FyDMKvP/xe7NOCnG3Qiv8q', b'0', NULL, NULL, 'Male', NULL, 'Activated', NULL, NULL, '2021-01-01 00:00:00', 'Asia/Kolkata', NULL, 'WFO', NULL, NULL, 'PRDADM0001', '2021-01-01 00:00:00', 'PRDADM0001', '2021-01-01 00:00:00', b'1'),
	('15740ea493-8fcc-4c68-b4b8-431a82a375bb', 'PRD000001', 'PRD000001', 'Employee', 'DP100204', NULL, 'S Suganthira Devi', NULL, 'Test@1234', '$2a$10$z/h4gKgrVrSp9C1LQhxpPec0TT/EIa1FyDMKvP/xe7NOCnG3Qiv8q', b'0', NULL, NULL, 'Male', NULL, 'Activated', NULL, NULL, '2021-01-01 00:00:00', 'Asia/Kolkata', NULL, 'WFO', NULL, NULL, 'PRDADM0001', '2021-01-01 00:00:00', 'PRDADM0001', '2021-01-01 00:00:00', b'1'),
	('15742ea493-8fcc-4c68-b4b8-431a82a375bb', 'PRD000001', 'PRD000001', 'Employee', 'DP100205', NULL, 'R Hariharasudhan', NULL, 'Test@1234', '$2a$10$z/h4gKgrVrSp9C1LQhxpPec0TT/EIa1FyDMKvP/xe7NOCnG3Qiv8q', b'0', NULL, NULL, 'Male', NULL, 'Activated', NULL, NULL, '2021-01-01 00:00:00', 'Asia/Kolkata', NULL, 'WFO', NULL, NULL, 'PRDADM0001', '2021-01-01 00:00:00', 'PRDADM0001', '2021-01-01 00:00:00', b'1'),
	('15743ea493-8fcc-4c68-b4b8-431a82a375bb', 'PRD000001', 'PRD000001', 'Employee', 'DP100206', NULL, 'P Devamanikandan', NULL, 'Test@1234', '$2a$10$z/h4gKgrVrSp9C1LQhxpPec0TT/EIa1FyDMKvP/xe7NOCnG3Qiv8q', b'0', NULL, NULL, 'Male', NULL, 'Activated', NULL, NULL, '2021-01-01 00:00:00', 'Asia/Kolkata', NULL, 'WFO', NULL, NULL, 'PRDADM0001', '2021-01-01 00:00:00', 'PRDADM0001', '2021-01-01 00:00:00', b'1'),
	('15744ea493-8fcc-4c68-b4b8-431a82a375bb', 'PRD000001', 'PRD000001', 'Employee', 'DP100207', NULL, 'G Avinash', NULL, 'Test@1234', '$2a$10$z/h4gKgrVrSp9C1LQhxpPec0TT/EIa1FyDMKvP/xe7NOCnG3Qiv8q', b'0', NULL, NULL, 'Male', NULL, 'Activated', NULL, NULL, '2021-01-01 00:00:00', 'Asia/Kolkata', NULL, 'WFO', NULL, NULL, 'PRDADM0001', '2021-01-01 00:00:00', 'PRDADM0001', '2021-01-01 00:00:00', b'1'),
	('15746ea493-8fcc-4c68-b4b8-431a82a375bb', 'PRD000001', 'PRD000001', 'Employee', 'DP100208', NULL, 'A Sermalingesh', NULL, 'Test@1234', '$2a$10$z/h4gKgrVrSp9C1LQhxpPec0TT/EIa1FyDMKvP/xe7NOCnG3Qiv8q', b'0', NULL, NULL, 'Male', NULL, 'Activated', NULL, NULL, '2021-01-01 00:00:00', 'Asia/Kolkata', NULL, 'WFO', NULL, NULL, 'PRDADM0001', '2021-01-01 00:00:00', 'PRDADM0001', '2021-01-01 00:00:00', b'1'),
	('15747ea493-8fcc-4c68-b4b8-431a82a375bb', 'PRD000001', 'PRD000001', 'Employee', 'DP100209', NULL, 'M Mohamed Yaseenahamed', NULL, 'Test@1234', '$2a$10$z/h4gKgrVrSp9C1LQhxpPec0TT/EIa1FyDMKvP/xe7NOCnG3Qiv8q', b'0', NULL, NULL, 'Male', NULL, 'Activated', NULL, NULL, '2021-01-01 00:00:00', 'Asia/Kolkata', NULL, 'WFO', NULL, NULL, 'PRDADM0001', '2021-01-01 00:00:00', 'PRDADM0001', '2021-01-01 00:00:00', b'1'),
	('15748ea493-8fcc-4c68-b4b8-431a82a375bb', 'PRD000001', 'PRD000001', 'Employee', 'DP100210', NULL, 'D Blessie Angelin', NULL, 'Test@1234', '$2a$10$z/h4gKgrVrSp9C1LQhxpPec0TT/EIa1FyDMKvP/xe7NOCnG3Qiv8q', b'0', NULL, NULL, 'Male', NULL, 'Activated', NULL, NULL, '2021-01-01 00:00:00', 'Asia/Kolkata', NULL, 'WFO', NULL, NULL, 'PRDADM0001', '2021-01-01 00:00:00', 'PRDADM0001', '2021-01-01 00:00:00', b'1'),
	('15749ea493-8fcc-4c68-b4b8-431a82a375bb', 'PRD000001', 'PRD000001', 'Employee', 'DP100211', NULL, 'K Vignesh', NULL, 'Test@1234', '$2a$10$z/h4gKgrVrSp9C1LQhxpPec0TT/EIa1FyDMKvP/xe7NOCnG3Qiv8q', b'0', NULL, NULL, 'Male', NULL, 'Activated', NULL, NULL, '2021-01-01 00:00:00', 'Asia/Kolkata', NULL, 'WFO', NULL, NULL, 'PRDADM0001', '2021-01-01 00:00:00', 'PRDADM0001', '2021-01-01 00:00:00', b'1'),
	('15750ea493-8fcc-4c68-b4b8-431a82a375bb', 'PRD000001', 'PRD000001', 'Employee', 'DP100212', NULL, 'S Subhash ', NULL, 'Test@1234', '$2a$10$z/h4gKgrVrSp9C1LQhxpPec0TT/EIa1FyDMKvP/xe7NOCnG3Qiv8q', b'0', NULL, NULL, 'Male', NULL, 'Activated', NULL, NULL, '2021-01-01 00:00:00', 'Asia/Kolkata', NULL, 'WFO', NULL, NULL, 'PRDADM0001', '2021-01-01 00:00:00', 'PRDADM0001', '2021-01-01 00:00:00', b'1'),
	('15751ea493-8fcc-4c68-b4b8-431a82a375bb', 'PRD000001', 'PRD000001', 'Employee', 'DP100213', NULL, 'C Muthuraj', NULL, 'Test@1234', '$2a$10$z/h4gKgrVrSp9C1LQhxpPec0TT/EIa1FyDMKvP/xe7NOCnG3Qiv8q', b'0', NULL, NULL, 'Male', NULL, 'Activated', NULL, NULL, '2021-01-01 00:00:00', 'Asia/Kolkata', NULL, 'WFO', NULL, NULL, 'PRDADM0001', '2021-01-01 00:00:00', 'PRDADM0001', '2021-01-01 00:00:00', b'1'),
	('15752ea493-8fcc-4c68-b4b8-431a82a375bb', 'PRD000001', 'PRD000001', 'Employee', 'DP100214', NULL, 'P Arunkumar', NULL, 'Test@1234', '$2a$10$z/h4gKgrVrSp9C1LQhxpPec0TT/EIa1FyDMKvP/xe7NOCnG3Qiv8q', b'0', NULL, NULL, 'Male', NULL, 'Activated', NULL, NULL, '2021-01-01 00:00:00', 'Asia/Kolkata', NULL, 'WFO', NULL, NULL, 'PRDADM0001', '2021-01-01 00:00:00', 'PRDADM0001', '2021-01-01 00:00:00', b'1'),
	('15753ea493-8fcc-4c68-b4b8-431a82a375bb', 'PRD000001', 'PRD000001', 'Employee', 'DP100215', NULL, 'E Dhivya', NULL, 'Test@1234', '$2a$10$z/h4gKgrVrSp9C1LQhxpPec0TT/EIa1FyDMKvP/xe7NOCnG3Qiv8q', b'0', NULL, NULL, 'Male', NULL, 'Activated', NULL, NULL, '2021-01-01 00:00:00', 'Asia/Kolkata', NULL, 'WFO', NULL, NULL, 'PRDADM0001', '2021-01-01 00:00:00', 'PRDADM0001', '2021-01-01 00:00:00', b'1'),
	('15754ea493-8fcc-4c68-b4b8-431a82a375bb', 'PRD000001', 'PRD000001', 'Employee', 'DP100216', NULL, 'K Priya', NULL, 'Test@1234', '$2a$10$z/h4gKgrVrSp9C1LQhxpPec0TT/EIa1FyDMKvP/xe7NOCnG3Qiv8q', b'0', NULL, NULL, 'Male', NULL, 'Activated', NULL, NULL, '2021-01-01 00:00:00', 'Asia/Kolkata', NULL, 'WFO', NULL, NULL, 'PRDADM0001', '2021-01-01 00:00:00', 'PRDADM0001', '2021-01-01 00:00:00', b'1'),
	('15755ea493-8fcc-4c68-b4b8-431a82a375bb', 'PRD000001', 'PRD000001', 'Employee', 'DP100217', NULL, 'G Marichamy ', NULL, 'Test@1234', '$2a$10$z/h4gKgrVrSp9C1LQhxpPec0TT/EIa1FyDMKvP/xe7NOCnG3Qiv8q', b'0', NULL, NULL, 'Male', NULL, 'Activated', NULL, NULL, '2021-01-01 00:00:00', 'Asia/Kolkata', NULL, 'WFO', NULL, NULL, 'PRDADM0001', '2021-01-01 00:00:00', 'PRDADM0001', '2021-01-01 00:00:00', b'1'),
	('15756ea493-8fcc-4c68-b4b8-431a82a375bb', 'PRD000001', 'PRD000001', 'Employee', 'DP100218', NULL, 'C Santhiya', NULL, 'Test@1234', '$2a$10$z/h4gKgrVrSp9C1LQhxpPec0TT/EIa1FyDMKvP/xe7NOCnG3Qiv8q', b'0', NULL, NULL, 'Male', NULL, 'Activated', NULL, NULL, '2021-01-01 00:00:00', 'Asia/Kolkata', NULL, 'WFO', NULL, NULL, 'PRDADM0001', '2021-01-01 00:00:00', 'PRDADM0001', '2021-01-01 00:00:00', b'1'),
	('15757ea493-8fcc-4c68-b4b8-431a82a375bb', 'PRD000001', 'PRD000001', 'Employee', 'DP100219', NULL, 'M Ramya', NULL, 'Test@1234', '$2a$10$z/h4gKgrVrSp9C1LQhxpPec0TT/EIa1FyDMKvP/xe7NOCnG3Qiv8q', b'0', NULL, NULL, 'Male', NULL, 'Activated', NULL, NULL, '2021-01-01 00:00:00', 'Asia/Kolkata', NULL, 'WFO', NULL, NULL, 'PRDADM0001', '2021-01-01 00:00:00', 'PRDADM0001', '2021-01-01 00:00:00', b'1'),
	('15758ea493-8fcc-4c68-b4b8-431a82a375bb', 'PRD000001', 'PRD000001', 'Employee', 'DP100220', NULL, 'R Sarathkumar', NULL, 'Test@1234', '$2a$10$z/h4gKgrVrSp9C1LQhxpPec0TT/EIa1FyDMKvP/xe7NOCnG3Qiv8q', b'0', NULL, NULL, 'Male', NULL, 'Activated', NULL, NULL, '2021-01-01 00:00:00', 'Asia/Kolkata', NULL, 'WFO', NULL, NULL, 'PRDADM0001', '2021-01-01 00:00:00', 'PRDADM0001', '2021-01-01 00:00:00', b'1'),
	('15759ea493-8fcc-4c68-b4b8-431a82a375bb', 'PRD000001', 'PRD000001', 'Employee', 'DP100221', NULL, 'C Aswini Pushpam', NULL, 'Test@1234', '$2a$10$z/h4gKgrVrSp9C1LQhxpPec0TT/EIa1FyDMKvP/xe7NOCnG3Qiv8q', b'0', NULL, NULL, 'Male', NULL, 'Activated', NULL, NULL, '2021-01-01 00:00:00', 'Asia/Kolkata', NULL, 'WFO', NULL, NULL, 'PRDADM0001', '2021-01-01 00:00:00', 'PRDADM0001', '2021-01-01 00:00:00', b'1'),
	('15760ea493-8fcc-4c68-b4b8-431a82a375bb', 'PRD000001', 'PRD000001', 'Employee', 'DP100222', NULL, 'R J Lijin', NULL, 'Test@1234', '$2a$10$z/h4gKgrVrSp9C1LQhxpPec0TT/EIa1FyDMKvP/xe7NOCnG3Qiv8q', b'0', NULL, NULL, 'Male', NULL, 'Activated', NULL, NULL, '2021-01-01 00:00:00', 'Asia/Kolkata', NULL, 'WFO', NULL, NULL, 'PRDADM0001', '2021-01-01 00:00:00', 'PRDADM0001', '2021-01-01 00:00:00', b'1'),
	('15761ea493-8fcc-4c68-b4b8-431a82a375bb', 'PRD000001', 'PRD000001', 'Employee', 'DP100223', NULL, 'R Gurunathan', NULL, 'Test@1234', '$2a$10$z/h4gKgrVrSp9C1LQhxpPec0TT/EIa1FyDMKvP/xe7NOCnG3Qiv8q', b'0', NULL, NULL, 'Male', NULL, 'Activated', NULL, NULL, '2021-01-01 00:00:00', 'Asia/Kolkata', NULL, 'WFO', NULL, NULL, 'PRDADM0001', '2021-01-01 00:00:00', 'PRDADM0001', '2021-01-01 00:00:00', b'1'),
	('15762ea493-8fcc-4c68-b4b8-431a82a375bb', 'PRD000001', 'PRD000001', 'Employee', 'DP100224', NULL, 'P Natarajan', NULL, 'Test@1234', '$2a$10$z/h4gKgrVrSp9C1LQhxpPec0TT/EIa1FyDMKvP/xe7NOCnG3Qiv8q', b'0', NULL, NULL, 'Male', NULL, 'Activated', NULL, NULL, '2021-01-01 00:00:00', 'Asia/Kolkata', NULL, 'WFO', NULL, NULL, 'PRDADM0001', '2021-01-01 00:00:00', 'PRDADM0001', '2021-01-01 00:00:00', b'1'),
	('15763ea493-8fcc-4c68-b4b8-431a82a375bb', 'PRD000001', 'PRD000001', 'Employee', 'DP100225', NULL, 'R Ponnan', NULL, 'Test@1234', '$2a$10$z/h4gKgrVrSp9C1LQhxpPec0TT/EIa1FyDMKvP/xe7NOCnG3Qiv8q', b'0', NULL, NULL, 'Male', NULL, 'Activated', NULL, NULL, '2021-01-01 00:00:00', 'Asia/Kolkata', NULL, 'WFO', NULL, NULL, 'PRDADM0001', '2021-01-01 00:00:00', 'PRDADM0001', '2021-01-01 00:00:00', b'1'),
	('15764ea493-8fcc-4c68-b4b8-431a82a375bb', 'PRD000001', 'PRD000001', 'Employee', 'DP100226', NULL, 'J Vignesh', NULL, 'Test@1234', '$2a$10$z/h4gKgrVrSp9C1LQhxpPec0TT/EIa1FyDMKvP/xe7NOCnG3Qiv8q', b'0', NULL, NULL, 'Male', NULL, 'Activated', NULL, NULL, '2021-01-01 00:00:00', 'Asia/Kolkata', NULL, 'WFO', NULL, NULL, 'PRDADM0001', '2021-01-01 00:00:00', 'PRDADM0001', '2021-01-01 00:00:00', b'1'),
	('15766ea493-8fcc-4c68-b4b8-431a82a375bb', 'PRD000001', 'PRD000001', 'Employee', 'DP100227', NULL, 'R Jenisha', NULL, 'Test@1234', '$2a$10$z/h4gKgrVrSp9C1LQhxpPec0TT/EIa1FyDMKvP/xe7NOCnG3Qiv8q', b'0', NULL, NULL, 'Male', NULL, 'Activated', NULL, NULL, '2021-01-01 00:00:00', 'Asia/Kolkata', NULL, 'WFO', NULL, NULL, 'PRDADM0001', '2021-01-01 00:00:00', 'PRDADM0001', '2021-01-01 00:00:00', b'1'),
	('15767ea493-8fcc-4c68-b4b8-431a82a375bb', 'PRD000001', 'PRD000001', 'Employee', 'DP100228', NULL, 'P Ramya', NULL, 'Test@1234', '$2a$10$z/h4gKgrVrSp9C1LQhxpPec0TT/EIa1FyDMKvP/xe7NOCnG3Qiv8q', b'0', NULL, NULL, 'Male', NULL, 'Activated', NULL, NULL, '2021-01-01 00:00:00', 'Asia/Kolkata', NULL, 'WFO', NULL, NULL, 'PRDADM0001', '2021-01-01 00:00:00', 'PRDADM0001', '2021-01-01 00:00:00', b'1'),
	('15768ea493-8fcc-4c68-b4b8-431a82a375bb', 'PRD000001', 'PRD000001', 'Employee', 'DP100229', NULL, 'K Manivarman', NULL, 'Test@1234', '$2a$10$z/h4gKgrVrSp9C1LQhxpPec0TT/EIa1FyDMKvP/xe7NOCnG3Qiv8q', b'0', NULL, NULL, 'Male', NULL, 'Activated', NULL, NULL, '2021-01-01 00:00:00', 'Asia/Kolkata', NULL, 'WFO', NULL, NULL, 'PRDADM0001', '2021-01-01 00:00:00', 'PRDADM0001', '2021-01-01 00:00:00', b'1'),
	('15769ea493-8fcc-4c68-b4b8-431a82a375bb', 'PRD000001', 'PRD000001', 'Employee', 'DP100230', NULL, 'K Madhushree', NULL, 'Test@1234', '$2a$10$z/h4gKgrVrSp9C1LQhxpPec0TT/EIa1FyDMKvP/xe7NOCnG3Qiv8q', b'0', NULL, NULL, 'Male', NULL, 'Activated', NULL, NULL, '2021-01-01 00:00:00', 'Asia/Kolkata', NULL, 'WFO', NULL, NULL, 'PRDADM0001', '2021-01-01 00:00:00', 'PRDADM0001', '2021-01-01 00:00:00', b'1'),
	('15770ea493-8fcc-4c68-b4b8-431a82a375bb', 'PRD000001', 'PRD000001', 'Employee', 'DP100231', NULL, 'M Balaji', NULL, 'Test@1234', '$2a$10$z/h4gKgrVrSp9C1LQhxpPec0TT/EIa1FyDMKvP/xe7NOCnG3Qiv8q', b'0', NULL, NULL, 'Male', NULL, 'Activated', NULL, NULL, '2021-01-01 00:00:00', 'Asia/Kolkata', NULL, 'WFO', NULL, NULL, 'PRDADM0001', '2021-01-01 00:00:00', 'PRDADM0001', '2021-01-01 00:00:00', b'1'),
	('15771ea493-8fcc-4c68-b4b8-431a82a375bb', 'PRD000001', 'PRD000001', 'Employee', 'DP100232', NULL, 'M Manikanda Raja', NULL, 'Test@1234', '$2a$10$z/h4gKgrVrSp9C1LQhxpPec0TT/EIa1FyDMKvP/xe7NOCnG3Qiv8q', b'0', NULL, NULL, 'Male', NULL, 'Activated', NULL, NULL, '2021-01-01 00:00:00', 'Asia/Kolkata', NULL, 'WFO', NULL, NULL, 'PRDADM0001', '2021-01-01 00:00:00', 'PRDADM0001', '2021-01-01 00:00:00', b'1'),
	('15772ea493-8fcc-4c68-b4b8-431a82a375bb', 'PRD000001', 'PRD000001', 'Employee', 'DP100233', NULL, 'K Vanithasri', NULL, 'Test@1234', '$2a$10$z/h4gKgrVrSp9C1LQhxpPec0TT/EIa1FyDMKvP/xe7NOCnG3Qiv8q', b'0', NULL, NULL, 'Male', NULL, 'Activated', NULL, NULL, '2021-01-01 00:00:00', 'Asia/Kolkata', NULL, 'WFO', NULL, NULL, 'PRDADM0001', '2021-01-01 00:00:00', 'PRDADM0001', '2021-01-01 00:00:00', b'1'),
	('15773ea493-8fcc-4c68-b4b8-431a82a375bb', 'PRD000001', 'PRD000001', 'Employee', 'DP100234', NULL, 'M Malkiyas', NULL, 'Test@1234', '$2a$10$z/h4gKgrVrSp9C1LQhxpPec0TT/EIa1FyDMKvP/xe7NOCnG3Qiv8q', b'0', NULL, NULL, 'Male', NULL, 'Activated', NULL, NULL, '2021-01-01 00:00:00', 'Asia/Kolkata', NULL, 'WFO', NULL, NULL, 'PRDADM0001', '2021-01-01 00:00:00', 'PRDADM0001', '2021-01-01 00:00:00', b'1'),
	('15774ea493-8fcc-4c68-b4b8-431a82a375bb', 'PRD000001', 'PRD000001', 'Employee', 'DP100235', NULL, 'K Viknesh', NULL, 'Test@1234', '$2a$10$z/h4gKgrVrSp9C1LQhxpPec0TT/EIa1FyDMKvP/xe7NOCnG3Qiv8q', b'0', NULL, NULL, 'Male', NULL, 'Activated', NULL, NULL, '2021-01-01 00:00:00', 'Asia/Kolkata', NULL, 'WFO', NULL, NULL, 'PRDADM0001', '2021-01-01 00:00:00', 'PRDADM0001', '2021-01-01 00:00:00', b'1'),
	('15775ea493-8fcc-4c68-b4b8-431a82a375bb', 'PRD000001', 'PRD000001', 'Employee', 'DP100236', NULL, 'S Kowsi Preethi', NULL, 'Test@1234', '$2a$10$z/h4gKgrVrSp9C1LQhxpPec0TT/EIa1FyDMKvP/xe7NOCnG3Qiv8q', b'0', NULL, NULL, 'Male', NULL, 'Activated', NULL, NULL, '2021-01-01 00:00:00', 'Asia/Kolkata', NULL, 'WFO', NULL, NULL, 'PRDADM0001', '2021-01-01 00:00:00', 'PRDADM0001', '2021-01-01 00:00:00', b'1'),
	('15776ea493-8fcc-4c68-b4b8-431a82a375bb', 'PRD000001', 'PRD000001', 'Employee', 'DP100237', NULL, 'P Ravichandran', NULL, 'Test@1234', '$2a$10$z/h4gKgrVrSp9C1LQhxpPec0TT/EIa1FyDMKvP/xe7NOCnG3Qiv8q', b'0', NULL, NULL, 'Male', NULL, 'Activated', NULL, NULL, '2021-01-01 00:00:00', 'Asia/Kolkata', NULL, 'WFO', NULL, NULL, 'PRDADM0001', '2021-01-01 00:00:00', 'PRDADM0001', '2021-01-01 00:00:00', b'1'),
	('15778ea493-8fcc-4c68-b4b8-431a82a375bb', 'PRD000001', 'PRD000001', 'Employee', 'DP100238', NULL, 'J Jayapradha', NULL, 'Test@1234', '$2a$10$z/h4gKgrVrSp9C1LQhxpPec0TT/EIa1FyDMKvP/xe7NOCnG3Qiv8q', b'0', NULL, NULL, 'Male', NULL, 'Activated', NULL, NULL, '2021-01-01 00:00:00', 'Asia/Kolkata', NULL, 'WFO', NULL, NULL, 'PRDADM0001', '2021-01-01 00:00:00', 'PRDADM0001', '2021-01-01 00:00:00', b'1'),
	('15779ea493-8fcc-4c68-b4b8-431a82a375bb', 'PRD000001', 'PRD000001', 'Employee', 'DP100239', NULL, 'P Gayathri', NULL, 'Test@1234', '$2a$10$z/h4gKgrVrSp9C1LQhxpPec0TT/EIa1FyDMKvP/xe7NOCnG3Qiv8q', b'0', NULL, NULL, 'Male', NULL, 'Activated', NULL, NULL, '2021-01-01 00:00:00', 'Asia/Kolkata', NULL, 'WFO', NULL, NULL, 'PRDADM0001', '2021-01-01 00:00:00', 'PRDADM0001', '2021-01-01 00:00:00', b'1'),
	('15780ea493-8fcc-4c68-b4b8-431a82a375bb', 'PRD000001', 'PRD000001', 'Employee', 'DP100240', NULL, 'A Anusha', NULL, 'Test@1234', '$2a$10$z/h4gKgrVrSp9C1LQhxpPec0TT/EIa1FyDMKvP/xe7NOCnG3Qiv8q', b'0', NULL, NULL, 'Male', NULL, 'Activated', NULL, NULL, '2021-01-01 00:00:00', 'Asia/Kolkata', NULL, 'WFO', NULL, NULL, 'PRDADM0001', '2021-01-01 00:00:00', 'PRDADM0001', '2021-01-01 00:00:00', b'1'),
	('15781ea493-8fcc-4c68-b4b8-431a82a375bb', 'PRD000001', 'PRD000001', 'Employee', 'DP100241', NULL, 'G Siva', NULL, 'Test@1234', '$2a$10$z/h4gKgrVrSp9C1LQhxpPec0TT/EIa1FyDMKvP/xe7NOCnG3Qiv8q', b'0', NULL, NULL, 'Male', NULL, 'Activated', NULL, NULL, '2021-01-01 00:00:00', 'Asia/Kolkata', NULL, 'WFO', NULL, NULL, 'PRDADM0001', '2021-01-01 00:00:00', 'PRDADM0001', '2021-01-01 00:00:00', b'1'),
	('15783ea493-8fcc-4c68-b4b8-431a82a375bb', 'PRD000001', 'PRD000001', 'Employee', 'DP100242', NULL, 'R Saranya', NULL, 'Test@1234', '$2a$10$z/h4gKgrVrSp9C1LQhxpPec0TT/EIa1FyDMKvP/xe7NOCnG3Qiv8q', b'0', NULL, NULL, 'Male', NULL, 'Activated', NULL, NULL, '2021-01-01 00:00:00', 'Asia/Kolkata', NULL, 'WFO', NULL, NULL, 'PRDADM0001', '2021-01-01 00:00:00', 'PRDADM0001', '2021-01-01 00:00:00', b'1'),
	('15784ea493-8fcc-4c68-b4b8-431a82a375bb', 'PRD000001', 'PRD000001', 'Employee', 'DP100243', NULL, 'K Sivaraman', NULL, 'Test@1234', '$2a$10$z/h4gKgrVrSp9C1LQhxpPec0TT/EIa1FyDMKvP/xe7NOCnG3Qiv8q', b'0', NULL, NULL, 'Male', NULL, 'Activated', NULL, NULL, '2021-01-01 00:00:00', 'Asia/Kolkata', NULL, 'WFO', NULL, NULL, 'PRDADM0001', '2021-01-01 00:00:00', 'PRDADM0001', '2021-01-01 00:00:00', b'1'),
	('15785ea493-8fcc-4c68-b4b8-431a82a375bb', 'PRD000001', 'PRD000001', 'Employee', 'DP100244', NULL, 'M Prabhakaran', NULL, 'Test@1234', '$2a$10$z/h4gKgrVrSp9C1LQhxpPec0TT/EIa1FyDMKvP/xe7NOCnG3Qiv8q', b'0', NULL, NULL, 'Male', NULL, 'Activated', NULL, NULL, '2021-01-01 00:00:00', 'Asia/Kolkata', NULL, 'WFO', NULL, NULL, 'PRDADM0001', '2021-01-01 00:00:00', 'PRDADM0001', '2021-01-01 00:00:00', b'1'),
	('15786ea493-8fcc-4c68-b4b8-431a82a375bb', 'PRD000001', 'PRD000001', 'Employee', 'DP100245', NULL, 'P Elumalai', NULL, 'Test@1234', '$2a$10$z/h4gKgrVrSp9C1LQhxpPec0TT/EIa1FyDMKvP/xe7NOCnG3Qiv8q', b'0', NULL, NULL, 'Male', NULL, 'Activated', NULL, NULL, '2021-01-01 00:00:00', 'Asia/Kolkata', NULL, 'WFO', NULL, NULL, 'PRDADM0001', '2021-01-01 00:00:00', 'PRDADM0001', '2021-01-01 00:00:00', b'1'),
	('15787ea493-8fcc-4c68-b4b8-431a82a375bb', 'PRD000001', 'PRD000001', 'Employee', 'DP100246', NULL, 'S Karuppaiya', NULL, 'Test@1234', '$2a$10$z/h4gKgrVrSp9C1LQhxpPec0TT/EIa1FyDMKvP/xe7NOCnG3Qiv8q', b'0', NULL, NULL, 'Male', NULL, 'Activated', NULL, NULL, '2021-01-01 00:00:00', 'Asia/Kolkata', NULL, 'WFO', NULL, NULL, 'PRDADM0001', '2021-01-01 00:00:00', 'PRDADM0001', '2021-01-01 00:00:00', b'1'),
	('15788ea493-8fcc-4c68-b4b8-431a82a375bb', 'PRD000001', 'PRD000001', 'Employee', 'DP100247', NULL, 'K R Nishanth', NULL, 'Test@1234', '$2a$10$z/h4gKgrVrSp9C1LQhxpPec0TT/EIa1FyDMKvP/xe7NOCnG3Qiv8q', b'0', NULL, NULL, 'Male', NULL, 'Activated', NULL, NULL, '2021-01-01 00:00:00', 'Asia/Kolkata', NULL, 'WFO', NULL, NULL, 'PRDADM0001', '2021-01-01 00:00:00', 'PRDADM0001', '2021-01-01 00:00:00', b'1'),
	('15789ea493-8fcc-4c68-b4b8-431a82a375bb', 'PRD000001', 'PRD000001', 'Employee', 'DP100248', NULL, 'K Aravind', NULL, 'Test@1234', '$2a$10$z/h4gKgrVrSp9C1LQhxpPec0TT/EIa1FyDMKvP/xe7NOCnG3Qiv8q', b'0', NULL, NULL, 'Male', NULL, 'Activated', NULL, NULL, '2021-01-01 00:00:00', 'Asia/Kolkata', NULL, 'WFO', NULL, NULL, 'PRDADM0001', '2021-01-01 00:00:00', 'PRDADM0001', '2021-01-01 00:00:00', b'1'),
	('15791ea493-8fcc-4c68-b4b8-431a82a375bb', 'PRD000001', 'PRD000001', 'Employee', 'DP100249', NULL, 'M Vigneshwaran ', NULL, 'Test@1234', '$2a$10$z/h4gKgrVrSp9C1LQhxpPec0TT/EIa1FyDMKvP/xe7NOCnG3Qiv8q', b'0', NULL, NULL, 'Male', NULL, 'Activated', NULL, NULL, '2021-01-01 00:00:00', 'Asia/Kolkata', NULL, 'WFO', NULL, NULL, 'PRDADM0001', '2021-01-01 00:00:00', 'PRDADM0001', '2021-01-01 00:00:00', b'1'),
	('15792ea493-8fcc-4c68-b4b8-431a82a375bb', 'PRD000001', 'PRD000001', 'Employee', 'DP100250', NULL, 'J Jeniffer', NULL, 'Test@1234', '$2a$10$z/h4gKgrVrSp9C1LQhxpPec0TT/EIa1FyDMKvP/xe7NOCnG3Qiv8q', b'0', NULL, NULL, 'Male', NULL, 'Activated', NULL, NULL, '2021-01-01 00:00:00', 'Asia/Kolkata', NULL, 'WFO', NULL, NULL, 'PRDADM0001', '2021-01-01 00:00:00', 'PRDADM0001', '2021-01-01 00:00:00', b'1'),
	('15793ea493-8fcc-4c68-b4b8-431a82a375bb', 'PRD000001', 'PRD000001', 'Employee', 'DP100251', NULL, 'B Tamizharasu', NULL, 'Test@1234', '$2a$10$z/h4gKgrVrSp9C1LQhxpPec0TT/EIa1FyDMKvP/xe7NOCnG3Qiv8q', b'0', NULL, NULL, 'Male', NULL, 'Activated', NULL, NULL, '2021-01-01 00:00:00', 'Asia/Kolkata', NULL, 'WFO', NULL, NULL, 'PRDADM0001', '2021-01-01 00:00:00', 'PRDADM0001', '2021-01-01 00:00:00', b'1'),
	('15794ea493-8fcc-4c68-b4b8-431a82a375bb', 'PRD000001', 'PRD000001', 'Employee', 'DP100252', NULL, 'T Venkatesh ', NULL, 'Test@1234', '$2a$10$z/h4gKgrVrSp9C1LQhxpPec0TT/EIa1FyDMKvP/xe7NOCnG3Qiv8q', b'0', NULL, NULL, 'Male', NULL, 'Activated', NULL, NULL, '2021-01-01 00:00:00', 'Asia/Kolkata', NULL, 'WFO', NULL, NULL, 'PRDADM0001', '2021-01-01 00:00:00', 'PRDADM0001', '2021-01-01 00:00:00', b'1'),
	('15806ea493-8fcc-4c68-b4b8-431a82a375bb', 'PRD000001', 'PRD000001', 'Employee', 'DP100253', NULL, 'Rajeswari', NULL, 'Test@1234', '$2a$10$z/h4gKgrVrSp9C1LQhxpPec0TT/EIa1FyDMKvP/xe7NOCnG3Qiv8q', b'0', NULL, NULL, 'Male', NULL, 'Activated', NULL, NULL, '2021-01-01 00:00:00', 'Asia/Kolkata', NULL, 'WFO', NULL, NULL, 'PRDADM0001', '2021-01-01 00:00:00', 'PRDADM0001', '2021-01-01 00:00:00', b'1'),
	('15810ea493-8fcc-4c68-b4b8-431a82a375bb', 'PRD000001', 'PRD000001', 'Employee', 'DP100254', NULL, 'Saranya C', NULL, 'Test@1234', '$2a$10$z/h4gKgrVrSp9C1LQhxpPec0TT/EIa1FyDMKvP/xe7NOCnG3Qiv8q', b'0', NULL, NULL, 'Male', NULL, 'Activated', NULL, NULL, '2021-01-01 00:00:00', 'Asia/Kolkata', NULL, 'WFO', NULL, NULL, 'PRDADM0001', '2021-01-01 00:00:00', 'PRDADM0001', '2021-01-01 00:00:00', b'1'),
	('15812ea493-8fcc-4c68-b4b8-431a82a375bb', 'PRD000001', 'PRD000001', 'Employee', 'DP100255', NULL, 'M.Jagasree', NULL, 'Test@1234', '$2a$10$z/h4gKgrVrSp9C1LQhxpPec0TT/EIa1FyDMKvP/xe7NOCnG3Qiv8q', b'0', NULL, NULL, 'Male', NULL, 'Activated', NULL, NULL, '2021-01-01 00:00:00', 'Asia/Kolkata', NULL, 'WFO', NULL, NULL, 'PRDADM0001', '2021-01-01 00:00:00', 'PRDADM0001', '2021-01-01 00:00:00', b'1'),
	('15813ea493-8fcc-4c68-b4b8-431a82a375bb', 'PRD000001', 'PRD000001', 'Employee', 'DP100256', NULL, 'M.ANANDHA PRIYA', NULL, 'Test@1234', '$2a$10$z/h4gKgrVrSp9C1LQhxpPec0TT/EIa1FyDMKvP/xe7NOCnG3Qiv8q', b'0', NULL, NULL, 'Male', NULL, 'Activated', NULL, NULL, '2021-01-01 00:00:00', 'Asia/Kolkata', NULL, 'WFO', NULL, NULL, 'PRDADM0001', '2021-01-01 00:00:00', 'PRDADM0001', '2021-01-01 00:00:00', b'1'),
	('15814ea493-8fcc-4c68-b4b8-431a82a375bb', 'PRD000001', 'PRD000001', 'Employee', 'DP100257', NULL, 'M.Iyyammal', NULL, 'Test@1234', '$2a$10$z/h4gKgrVrSp9C1LQhxpPec0TT/EIa1FyDMKvP/xe7NOCnG3Qiv8q', b'0', NULL, NULL, 'Male', NULL, 'Activated', NULL, NULL, '2021-01-01 00:00:00', 'Asia/Kolkata', NULL, 'WFO', NULL, NULL, 'PRDADM0001', '2021-01-01 00:00:00', 'PRDADM0001', '2021-01-01 00:00:00', b'1'),
	('15815ea493-8fcc-4c68-b4b8-431a82a375bb', 'PRD000001', 'PRD000001', 'Employee', 'DP100258', NULL, 'KEERTTANA.T', NULL, 'Test@1234', '$2a$10$z/h4gKgrVrSp9C1LQhxpPec0TT/EIa1FyDMKvP/xe7NOCnG3Qiv8q', b'0', NULL, NULL, 'Male', NULL, 'Activated', NULL, NULL, '2021-01-01 00:00:00', 'Asia/Kolkata', NULL, 'WFO', NULL, NULL, 'PRDADM0001', '2021-01-01 00:00:00', 'PRDADM0001', '2021-01-01 00:00:00', b'1'),
	('15816ea493-8fcc-4c68-b4b8-431a82a375bb', 'PRD000001', 'PRD000001', 'Employee', 'DP100259', NULL, 'V Aswath Balaji', NULL, 'Test@1234', '$2a$10$z/h4gKgrVrSp9C1LQhxpPec0TT/EIa1FyDMKvP/xe7NOCnG3Qiv8q', b'0', NULL, NULL, 'Male', NULL, 'Activated', NULL, NULL, '2021-01-01 00:00:00', 'Asia/Kolkata', NULL, 'WFO', NULL, NULL, 'PRDADM0001', '2021-01-01 00:00:00', 'PRDADM0001', '2021-01-01 00:00:00', b'1'),
	('15817ea493-8fcc-4c68-b4b8-431a82a375bb', 'PRD000001', 'PRD000001', 'Employee', 'DP100260', NULL, 'DM Joel Singh', NULL, 'Test@1234', '$2a$10$z/h4gKgrVrSp9C1LQhxpPec0TT/EIa1FyDMKvP/xe7NOCnG3Qiv8q', b'0', NULL, NULL, 'Male', NULL, 'Activated', NULL, NULL, '2021-01-01 00:00:00', 'Asia/Kolkata', NULL, 'WFO', NULL, NULL, 'PRDADM0001', '2021-01-01 00:00:00', 'PRDADM0001', '2021-01-01 00:00:00', b'1'),
	('15818ea493-8fcc-4c68-b4b8-431a82a375bb', 'PRD000001', 'PRD000001', 'Employee', 'DP100261', NULL, 'V Karthick Raja', NULL, 'Test@1234', '$2a$10$z/h4gKgrVrSp9C1LQhxpPec0TT/EIa1FyDMKvP/xe7NOCnG3Qiv8q', b'0', NULL, NULL, 'Male', NULL, 'Activated', NULL, NULL, '2021-01-01 00:00:00', 'Asia/Kolkata', NULL, 'WFO', NULL, NULL, 'PRDADM0001', '2021-01-01 00:00:00', 'PRDADM0001', '2021-01-01 00:00:00', b'1'),
	('15819ea493-8fcc-4c68-b4b8-431a82a375bb', 'PRD000001', 'PRD000001', 'Employee', 'DP100262', NULL, 'A Ashlin Solomon', NULL, 'Test@1234', '$2a$10$z/h4gKgrVrSp9C1LQhxpPec0TT/EIa1FyDMKvP/xe7NOCnG3Qiv8q', b'0', NULL, NULL, 'Male', NULL, 'Activated', NULL, NULL, '2021-01-01 00:00:00', 'Asia/Kolkata', NULL, 'WFO', NULL, NULL, 'PRDADM0001', '2021-01-01 00:00:00', 'PRDADM0001', '2021-01-01 00:00:00', b'1'),
	('15820ea493-8fcc-4c68-b4b8-431a82a375bb', 'PRD000001', 'PRD000001', 'Employee', 'DP100263', NULL, 'J Prasanna', NULL, 'Test@1234', '$2a$10$z/h4gKgrVrSp9C1LQhxpPec0TT/EIa1FyDMKvP/xe7NOCnG3Qiv8q', b'0', NULL, NULL, 'Male', NULL, 'Activated', NULL, NULL, '2021-01-01 00:00:00', 'Asia/Kolkata', NULL, 'WFO', NULL, NULL, 'PRDADM0001', '2021-01-01 00:00:00', 'PRDADM0001', '2021-01-01 00:00:00', b'1'),
	('15821ea493-8fcc-4c68-b4b8-431a82a375bb', 'PRD000001', 'PRD000001', 'Employee', 'DP100264', NULL, 'VM Jahal', NULL, 'Test@1234', '$2a$10$z/h4gKgrVrSp9C1LQhxpPec0TT/EIa1FyDMKvP/xe7NOCnG3Qiv8q', b'0', NULL, NULL, 'Male', NULL, 'Activated', NULL, NULL, '2021-01-01 00:00:00', 'Asia/Kolkata', NULL, 'WFO', NULL, NULL, 'PRDADM0001', '2021-01-01 00:00:00', 'PRDADM0001', '2021-01-01 00:00:00', b'1'),
	('15822ea493-8fcc-4c68-b4b8-431a82a375bb', 'PRD000001', 'PRD000001', 'Employee', 'DP100265', NULL, 'G Arul Mozhi Pandian', NULL, 'Test@1234', '$2a$10$z/h4gKgrVrSp9C1LQhxpPec0TT/EIa1FyDMKvP/xe7NOCnG3Qiv8q', b'0', NULL, NULL, 'Male', NULL, 'Activated', NULL, NULL, '2021-01-01 00:00:00', 'Asia/Kolkata', NULL, 'WFO', NULL, NULL, 'PRDADM0001', '2021-01-01 00:00:00', 'PRDADM0001', '2021-01-01 00:00:00', b'1'),
	('15823ea493-8fcc-4c68-b4b8-431a82a375bb', 'PRD000001', 'PRD000001', 'Employee', 'DP100266', NULL, 'L Nikitha', NULL, 'Test@1234', '$2a$10$z/h4gKgrVrSp9C1LQhxpPec0TT/EIa1FyDMKvP/xe7NOCnG3Qiv8q', b'0', NULL, NULL, 'Male', NULL, 'Activated', NULL, NULL, '2021-01-01 00:00:00', 'Asia/Kolkata', NULL, 'WFO', NULL, NULL, 'PRDADM0001', '2021-01-01 00:00:00', 'PRDADM0001', '2021-01-01 00:00:00', b'1'),
	('15824ea493-8fcc-4c68-b4b8-431a82a375bb', 'PRD000001', 'PRD000001', 'Employee', 'DP100267', NULL, 'S Muthtamizhan', NULL, 'Test@1234', '$2a$10$z/h4gKgrVrSp9C1LQhxpPec0TT/EIa1FyDMKvP/xe7NOCnG3Qiv8q', b'0', NULL, NULL, 'Male', NULL, 'Activated', NULL, NULL, '2021-01-01 00:00:00', 'Asia/Kolkata', NULL, 'WFO', NULL, NULL, 'PRDADM0001', '2021-01-01 00:00:00', 'PRDADM0001', '2021-01-01 00:00:00', b'1'),
	('15825ea493-8fcc-4c68-b4b8-431a82a375bb', 'PRD000001', 'PRD000001', 'Employee', 'DP100268', NULL, 'S Srinivasan', NULL, 'Test@1234', '$2a$10$z/h4gKgrVrSp9C1LQhxpPec0TT/EIa1FyDMKvP/xe7NOCnG3Qiv8q', b'0', NULL, NULL, 'Male', NULL, 'Activated', NULL, NULL, '2021-01-01 00:00:00', 'Asia/Kolkata', NULL, 'WFO', NULL, NULL, 'PRDADM0001', '2021-01-01 00:00:00', 'PRDADM0001', '2021-01-01 00:00:00', b'1'),
	('15826ea493-8fcc-4c68-b4b8-431a82a375bb', 'PRD000001', 'PRD000001', 'Employee', 'DP100269', NULL, 'N Sumitha', NULL, 'Test@1234', '$2a$10$z/h4gKgrVrSp9C1LQhxpPec0TT/EIa1FyDMKvP/xe7NOCnG3Qiv8q', b'0', NULL, NULL, 'Male', NULL, 'Activated', NULL, NULL, '2021-01-01 00:00:00', 'Asia/Kolkata', NULL, 'WFO', NULL, NULL, 'PRDADM0001', '2021-01-01 00:00:00', 'PRDADM0001', '2021-01-01 00:00:00', b'1'),
	('15827ea493-8fcc-4c68-b4b8-431a82a375bb', 'PRD000001', 'PRD000001', 'Employee', 'DP100270', NULL, 'S Janani', NULL, 'Test@1234', '$2a$10$z/h4gKgrVrSp9C1LQhxpPec0TT/EIa1FyDMKvP/xe7NOCnG3Qiv8q', b'0', NULL, NULL, 'Male', NULL, 'Activated', NULL, NULL, '2021-01-01 00:00:00', 'Asia/Kolkata', NULL, 'WFO', NULL, NULL, 'PRDADM0001', '2021-01-01 00:00:00', 'PRDADM0001', '2021-01-01 00:00:00', b'1'),
	('15828ea493-8fcc-4c68-b4b8-431a82a375bb', 'PRD000001', 'PRD000001', 'Employee', 'DP100271', NULL, 'S Ajith', NULL, 'Test@1234', '$2a$10$z/h4gKgrVrSp9C1LQhxpPec0TT/EIa1FyDMKvP/xe7NOCnG3Qiv8q', b'0', NULL, NULL, 'Male', NULL, 'Activated', NULL, NULL, '2021-01-01 00:00:00', 'Asia/Kolkata', NULL, 'WFO', NULL, NULL, 'PRDADM0001', '2021-01-01 00:00:00', 'PRDADM0001', '2021-01-01 00:00:00', b'1'),
	('15829ea493-8fcc-4c68-b4b8-431a82a375bb', 'PRD000001', 'PRD000001', 'Employee', 'DP100272', NULL, 'R PAVITHRA', NULL, 'Test@1234', '$2a$10$z/h4gKgrVrSp9C1LQhxpPec0TT/EIa1FyDMKvP/xe7NOCnG3Qiv8q', b'0', NULL, NULL, 'Male', NULL, 'Activated', NULL, NULL, '2021-01-01 00:00:00', 'Asia/Kolkata', NULL, 'WFO', NULL, NULL, 'PRDADM0001', '2021-01-01 00:00:00', 'PRDADM0001', '2021-01-01 00:00:00', b'1'),
	('15830ea493-8fcc-4c68-b4b8-431a82a375bb', 'PRD000001', 'PRD000001', 'Employee', 'DP100273', NULL, 'D Mohan babu', NULL, 'Test@1234', '$2a$10$z/h4gKgrVrSp9C1LQhxpPec0TT/EIa1FyDMKvP/xe7NOCnG3Qiv8q', b'0', NULL, NULL, 'Male', NULL, 'Activated', NULL, NULL, '2021-01-01 00:00:00', 'Asia/Kolkata', NULL, 'WFO', NULL, NULL, 'PRDADM0001', '2021-01-01 00:00:00', 'PRDADM0001', '2021-01-01 00:00:00', b'1'),
	('15831ea493-8fcc-4c68-b4b8-431a82a375bb', 'PRD000001', 'PRD000001', 'Employee', 'DP100274', NULL, 'G SANTHI', NULL, 'Test@1234', '$2a$10$z/h4gKgrVrSp9C1LQhxpPec0TT/EIa1FyDMKvP/xe7NOCnG3Qiv8q', b'0', NULL, NULL, 'Male', NULL, 'Activated', NULL, NULL, '2021-01-01 00:00:00', 'Asia/Kolkata', NULL, 'WFO', NULL, NULL, 'PRDADM0001', '2021-01-01 00:00:00', 'PRDADM0001', '2021-01-01 00:00:00', b'1'),
	('15832ea493-8fcc-4c68-b4b8-431a82a375bb', 'PRD000001', 'PRD000001', 'Employee', 'DP100275', NULL, 'D Siva', NULL, 'Test@1234', '$2a$10$z/h4gKgrVrSp9C1LQhxpPec0TT/EIa1FyDMKvP/xe7NOCnG3Qiv8q', b'0', NULL, NULL, 'Male', NULL, 'Activated', NULL, NULL, '2021-01-01 00:00:00', 'Asia/Kolkata', NULL, 'WFO', NULL, NULL, 'PRDADM0001', '2021-01-01 00:00:00', 'PRDADM0001', '2021-01-01 00:00:00', b'1'),
	('15833ea493-8fcc-4c68-b4b8-431a82a375bb', 'PRD000001', 'PRD000001', 'Employee', 'DP100276', NULL, 'P Prasanakumar', NULL, 'Test@1234', '$2a$10$z/h4gKgrVrSp9C1LQhxpPec0TT/EIa1FyDMKvP/xe7NOCnG3Qiv8q', b'0', NULL, NULL, 'Male', NULL, 'Activated', NULL, NULL, '2021-01-01 00:00:00', 'Asia/Kolkata', NULL, 'WFO', NULL, NULL, 'PRDADM0001', '2021-01-01 00:00:00', 'PRDADM0001', '2021-01-01 00:00:00', b'1'),
	('15834ea493-8fcc-4c68-b4b8-431a82a375bb', 'PRD000001', 'PRD000001', 'Employee', 'DP100277', NULL, 'P Abinaya', NULL, 'Test@1234', '$2a$10$z/h4gKgrVrSp9C1LQhxpPec0TT/EIa1FyDMKvP/xe7NOCnG3Qiv8q', b'0', NULL, NULL, 'Male', NULL, 'Activated', NULL, NULL, '2021-01-01 00:00:00', 'Asia/Kolkata', NULL, 'WFO', NULL, NULL, 'PRDADM0001', '2021-01-01 00:00:00', 'PRDADM0001', '2021-01-01 00:00:00', b'1'),
	('15836ea493-8fcc-4c68-b4b8-431a82a375bb', 'PRD000001', 'PRD000001', 'Employee', 'DP100278', NULL, 'J.Jenitha', NULL, 'Test@1234', '$2a$10$z/h4gKgrVrSp9C1LQhxpPec0TT/EIa1FyDMKvP/xe7NOCnG3Qiv8q', b'0', NULL, NULL, 'Male', NULL, 'Activated', NULL, NULL, '2021-01-01 00:00:00', 'Asia/Kolkata', NULL, 'WFO', NULL, NULL, 'PRDADM0001', '2021-01-01 00:00:00', 'PRDADM0001', '2021-01-01 00:00:00', b'1'),
	('15837ea493-8fcc-4c68-b4b8-431a82a375bb', 'PRD000001', 'PRD000001', 'Employee', 'DP100279', NULL, 'T Siranjeevi', NULL, 'Test@1234', '$2a$10$z/h4gKgrVrSp9C1LQhxpPec0TT/EIa1FyDMKvP/xe7NOCnG3Qiv8q', b'0', NULL, NULL, 'Male', NULL, 'Activated', NULL, NULL, '2021-01-01 00:00:00', 'Asia/Kolkata', NULL, 'WFO', NULL, NULL, 'PRDADM0001', '2021-01-01 00:00:00', 'PRDADM0001', '2021-01-01 00:00:00', b'1'),
	('15838ea493-8fcc-4c68-b4b8-431a82a375bb', 'PRD000001', 'PRD000001', 'Employee', 'DP100280', NULL, 'M Kavya', NULL, 'Test@1234', '$2a$10$z/h4gKgrVrSp9C1LQhxpPec0TT/EIa1FyDMKvP/xe7NOCnG3Qiv8q', b'0', NULL, NULL, 'Male', NULL, 'Activated', NULL, NULL, '2021-01-01 00:00:00', 'Asia/Kolkata', NULL, 'WFO', NULL, NULL, 'PRDADM0001', '2021-01-01 00:00:00', 'PRDADM0001', '2021-01-01 00:00:00', b'1'),
	('15839ea493-8fcc-4c68-b4b8-431a82a375bb', 'PRD000001', 'PRD000001', 'Employee', 'DP100281', NULL, 'VR Ramya', NULL, 'Test@1234', '$2a$10$z/h4gKgrVrSp9C1LQhxpPec0TT/EIa1FyDMKvP/xe7NOCnG3Qiv8q', b'0', NULL, NULL, 'Male', NULL, 'Activated', NULL, NULL, '2021-01-01 00:00:00', 'Asia/Kolkata', NULL, 'WFO', NULL, NULL, 'PRDADM0001', '2021-01-01 00:00:00', 'PRDADM0001', '2021-01-01 00:00:00', b'1'),
	('15840ea493-8fcc-4c68-b4b8-431a82a375bb', 'PRD000001', 'PRD000001', 'Employee', 'DP100282', NULL, 'K LAVANYA', NULL, 'Test@1234', '$2a$10$z/h4gKgrVrSp9C1LQhxpPec0TT/EIa1FyDMKvP/xe7NOCnG3Qiv8q', b'0', NULL, NULL, 'Male', NULL, 'Activated', NULL, NULL, '2021-01-01 00:00:00', 'Asia/Kolkata', NULL, 'WFO', NULL, NULL, 'PRDADM0001', '2021-01-01 00:00:00', 'PRDADM0001', '2021-01-01 00:00:00', b'1'),
	('15841ea493-8fcc-4c68-b4b8-431a82a375bb', 'PRD000001', 'PRD000001', 'Employee', 'DP100283', NULL, 'C Kannan', NULL, 'Test@1234', '$2a$10$z/h4gKgrVrSp9C1LQhxpPec0TT/EIa1FyDMKvP/xe7NOCnG3Qiv8q', b'0', NULL, NULL, 'Male', NULL, 'Activated', NULL, NULL, '2021-01-01 00:00:00', 'Asia/Kolkata', NULL, 'WFO', NULL, NULL, 'PRDADM0001', '2021-01-01 00:00:00', 'PRDADM0001', '2021-01-01 00:00:00', b'1'),
	('15842ea493-8fcc-4c68-b4b8-431a82a375bb', 'PRD000001', 'PRD000001', 'Employee', 'DP100284', NULL, 'S FRANKLIN JESURAJAN', NULL, 'Test@1234', '$2a$10$z/h4gKgrVrSp9C1LQhxpPec0TT/EIa1FyDMKvP/xe7NOCnG3Qiv8q', b'0', NULL, NULL, 'Male', NULL, 'Activated', NULL, NULL, '2021-01-01 00:00:00', 'Asia/Kolkata', NULL, 'WFO', NULL, NULL, 'PRDADM0001', '2021-01-01 00:00:00', 'PRDADM0001', '2021-01-01 00:00:00', b'1'),
	('15843ea493-8fcc-4c68-b4b8-431a82a375bb', 'PRD000001', 'PRD000001', 'Employee', 'DP100285', NULL, 'M Vijay', NULL, 'Test@1234', '$2a$10$z/h4gKgrVrSp9C1LQhxpPec0TT/EIa1FyDMKvP/xe7NOCnG3Qiv8q', b'0', NULL, NULL, 'Male', NULL, 'Activated', NULL, NULL, '2021-01-01 00:00:00', 'Asia/Kolkata', NULL, 'WFO', NULL, NULL, 'PRDADM0001', '2021-01-01 00:00:00', 'PRDADM0001', '2021-01-01 00:00:00', b'1'),
	('15844ea493-8fcc-4c68-b4b8-431a82a375bb', 'PRD000001', 'PRD000001', 'Employee', 'DP100286', NULL, 'M Arjun Kumar', NULL, 'Test@1234', '$2a$10$z/h4gKgrVrSp9C1LQhxpPec0TT/EIa1FyDMKvP/xe7NOCnG3Qiv8q', b'0', NULL, NULL, 'Male', NULL, 'Activated', NULL, NULL, '2021-01-01 00:00:00', 'Asia/Kolkata', NULL, 'WFO', NULL, NULL, 'PRDADM0001', '2021-01-01 00:00:00', 'PRDADM0001', '2021-01-01 00:00:00', b'1'),
	('15845ea493-8fcc-4c68-b4b8-431a82a375bb', 'PRD000001', 'PRD000001', 'Employee', 'DP100287', NULL, 'M Yuvaraj', NULL, 'Test@1234', '$2a$10$z/h4gKgrVrSp9C1LQhxpPec0TT/EIa1FyDMKvP/xe7NOCnG3Qiv8q', b'0', NULL, NULL, 'Male', NULL, 'Activated', NULL, NULL, '2021-01-01 00:00:00', 'Asia/Kolkata', NULL, 'WFO', NULL, NULL, 'PRDADM0001', '2021-01-01 00:00:00', 'PRDADM0001', '2021-01-01 00:00:00', b'1'),
	('15846ea493-8fcc-4c68-b4b8-431a82a375bb', 'PRD000001', 'PRD000001', 'Employee', 'DP100288', NULL, 'Sibi.R', NULL, 'Test@1234', '$2a$10$z/h4gKgrVrSp9C1LQhxpPec0TT/EIa1FyDMKvP/xe7NOCnG3Qiv8q', b'0', NULL, NULL, 'Male', NULL, 'Activated', NULL, NULL, '2021-01-01 00:00:00', 'Asia/Kolkata', NULL, 'WFO', NULL, NULL, 'PRDADM0001', '2021-01-01 00:00:00', 'PRDADM0001', '2021-01-01 00:00:00', b'1'),
	('15848ea493-8fcc-4c68-b4b8-431a82a375bb', 'PRD000001', 'PRD000001', 'Employee', 'DP100289', NULL, 'Maruthai', NULL, 'Test@1234', '$2a$10$z/h4gKgrVrSp9C1LQhxpPec0TT/EIa1FyDMKvP/xe7NOCnG3Qiv8q', b'0', NULL, NULL, 'Male', NULL, 'Activated', NULL, NULL, '2021-01-01 00:00:00', 'Asia/Kolkata', NULL, 'WFO', NULL, NULL, 'PRDADM0001', '2021-01-01 00:00:00', 'PRDADM0001', '2021-01-01 00:00:00', b'1'),
	('15849ea493-8fcc-4c68-b4b8-431a82a375bb', 'PRD000001', 'PRD000001', 'Employee', 'DP100290', NULL, 'S.SATHEESH', NULL, 'Test@1234', '$2a$10$z/h4gKgrVrSp9C1LQhxpPec0TT/EIa1FyDMKvP/xe7NOCnG3Qiv8q', b'0', NULL, NULL, 'Male', NULL, 'Activated', NULL, NULL, '2021-01-01 00:00:00', 'Asia/Kolkata', NULL, 'WFO', NULL, NULL, 'PRDADM0001', '2021-01-01 00:00:00', 'PRDADM0001', '2021-01-01 00:00:00', b'1'),
	('15850ea493-8fcc-4c68-b4b8-431a82a375bb', 'PRD000001', 'PRD000001', 'Employee', 'DP100291', NULL, 'Chithra.E', NULL, 'Test@1234', '$2a$10$z/h4gKgrVrSp9C1LQhxpPec0TT/EIa1FyDMKvP/xe7NOCnG3Qiv8q', b'0', NULL, NULL, 'Male', NULL, 'Activated', NULL, NULL, '2021-01-01 00:00:00', 'Asia/Kolkata', NULL, 'WFO', NULL, NULL, 'PRDADM0001', '2021-01-01 00:00:00', 'PRDADM0001', '2021-01-01 00:00:00', b'1'),
	('15852ea493-8fcc-4c68-b4b8-431a82a375bb', 'PRD000001', 'PRD000001', 'Employee', 'DP100292', NULL, 'S.Priya', NULL, 'Test@1234', '$2a$10$z/h4gKgrVrSp9C1LQhxpPec0TT/EIa1FyDMKvP/xe7NOCnG3Qiv8q', b'0', NULL, NULL, 'Male', NULL, 'Activated', NULL, NULL, '2021-01-01 00:00:00', 'Asia/Kolkata', NULL, 'WFO', NULL, NULL, 'PRDADM0001', '2021-01-01 00:00:00', 'PRDADM0001', '2021-01-01 00:00:00', b'1'),
	('15853ea493-8fcc-4c68-b4b8-431a82a375bb', 'PRD000001', 'PRD000001', 'Employee', 'DP100293', NULL, 'R.Karthika', NULL, 'Test@1234', '$2a$10$z/h4gKgrVrSp9C1LQhxpPec0TT/EIa1FyDMKvP/xe7NOCnG3Qiv8q', b'0', NULL, NULL, 'Male', NULL, 'Activated', NULL, NULL, '2021-01-01 00:00:00', 'Asia/Kolkata', NULL, 'WFO', NULL, NULL, 'PRDADM0001', '2021-01-01 00:00:00', 'PRDADM0001', '2021-01-01 00:00:00', b'1'),
	('15854ea493-8fcc-4c68-b4b8-431a82a375bb', 'PRD000001', 'PRD000001', 'Employee', 'DP100294', NULL, 'S ABINAYA', NULL, 'Test@1234', '$2a$10$z/h4gKgrVrSp9C1LQhxpPec0TT/EIa1FyDMKvP/xe7NOCnG3Qiv8q', b'0', NULL, NULL, 'Male', NULL, 'Activated', NULL, NULL, '2021-01-01 00:00:00', 'Asia/Kolkata', NULL, 'WFO', NULL, NULL, 'PRDADM0001', '2021-01-01 00:00:00', 'PRDADM0001', '2021-01-01 00:00:00', b'1'),
	('15855ea493-8fcc-4c68-b4b8-431a82a375bb', 'PRD000001', 'PRD000001', 'Employee', 'DP100295', NULL, 'Yoga Lakshmi Raju', NULL, 'Test@1234', '$2a$10$z/h4gKgrVrSp9C1LQhxpPec0TT/EIa1FyDMKvP/xe7NOCnG3Qiv8q', b'0', NULL, NULL, 'Male', NULL, 'Activated', NULL, NULL, '2021-01-01 00:00:00', 'Asia/Kolkata', NULL, 'WFO', NULL, NULL, 'PRDADM0001', '2021-01-01 00:00:00', 'PRDADM0001', '2021-01-01 00:00:00', b'1'),
	('15856ea493-8fcc-4c68-b4b8-431a82a375bb', 'PRD000001', 'PRD000001', 'Employee', 'DP100296', NULL, 'M Rajarajeswari', NULL, 'Test@1234', '$2a$10$z/h4gKgrVrSp9C1LQhxpPec0TT/EIa1FyDMKvP/xe7NOCnG3Qiv8q', b'0', NULL, NULL, 'Male', NULL, 'Activated', NULL, NULL, '2021-01-01 00:00:00', 'Asia/Kolkata', NULL, 'WFO', NULL, NULL, 'PRDADM0001', '2021-01-01 00:00:00', 'PRDADM0001', '2021-01-01 00:00:00', b'1'),
	('77770ea493-8fcc-4c68-b4b8-431a82a375bb', 'PRD000001', 'PRD000001', 'Employee', 'DP100297', NULL, 'Ilakya', NULL, 'Test@1234', '$2a$10$z/h4gKgrVrSp9C1LQhxpPec0TT/EIa1FyDMKvP/xe7NOCnG3Qiv8q', b'0', NULL, NULL, 'Male', NULL, 'Activated', NULL, NULL, '2021-01-01 00:00:00', 'Asia/Kolkata', NULL, 'WFO', NULL, NULL, 'PRDADM0001', '2021-01-01 00:00:00', 'PRDADM0001', '2021-01-01 00:00:00', b'1'),
	('Dummyea493-8fcc-4c68-b4b8-431a82a375bb', 'PRD000001', 'PRD000001', 'Employee', 'DP100298', NULL, 'Dummy', NULL, 'Test@1234', '$2a$10$z/h4gKgrVrSp9C1LQhxpPec0TT/EIa1FyDMKvP/xe7NOCnG3Qiv8q', b'0', NULL, NULL, 'Male', NULL, 'Activated', NULL, NULL, '2021-01-01 00:00:00', 'Asia/Kolkata', NULL, 'WFO', NULL, NULL, 'PRDADM0001', '2021-01-01 00:00:00', 'PRDADM0001', '2021-01-01 00:00:00', b'1'),
	('EMP01ea493-8fcc-4c68-b4b8-431a82a375bb', 'PRD000001', 'PRD000001', 'Employee', 'DP100299', NULL, 'Raja', NULL, 'Test@1234', '$2a$10$z/h4gKgrVrSp9C1LQhxpPec0TT/EIa1FyDMKvP/xe7NOCnG3Qiv8q', b'0', NULL, NULL, 'Male', NULL, 'Activated', NULL, NULL, '2021-01-01 00:00:00', 'Asia/Kolkata', NULL, 'WFO', NULL, NULL, 'PRDADM0001', '2021-01-01 00:00:00', 'PRDADM0001', '2021-01-01 00:00:00', b'1'),
	('PRDADM0001', 'PRD000001', 'PRD000001', 'Producer', 'EduTel-Id', NULL, 'Data Processor', 'Admin', 'Test@1234', '$2a$10$z/h4gKgrVrSp9C1LQhxpPec0TT/EIa1FyDMKvP/xe7NOCnG3Qiv8q', b'0', NULL, NULL, NULL, NULL, 'Activated', NULL, NULL, '2021-01-01 00:00:00', 'Asia/Kolkata', NULL, 'WFO', NULL, NULL, 'PRDADM0001', '2021-01-01 00:00:00', 'PRDADM0001', '2021-01-01 00:00:00', b'1'),
	('R10ea493-8fcc-4c68-b4b8-431a82a375bb', 'PRD000001', 'PRD000001', 'Employee', 'DP100301', NULL, 'V Vaishali', NULL, 'Test@1234', '$2a$10$z/h4gKgrVrSp9C1LQhxpPec0TT/EIa1FyDMKvP/xe7NOCnG3Qiv8q', b'0', NULL, NULL, 'Male', NULL, 'Activated', NULL, NULL, '2021-01-01 00:00:00', 'Asia/Kolkata', NULL, 'WFO', NULL, NULL, 'PRDADM0001', '2021-01-01 00:00:00', 'PRDADM0001', '2021-01-01 00:00:00', b'1'),
	('R11ea493-8fcc-4c68-b4b8-431a82a375bb', 'PRD000001', 'PRD000001', 'Employee', 'DP100302', NULL, 'K Gayathri', NULL, 'Test@1234', '$2a$10$z/h4gKgrVrSp9C1LQhxpPec0TT/EIa1FyDMKvP/xe7NOCnG3Qiv8q', b'0', NULL, NULL, 'Male', NULL, 'Activated', NULL, NULL, '2021-01-01 00:00:00', 'Asia/Kolkata', NULL, 'WFO', NULL, NULL, 'PRDADM0001', '2021-01-01 00:00:00', 'PRDADM0001', '2021-01-01 00:00:00', b'1'),
	('R12ea493-8fcc-4c68-b4b8-431a82a375bb', 'PRD000001', 'PRD000001', 'Employee', 'DP100303', NULL, 'M Aneeshya', NULL, 'Test@1234', '$2a$10$z/h4gKgrVrSp9C1LQhxpPec0TT/EIa1FyDMKvP/xe7NOCnG3Qiv8q', b'0', NULL, NULL, 'Male', NULL, 'Activated', NULL, NULL, '2021-01-01 00:00:00', 'Asia/Kolkata', NULL, 'WFO', NULL, NULL, 'PRDADM0001', '2021-01-01 00:00:00', 'PRDADM0001', '2021-01-01 00:00:00', b'1'),
	('R13ea493-8fcc-4c68-b4b8-431a82a375bb', 'PRD000001', 'PRD000001', 'Employee', 'DP100304', NULL, 'Divya Arvind', NULL, 'Test@1234', '$2a$10$z/h4gKgrVrSp9C1LQhxpPec0TT/EIa1FyDMKvP/xe7NOCnG3Qiv8q', b'0', NULL, NULL, 'Male', NULL, 'Activated', NULL, NULL, '2021-01-01 00:00:00', 'Asia/Kolkata', NULL, 'WFO', NULL, NULL, 'PRDADM0001', '2021-01-01 00:00:00', 'PRDADM0001', '2021-01-01 00:00:00', b'1'),
	('R14ea493-8fcc-4c68-b4b8-431a82a375bb', 'PRD000001', 'PRD000001', 'Employee', 'DP100305', NULL, 'A Mohamed Ismail', NULL, 'Test@1234', '$2a$10$z/h4gKgrVrSp9C1LQhxpPec0TT/EIa1FyDMKvP/xe7NOCnG3Qiv8q', b'0', NULL, NULL, 'Male', NULL, 'Activated', NULL, NULL, '2021-01-01 00:00:00', 'Asia/Kolkata', NULL, 'WFO', NULL, NULL, 'PRDADM0001', '2021-01-01 00:00:00', 'PRDADM0001', '2021-01-01 00:00:00', b'1'),
	('R1eea493-8fcc-4c68-b4b8-431a82a375bb', 'PRD000001', 'PRD000001', 'Employee', 'DP100300', NULL, 'Divya Velur Chinnadurai', NULL, 'Test@1234', '$2a$10$z/h4gKgrVrSp9C1LQhxpPec0TT/EIa1FyDMKvP/xe7NOCnG3Qiv8q', b'0', NULL, NULL, 'Male', NULL, 'Activated', NULL, NULL, '2021-01-01 00:00:00', 'Asia/Kolkata', NULL, 'WFO', NULL, NULL, 'PRDADM0001', '2021-01-01 00:00:00', 'PRDADM0001', '2021-01-01 00:00:00', b'1'),
	('R2ea493-8fcc-4c68-b4b8-431a82a375bb', 'PRD000001', 'PRD000001', 'Employee', 'DP100306', NULL, 'K T Maniyammai', NULL, 'Test@1234', '$2a$10$z/h4gKgrVrSp9C1LQhxpPec0TT/EIa1FyDMKvP/xe7NOCnG3Qiv8q', b'0', NULL, NULL, 'Male', NULL, 'Activated', NULL, NULL, '2021-01-01 00:00:00', 'Asia/Kolkata', NULL, 'WFO', NULL, NULL, 'PRDADM0001', '2021-01-01 00:00:00', 'PRDADM0001', '2021-01-01 00:00:00', b'1'),
	('R3ea493-8fcc-4c68-b4b8-431a82a375bb', 'PRD000001', 'PRD000001', 'Employee', 'DP100307', NULL, 'Niranchila.S', NULL, 'Test@1234', '$2a$10$z/h4gKgrVrSp9C1LQhxpPec0TT/EIa1FyDMKvP/xe7NOCnG3Qiv8q', b'0', NULL, NULL, 'Male', NULL, 'Activated', NULL, NULL, '2021-01-01 00:00:00', 'Asia/Kolkata', NULL, 'WFO', NULL, NULL, 'PRDADM0001', '2021-01-01 00:00:00', 'PRDADM0001', '2021-01-01 00:00:00', b'1'),
	('R4ea493-8fcc-4c68-b4b8-431a82a375bb', 'PRD000001', 'PRD000001', 'Employee', 'DP100308', NULL, 'Geerthivasan.R', NULL, 'Test@1234', '$2a$10$z/h4gKgrVrSp9C1LQhxpPec0TT/EIa1FyDMKvP/xe7NOCnG3Qiv8q', b'0', NULL, NULL, 'Male', NULL, 'Activated', NULL, NULL, '2021-01-01 00:00:00', 'Asia/Kolkata', NULL, 'WFO', NULL, NULL, 'PRDADM0001', '2021-01-01 00:00:00', 'PRDADM0001', '2021-01-01 00:00:00', b'1'),
	('R5ea493-8fcc-4c68-b4b8-431a82a375bb', 'PRD000001', 'PRD000001', 'Employee', 'DP100309', NULL, 'Thabasu.S', NULL, 'Test@1234', '$2a$10$z/h4gKgrVrSp9C1LQhxpPec0TT/EIa1FyDMKvP/xe7NOCnG3Qiv8q', b'0', NULL, NULL, 'Male', NULL, 'Activated', NULL, NULL, '2021-01-01 00:00:00', 'Asia/Kolkata', NULL, 'WFO', NULL, NULL, 'PRDADM0001', '2021-01-01 00:00:00', 'PRDADM0001', '2021-01-01 00:00:00', b'1'),
	('R6ea493-8fcc-4c68-b4b8-431a82a375bb', 'PRD000001', 'PRD000001', 'Employee', 'DP100310', NULL, 'Aravind.D', NULL, 'Test@1234', '$2a$10$z/h4gKgrVrSp9C1LQhxpPec0TT/EIa1FyDMKvP/xe7NOCnG3Qiv8q', b'0', NULL, NULL, 'Male', NULL, 'Activated', NULL, NULL, '2021-01-01 00:00:00', 'Asia/Kolkata', NULL, 'WFO', NULL, NULL, 'PRDADM0001', '2021-01-01 00:00:00', 'PRDADM0001', '2021-01-01 00:00:00', b'1'),
	('R7ea493-8fcc-4c68-b4b8-431a82a375bb', 'PRD000001', 'PRD000001', 'Employee', 'DP100311', NULL, 'AJITHKUMAR.S', NULL, 'Test@1234', '$2a$10$z/h4gKgrVrSp9C1LQhxpPec0TT/EIa1FyDMKvP/xe7NOCnG3Qiv8q', b'0', NULL, NULL, 'Male', NULL, 'Activated', NULL, NULL, '2021-01-01 00:00:00', 'Asia/Kolkata', NULL, 'WFO', NULL, NULL, 'PRDADM0001', '2021-01-01 00:00:00', 'PRDADM0001', '2021-01-01 00:00:00', b'1'),
	('R8ea493-8fcc-4c68-b4b8-431a82a375bb', 'PRD000001', 'PRD000001', 'Employee', 'DP100312', NULL, 'S Dhanush Deepak Kumar', NULL, 'Test@1234', '$2a$10$z/h4gKgrVrSp9C1LQhxpPec0TT/EIa1FyDMKvP/xe7NOCnG3Qiv8q', b'0', NULL, NULL, 'Male', NULL, 'Activated', NULL, NULL, '2021-01-01 00:00:00', 'Asia/Kolkata', NULL, 'WFO', NULL, NULL, 'PRDADM0001', '2021-01-01 00:00:00', 'PRDADM0001', '2021-01-01 00:00:00', b'1'),
	('R9ea493-8fcc-4c68-b4b8-431a82a375bb', 'PRD000001', 'PRD000001', 'Employee', 'DP100313', NULL, 'K Nanthagopal', NULL, 'Test@1234', '$2a$10$z/h4gKgrVrSp9C1LQhxpPec0TT/EIa1FyDMKvP/xe7NOCnG3Qiv8q', b'0', NULL, NULL, 'Male', NULL, 'Activated', NULL, NULL, '2021-01-01 00:00:00', 'Asia/Kolkata', NULL, 'WFO', NULL, NULL, 'PRDADM0001', '2021-01-01 00:00:00', 'PRDADM0001', '2021-01-01 00:00:00', b'1'),
	('SuperAdmin', 'PRD000001', 'PRD000001', 'Employee', 'DP100314', NULL, 'SuperAdmin', NULL, 'Test@1234', '$2a$10$z/h4gKgrVrSp9C1LQhxpPec0TT/EIa1FyDMKvP/xe7NOCnG3Qiv8q', b'0', NULL, NULL, 'Male', NULL, 'Activated', NULL, NULL, '2021-01-01 00:00:00', 'Asia/Kolkata', NULL, 'WFO', NULL, NULL, 'PRDADM0001', '2021-01-01 00:00:00', 'PRDADM0001', '2021-01-01 00:00:00', b'1'),
	('System', 'PRD000001', 'PRD000001', 'Employee', 'DP100315', NULL, 'System', NULL, 'Test@1234', '$2a$10$z/h4gKgrVrSp9C1LQhxpPec0TT/EIa1FyDMKvP/xe7NOCnG3Qiv8q', b'0', NULL, NULL, 'Male', NULL, 'Activated', NULL, NULL, '2021-01-01 00:00:00', 'Asia/Kolkata', NULL, 'WFO', NULL, NULL, 'PRDADM0001', '2021-01-01 00:00:00', 'PRDADM0001', '2021-01-01 00:00:00', b'1'),
	('T_001ea493-8fcc-4c68-b4b8-431a82a375bb', 'PRD000001', 'PRD000001', 'Employee', 'DP100316', NULL, 'M Abinaya', NULL, 'Test@1234', '$2a$10$z/h4gKgrVrSp9C1LQhxpPec0TT/EIa1FyDMKvP/xe7NOCnG3Qiv8q', b'0', NULL, NULL, 'Male', NULL, 'Activated', NULL, NULL, '2021-01-01 00:00:00', 'Asia/Kolkata', NULL, 'WFO', NULL, NULL, 'PRDADM0001', '2021-01-01 00:00:00', 'PRDADM0001', '2021-01-01 00:00:00', b'1'),
	('T_002ea493-8fcc-4c68-b4b8-431a82a375bb', 'PRD000001', 'PRD000001', 'Employee', 'DP100317', NULL, 'B Kanimozhi', NULL, 'Test@1234', '$2a$10$z/h4gKgrVrSp9C1LQhxpPec0TT/EIa1FyDMKvP/xe7NOCnG3Qiv8q', b'0', NULL, NULL, 'Male', NULL, 'Activated', NULL, NULL, '2021-01-01 00:00:00', 'Asia/Kolkata', NULL, 'WFO', NULL, NULL, 'PRDADM0001', '2021-01-01 00:00:00', 'PRDADM0001', '2021-01-01 00:00:00', b'1'),
	('T_003ea493-8fcc-4c68-b4b8-431a82a375bb', 'PRD000001', 'PRD000001', 'Employee', 'DP100318', NULL, 'M Kamali', NULL, 'Test@1234', '$2a$10$z/h4gKgrVrSp9C1LQhxpPec0TT/EIa1FyDMKvP/xe7NOCnG3Qiv8q', b'0', NULL, NULL, 'Male', NULL, 'Activated', NULL, NULL, '2021-01-01 00:00:00', 'Asia/Kolkata', NULL, 'WFO', NULL, NULL, 'PRDADM0001', '2021-01-01 00:00:00', 'PRDADM0001', '2021-01-01 00:00:00', b'1'),
	('T_004ea493-8fcc-4c68-b4b8-431a82a375bb', 'PRD000001', 'PRD000001', 'Employee', 'DP100319', NULL, 'C Malathy', NULL, 'Test@1234', '$2a$10$z/h4gKgrVrSp9C1LQhxpPec0TT/EIa1FyDMKvP/xe7NOCnG3Qiv8q', b'0', NULL, NULL, 'Male', NULL, 'Activated', NULL, NULL, '2021-01-01 00:00:00', 'Asia/Kolkata', NULL, 'WFO', NULL, NULL, 'PRDADM0001', '2021-01-01 00:00:00', 'PRDADM0001', '2021-01-01 00:00:00', b'1'),
	('T_005ea493-8fcc-4c68-b4b8-431a82a375bb', 'PRD000001', 'PRD000001', 'Employee', 'DP100320', NULL, 'P Anandhi ', NULL, 'Test@1234', '$2a$10$z/h4gKgrVrSp9C1LQhxpPec0TT/EIa1FyDMKvP/xe7NOCnG3Qiv8q', b'0', NULL, NULL, 'Male', NULL, 'Activated', NULL, NULL, '2021-01-01 00:00:00', 'Asia/Kolkata', NULL, 'WFO', NULL, NULL, 'PRDADM0001', '2021-01-01 00:00:00', 'PRDADM0001', '2021-01-01 00:00:00', b'1'),
	('T_006ea493-8fcc-4c68-b4b8-431a82a375bb', 'PRD000001', 'PRD000001', 'Employee', 'DP100321', NULL, 'Keerthana.M', NULL, 'Test@1234', '$2a$10$z/h4gKgrVrSp9C1LQhxpPec0TT/EIa1FyDMKvP/xe7NOCnG3Qiv8q', b'0', NULL, NULL, 'Male', NULL, 'Activated', NULL, NULL, '2021-01-01 00:00:00', 'Asia/Kolkata', NULL, 'WFO', NULL, NULL, 'PRDADM0001', '2021-01-01 00:00:00', 'PRDADM0001', '2021-01-01 00:00:00', b'1'),
	('T_007ea493-8fcc-4c68-b4b8-431a82a375bb', 'PRD000001', 'PRD000001', 'Employee', 'DP100322', NULL, 'V Suruthi Lakshmi', NULL, 'Test@1234', '$2a$10$z/h4gKgrVrSp9C1LQhxpPec0TT/EIa1FyDMKvP/xe7NOCnG3Qiv8q', b'0', NULL, NULL, 'Male', NULL, 'Activated', NULL, NULL, '2021-01-01 00:00:00', 'Asia/Kolkata', NULL, 'WFO', NULL, NULL, 'PRDADM0001', '2021-01-01 00:00:00', 'PRDADM0001', '2021-01-01 00:00:00', b'1'),
	('T_008ea493-8fcc-4c68-b4b8-431a82a375bb', 'PRD000001', 'PRD000001', 'Employee', 'DP100323', NULL, 'R Rajeswari', NULL, 'Test@1234', '$2a$10$z/h4gKgrVrSp9C1LQhxpPec0TT/EIa1FyDMKvP/xe7NOCnG3Qiv8q', b'0', NULL, NULL, 'Male', NULL, 'Activated', NULL, NULL, '2021-01-01 00:00:00', 'Asia/Kolkata', NULL, 'WFO', NULL, NULL, 'PRDADM0001', '2021-01-01 00:00:00', 'PRDADM0001', '2021-01-01 00:00:00', b'1'),
	('T_009ea493-8fcc-4c68-b4b8-431a82a375bb', 'PRD000001', 'PRD000001', 'Employee', 'DP100324', NULL, 'R Lakshmi Priya', NULL, 'Test@1234', '$2a$10$z/h4gKgrVrSp9C1LQhxpPec0TT/EIa1FyDMKvP/xe7NOCnG3Qiv8q', b'0', NULL, NULL, 'Male', NULL, 'Activated', NULL, NULL, '2021-01-01 00:00:00', 'Asia/Kolkata', NULL, 'WFO', NULL, NULL, 'PRDADM0001', '2021-01-01 00:00:00', 'PRDADM0001', '2021-01-01 00:00:00', b'1'),
	('T_010ea493-8fcc-4c68-b4b8-431a82a375bb', 'PRD000001', 'PRD000001', 'Employee', 'DP100325', NULL, 'J Renuka', NULL, 'Test@1234', '$2a$10$z/h4gKgrVrSp9C1LQhxpPec0TT/EIa1FyDMKvP/xe7NOCnG3Qiv8q', b'0', NULL, NULL, 'Male', NULL, 'Activated', NULL, NULL, '2021-01-01 00:00:00', 'Asia/Kolkata', NULL, 'WFO', NULL, NULL, 'PRDADM0001', '2021-01-01 00:00:00', 'PRDADM0001', '2021-01-01 00:00:00', b'1'),
	('T_011ea493-8fcc-4c68-b4b8-431a82a375bb', 'PRD000001', 'PRD000001', 'Employee', 'DP100326', NULL, 'V Akalya', NULL, 'Test@1234', '$2a$10$z/h4gKgrVrSp9C1LQhxpPec0TT/EIa1FyDMKvP/xe7NOCnG3Qiv8q', b'0', NULL, NULL, 'Male', NULL, 'Activated', NULL, NULL, '2021-01-01 00:00:00', 'Asia/Kolkata', NULL, 'WFO', NULL, NULL, 'PRDADM0001', '2021-01-01 00:00:00', 'PRDADM0001', '2021-01-01 00:00:00', b'1'),
	('T_012ea493-8fcc-4c68-b4b8-431a82a375bb', 'PRD000001', 'PRD000001', 'Employee', 'DP100327', NULL, 'K Bhuvaneswari ', NULL, 'Test@1234', '$2a$10$z/h4gKgrVrSp9C1LQhxpPec0TT/EIa1FyDMKvP/xe7NOCnG3Qiv8q', b'0', NULL, NULL, 'Male', NULL, 'Activated', NULL, NULL, '2021-01-01 00:00:00', 'Asia/Kolkata', NULL, 'WFO', NULL, NULL, 'PRDADM0001', '2021-01-01 00:00:00', 'PRDADM0001', '2021-01-01 00:00:00', b'1'),
	('T_013ea493-8fcc-4c68-b4b8-431a82a375bb', 'PRD000001', 'PRD000001', 'Employee', 'DP100328', NULL, 'VC Sruthi', NULL, 'Test@1234', '$2a$10$z/h4gKgrVrSp9C1LQhxpPec0TT/EIa1FyDMKvP/xe7NOCnG3Qiv8q', b'0', NULL, NULL, 'Male', NULL, 'Activated', NULL, NULL, '2021-01-01 00:00:00', 'Asia/Kolkata', NULL, 'WFO', NULL, NULL, 'PRDADM0001', '2021-01-01 00:00:00', 'PRDADM0001', '2021-01-01 00:00:00', b'1'),
	('T_014ea493-8fcc-4c68-b4b8-431a82a375bb', 'PRD000001', 'PRD000001', 'Employee', 'DP100329', NULL, 'P Santhiya', NULL, 'Test@1234', '$2a$10$z/h4gKgrVrSp9C1LQhxpPec0TT/EIa1FyDMKvP/xe7NOCnG3Qiv8q', b'0', NULL, NULL, 'Male', NULL, 'Activated', NULL, NULL, '2021-01-01 00:00:00', 'Asia/Kolkata', NULL, 'WFO', NULL, NULL, 'PRDADM0001', '2021-01-01 00:00:00', 'PRDADM0001', '2021-01-01 00:00:00', b'1'),
	('T_015ea493-8fcc-4c68-b4b8-431a82a375bb', 'PRD000001', 'PRD000001', 'Employee', 'DP100330', NULL, 'M Bagavathy', NULL, 'Test@1234', '$2a$10$z/h4gKgrVrSp9C1LQhxpPec0TT/EIa1FyDMKvP/xe7NOCnG3Qiv8q', b'0', NULL, NULL, 'Male', NULL, 'Activated', NULL, NULL, '2021-01-01 00:00:00', 'Asia/Kolkata', NULL, 'WFO', NULL, NULL, 'PRDADM0001', '2021-01-01 00:00:00', 'PRDADM0001', '2021-01-01 00:00:00', b'1'),
	('T_016ea493-8fcc-4c68-b4b8-431a82a375bb', 'PRD000001', 'PRD000001', 'Employee', 'DP100331', NULL, 'S Harinie', NULL, 'Test@1234', '$2a$10$z/h4gKgrVrSp9C1LQhxpPec0TT/EIa1FyDMKvP/xe7NOCnG3Qiv8q', b'0', NULL, NULL, 'Male', NULL, 'Activated', NULL, NULL, '2021-01-01 00:00:00', 'Asia/Kolkata', NULL, 'WFO', NULL, NULL, 'PRDADM0001', '2021-01-01 00:00:00', 'PRDADM0001', '2021-01-01 00:00:00', b'1'),
	('T_017ea493-8fcc-4c68-b4b8-431a82a375bb', 'PRD000001', 'PRD000001', 'Employee', 'DP100332', NULL, 'N Muthazagi', NULL, 'Test@1234', '$2a$10$z/h4gKgrVrSp9C1LQhxpPec0TT/EIa1FyDMKvP/xe7NOCnG3Qiv8q', b'0', NULL, NULL, 'Male', NULL, 'Activated', NULL, NULL, '2021-01-01 00:00:00', 'Asia/Kolkata', NULL, 'WFO', NULL, NULL, 'PRDADM0001', '2021-01-01 00:00:00', 'PRDADM0001', '2021-01-01 00:00:00', b'1'),
	('T_018ea493-8fcc-4c68-b4b8-431a82a375bb', 'PRD000001', 'PRD000001', 'Employee', 'DP100333', NULL, 'M Pavithra', NULL, 'Test@1234', '$2a$10$z/h4gKgrVrSp9C1LQhxpPec0TT/EIa1FyDMKvP/xe7NOCnG3Qiv8q', b'0', NULL, NULL, 'Male', NULL, 'Activated', NULL, NULL, '2021-01-01 00:00:00', 'Asia/Kolkata', NULL, 'WFO', NULL, NULL, 'PRDADM0001', '2021-01-01 00:00:00', 'PRDADM0001', '2021-01-01 00:00:00', b'1'),
	('T_019ea493-8fcc-4c68-b4b8-431a82a375bb', 'PRD000001', 'PRD000001', 'Employee', 'DP100334', NULL, 'G Vijayalakshmi', NULL, 'Test@1234', '$2a$10$z/h4gKgrVrSp9C1LQhxpPec0TT/EIa1FyDMKvP/xe7NOCnG3Qiv8q', b'0', NULL, NULL, 'Male', NULL, 'Activated', NULL, NULL, '2021-01-01 00:00:00', 'Asia/Kolkata', NULL, 'WFO', NULL, NULL, 'PRDADM0001', '2021-01-01 00:00:00', 'PRDADM0001', '2021-01-01 00:00:00', b'1'),
	('T_020ea493-8fcc-4c68-b4b8-431a82a375bb', 'PRD000001', 'PRD000001', 'Employee', 'DP100335', NULL, 'R Yamuna', NULL, 'Test@1234', '$2a$10$z/h4gKgrVrSp9C1LQhxpPec0TT/EIa1FyDMKvP/xe7NOCnG3Qiv8q', b'0', NULL, NULL, 'Male', NULL, 'Activated', NULL, NULL, '2021-01-01 00:00:00', 'Asia/Kolkata', NULL, 'WFO', NULL, NULL, 'PRDADM0001', '2021-01-01 00:00:00', 'PRDADM0001', '2021-01-01 00:00:00', b'1'),
	('T_021ea493-8fcc-4c68-b4b8-431a82a375bb', 'PRD000001', 'PRD000001', 'Employee', 'DP100336', NULL, 'S Kowsalya', NULL, 'Test@1234', '$2a$10$z/h4gKgrVrSp9C1LQhxpPec0TT/EIa1FyDMKvP/xe7NOCnG3Qiv8q', b'0', NULL, NULL, 'Male', NULL, 'Activated', NULL, NULL, '2021-01-01 00:00:00', 'Asia/Kolkata', NULL, 'WFO', NULL, NULL, 'PRDADM0001', '2021-01-01 00:00:00', 'PRDADM0001', '2021-01-01 00:00:00', b'1'),
	('T_022ea493-8fcc-4c68-b4b8-431a82a375bb', 'PRD000001', 'PRD000001', 'Employee', 'DP100337', NULL, 'R Apsaraullah', NULL, 'Test@1234', '$2a$10$z/h4gKgrVrSp9C1LQhxpPec0TT/EIa1FyDMKvP/xe7NOCnG3Qiv8q', b'0', NULL, NULL, 'Male', NULL, 'Activated', NULL, NULL, '2021-01-01 00:00:00', 'Asia/Kolkata', NULL, 'WFO', NULL, NULL, 'PRDADM0001', '2021-01-01 00:00:00', 'PRDADM0001', '2021-01-01 00:00:00', b'1'),
	('T_023ea493-8fcc-4c68-b4b8-431a82a375bb', 'PRD000001', 'PRD000001', 'Employee', 'DP100338', NULL, 'T Ajithkumar', NULL, 'Test@1234', '$2a$10$z/h4gKgrVrSp9C1LQhxpPec0TT/EIa1FyDMKvP/xe7NOCnG3Qiv8q', b'0', NULL, NULL, 'Male', NULL, 'Activated', NULL, NULL, '2021-01-01 00:00:00', 'Asia/Kolkata', NULL, 'WFO', NULL, NULL, 'PRDADM0001', '2021-01-01 00:00:00', 'PRDADM0001', '2021-01-01 00:00:00', b'1'),
	('T_024ea493-8fcc-4c68-b4b8-431a82a375bb', 'PRD000001', 'PRD000001', 'Employee', 'DP100339', NULL, 'Rekha', NULL, 'Test@1234', '$2a$10$z/h4gKgrVrSp9C1LQhxpPec0TT/EIa1FyDMKvP/xe7NOCnG3Qiv8q', b'0', NULL, NULL, 'Male', NULL, 'Activated', NULL, NULL, '2021-01-01 00:00:00', 'Asia/Kolkata', NULL, 'WFO', NULL, NULL, 'PRDADM0001', '2021-01-01 00:00:00', 'PRDADM0001', '2021-01-01 00:00:00', b'1'),
	('T_025ea493-8fcc-4c68-b4b8-431a82a375bb', 'PRD000001', 'PRD000001', 'Employee', 'DP100340', NULL, 'Yasvanth ram', NULL, 'Test@1234', '$2a$10$z/h4gKgrVrSp9C1LQhxpPec0TT/EIa1FyDMKvP/xe7NOCnG3Qiv8q', b'0', NULL, NULL, 'Male', NULL, 'Activated', NULL, NULL, '2021-01-01 00:00:00', 'Asia/Kolkata', NULL, 'WFO', NULL, NULL, 'PRDADM0001', '2021-01-01 00:00:00', 'PRDADM0001', '2021-01-01 00:00:00', b'1'),
	('T_026ea493-8fcc-4c68-b4b8-431a82a375bb', 'PRD000001', 'PRD000001', 'Employee', 'DP100341', NULL, 'M Masilamani', NULL, 'Test@1234', '$2a$10$z/h4gKgrVrSp9C1LQhxpPec0TT/EIa1FyDMKvP/xe7NOCnG3Qiv8q', b'0', NULL, NULL, 'Male', NULL, 'Activated', NULL, NULL, '2021-01-01 00:00:00', 'Asia/Kolkata', NULL, 'WFO', NULL, NULL, 'PRDADM0001', '2021-01-01 00:00:00', 'PRDADM0001', '2021-01-01 00:00:00', b'1'),
	('T_027ea493-8fcc-4c68-b4b8-431a82a375bb', 'PRD000001', 'PRD000001', 'Employee', 'DP100342', NULL, 'U Sathish Kumar', NULL, 'Test@1234', '$2a$10$z/h4gKgrVrSp9C1LQhxpPec0TT/EIa1FyDMKvP/xe7NOCnG3Qiv8q', b'0', NULL, NULL, 'Male', NULL, 'Activated', NULL, NULL, '2021-01-01 00:00:00', 'Asia/Kolkata', NULL, 'WFO', NULL, NULL, 'PRDADM0001', '2021-01-01 00:00:00', 'PRDADM0001', '2021-01-01 00:00:00', b'1'),
	('T_028ea493-8fcc-4c68-b4b8-431a82a375bb', 'PRD000001', 'PRD000001', 'Employee', 'DP100343', NULL, 'KS Subash', NULL, 'Test@1234', '$2a$10$z/h4gKgrVrSp9C1LQhxpPec0TT/EIa1FyDMKvP/xe7NOCnG3Qiv8q', b'0', NULL, NULL, 'Male', NULL, 'Activated', NULL, NULL, '2021-01-01 00:00:00', 'Asia/Kolkata', NULL, 'WFO', NULL, NULL, 'PRDADM0001', '2021-01-01 00:00:00', 'PRDADM0001', '2021-01-01 00:00:00', b'1'),
	('T_029ea493-8fcc-4c68-b4b8-431a82a375bb', 'PRD000001', 'PRD000001', 'Employee', 'DP100344', NULL, 'R Santhosh', NULL, 'Test@1234', '$2a$10$z/h4gKgrVrSp9C1LQhxpPec0TT/EIa1FyDMKvP/xe7NOCnG3Qiv8q', b'0', NULL, NULL, 'Male', NULL, 'Activated', NULL, NULL, '2021-01-01 00:00:00', 'Asia/Kolkata', NULL, 'WFO', NULL, NULL, 'PRDADM0001', '2021-01-01 00:00:00', 'PRDADM0001', '2021-01-01 00:00:00', b'1'),
	('T_030ea493-8fcc-4c68-b4b8-431a82a375bb', 'PRD000001', 'PRD000001', 'Employee', 'DP100345', NULL, 'E Parthiban', NULL, 'Test@1234', '$2a$10$z/h4gKgrVrSp9C1LQhxpPec0TT/EIa1FyDMKvP/xe7NOCnG3Qiv8q', b'0', NULL, NULL, 'Male', NULL, 'Activated', NULL, NULL, '2021-01-01 00:00:00', 'Asia/Kolkata', NULL, 'WFO', NULL, NULL, 'PRDADM0001', '2021-01-01 00:00:00', 'PRDADM0001', '2021-01-01 00:00:00', b'1'),
	('T_031ea493-8fcc-4c68-b4b8-431a82a375bb', 'PRD000001', 'PRD000001', 'Employee', 'DP100346', NULL, 'H Naveen Kumar', NULL, 'Test@1234', '$2a$10$z/h4gKgrVrSp9C1LQhxpPec0TT/EIa1FyDMKvP/xe7NOCnG3Qiv8q', b'0', NULL, NULL, 'Male', NULL, 'Activated', NULL, NULL, '2021-01-01 00:00:00', 'Asia/Kolkata', NULL, 'WFO', NULL, NULL, 'PRDADM0001', '2021-01-01 00:00:00', 'PRDADM0001', '2021-01-01 00:00:00', b'1'),
	('T_032ea493-8fcc-4c68-b4b8-431a82a375bb', 'PRD000001', 'PRD000001', 'Employee', 'DP100347', NULL, 'K J vinod Pradap', NULL, 'Test@1234', '$2a$10$z/h4gKgrVrSp9C1LQhxpPec0TT/EIa1FyDMKvP/xe7NOCnG3Qiv8q', b'0', NULL, NULL, 'Male', NULL, 'Activated', NULL, NULL, '2021-01-01 00:00:00', 'Asia/Kolkata', NULL, 'WFO', NULL, NULL, 'PRDADM0001', '2021-01-01 00:00:00', 'PRDADM0001', '2021-01-01 00:00:00', b'1'),
	('T_033ea493-8fcc-4c68-b4b8-431a82a375bb', 'PRD000001', 'PRD000001', 'Employee', 'DP100348', NULL, 'R Kamalakannan', NULL, 'Test@1234', '$2a$10$z/h4gKgrVrSp9C1LQhxpPec0TT/EIa1FyDMKvP/xe7NOCnG3Qiv8q', b'0', NULL, NULL, 'Male', NULL, 'Activated', NULL, NULL, '2021-01-01 00:00:00', 'Asia/Kolkata', NULL, 'WFO', NULL, NULL, 'PRDADM0001', '2021-01-01 00:00:00', 'PRDADM0001', '2021-01-01 00:00:00', b'1'),
	('T_034ea493-8fcc-4c68-b4b8-431a82a375bb', 'PRD000001', 'PRD000001', 'Employee', 'DP100349', NULL, 'A Rajasekar', NULL, 'Test@1234', '$2a$10$z/h4gKgrVrSp9C1LQhxpPec0TT/EIa1FyDMKvP/xe7NOCnG3Qiv8q', b'0', NULL, NULL, 'Male', NULL, 'Activated', NULL, NULL, '2021-01-01 00:00:00', 'Asia/Kolkata', NULL, 'WFO', NULL, NULL, 'PRDADM0001', '2021-01-01 00:00:00', 'PRDADM0001', '2021-01-01 00:00:00', b'1'),
	('T_035ea493-8fcc-4c68-b4b8-431a82a375bb', 'PRD000001', 'PRD000001', 'Employee', 'DP100350', NULL, 'H Ramji', NULL, 'Test@1234', '$2a$10$z/h4gKgrVrSp9C1LQhxpPec0TT/EIa1FyDMKvP/xe7NOCnG3Qiv8q', b'0', NULL, NULL, 'Male', NULL, 'Activated', NULL, NULL, '2021-01-01 00:00:00', 'Asia/Kolkata', NULL, 'WFO', NULL, NULL, 'PRDADM0001', '2021-01-01 00:00:00', 'PRDADM0001', '2021-01-01 00:00:00', b'1'),
	('T_036ea493-8fcc-4c68-b4b8-431a82a375bb', 'PRD000001', 'PRD000001', 'Employee', 'DP100351', NULL, 'AK Susil', NULL, 'Test@1234', '$2a$10$z/h4gKgrVrSp9C1LQhxpPec0TT/EIa1FyDMKvP/xe7NOCnG3Qiv8q', b'0', NULL, NULL, 'Male', NULL, 'Activated', NULL, NULL, '2021-01-01 00:00:00', 'Asia/Kolkata', NULL, 'WFO', NULL, NULL, 'PRDADM0001', '2021-01-01 00:00:00', 'PRDADM0001', '2021-01-01 00:00:00', b'1'),
	('T_037ea493-8fcc-4c68-b4b8-431a82a375bb', 'PRD000001', 'PRD000001', 'Employee', 'DP100352', NULL, 'C Manikandan', NULL, 'Test@1234', '$2a$10$z/h4gKgrVrSp9C1LQhxpPec0TT/EIa1FyDMKvP/xe7NOCnG3Qiv8q', b'0', NULL, NULL, 'Male', NULL, 'Activated', NULL, NULL, '2021-01-01 00:00:00', 'Asia/Kolkata', NULL, 'WFO', NULL, NULL, 'PRDADM0001', '2021-01-01 00:00:00', 'PRDADM0001', '2021-01-01 00:00:00', b'1'),
	('T_038ea493-8fcc-4c68-b4b8-431a82a375bb', 'PRD000001', 'PRD000001', 'Employee', 'DP100353', NULL, 'V Yogeshwaran', NULL, 'Test@1234', '$2a$10$z/h4gKgrVrSp9C1LQhxpPec0TT/EIa1FyDMKvP/xe7NOCnG3Qiv8q', b'0', NULL, NULL, 'Male', NULL, 'Activated', NULL, NULL, '2021-01-01 00:00:00', 'Asia/Kolkata', NULL, 'WFO', NULL, NULL, 'PRDADM0001', '2021-01-01 00:00:00', 'PRDADM0001', '2021-01-01 00:00:00', b'1'),
	('T_039ea493-8fcc-4c68-b4b8-431a82a375bb', 'PRD000001', 'PRD000001', 'Employee', 'DP100354', NULL, 'K Vignesh', NULL, 'Test@1234', '$2a$10$z/h4gKgrVrSp9C1LQhxpPec0TT/EIa1FyDMKvP/xe7NOCnG3Qiv8q', b'0', NULL, NULL, 'Male', NULL, 'Activated', NULL, NULL, '2021-01-01 00:00:00', 'Asia/Kolkata', NULL, 'WFO', NULL, NULL, 'PRDADM0001', '2021-01-01 00:00:00', 'PRDADM0001', '2021-01-01 00:00:00', b'1'),
	('T_040ea493-8fcc-4c68-b4b8-431a82a375bb', 'PRD000001', 'PRD000001', 'Employee', 'DP100355', NULL, 'R Naveen kumar', NULL, 'Test@1234', '$2a$10$z/h4gKgrVrSp9C1LQhxpPec0TT/EIa1FyDMKvP/xe7NOCnG3Qiv8q', b'0', NULL, NULL, 'Male', NULL, 'Activated', NULL, NULL, '2021-01-01 00:00:00', 'Asia/Kolkata', NULL, 'WFO', NULL, NULL, 'PRDADM0001', '2021-01-01 00:00:00', 'PRDADM0001', '2021-01-01 00:00:00', b'1'),
	('T_041ea493-8fcc-4c68-b4b8-431a82a375bb', 'PRD000001', 'PRD000001', 'Employee', 'DP100356', NULL, 'S Nishanth', NULL, 'Test@1234', '$2a$10$z/h4gKgrVrSp9C1LQhxpPec0TT/EIa1FyDMKvP/xe7NOCnG3Qiv8q', b'0', NULL, NULL, 'Male', NULL, 'Activated', NULL, NULL, '2021-01-01 00:00:00', 'Asia/Kolkata', NULL, 'WFO', NULL, NULL, 'PRDADM0001', '2021-01-01 00:00:00', 'PRDADM0001', '2021-01-01 00:00:00', b'1'),
	('T_042ea493-8fcc-4c68-b4b8-431a82a375bb', 'PRD000001', 'PRD000001', 'Employee', 'DP100357', NULL, 'V Pravin', NULL, 'Test@1234', '$2a$10$z/h4gKgrVrSp9C1LQhxpPec0TT/EIa1FyDMKvP/xe7NOCnG3Qiv8q', b'0', NULL, NULL, 'Male', NULL, 'Activated', NULL, NULL, '2021-01-01 00:00:00', 'Asia/Kolkata', NULL, 'WFO', NULL, NULL, 'PRDADM0001', '2021-01-01 00:00:00', 'PRDADM0001', '2021-01-01 00:00:00', b'1'),
	('T_043ea493-8fcc-4c68-b4b8-431a82a375bb', 'PRD000001', 'PRD000001', 'Employee', 'DP100358', NULL, 'E Sivarama Krishnan', NULL, 'Test@1234', '$2a$10$z/h4gKgrVrSp9C1LQhxpPec0TT/EIa1FyDMKvP/xe7NOCnG3Qiv8q', b'0', NULL, NULL, 'Male', NULL, 'Activated', NULL, NULL, '2021-01-01 00:00:00', 'Asia/Kolkata', NULL, 'WFO', NULL, NULL, 'PRDADM0001', '2021-01-01 00:00:00', 'PRDADM0001', '2021-01-01 00:00:00', b'1'),
	('T_044ea493-8fcc-4c68-b4b8-431a82a375bb', 'PRD000001', 'PRD000001', 'Employee', 'DP100359', NULL, 'B Muthukumar', NULL, 'Test@1234', '$2a$10$z/h4gKgrVrSp9C1LQhxpPec0TT/EIa1FyDMKvP/xe7NOCnG3Qiv8q', b'0', NULL, NULL, 'Male', NULL, 'Activated', NULL, NULL, '2021-01-01 00:00:00', 'Asia/Kolkata', NULL, 'WFO', NULL, NULL, 'PRDADM0001', '2021-01-01 00:00:00', 'PRDADM0001', '2021-01-01 00:00:00', b'1'),
	('T_045ea493-8fcc-4c68-b4b8-431a82a375bb', 'PRD000001', 'PRD000001', 'Employee', 'DP100360', NULL, 'S Venkatesh', NULL, 'Test@1234', '$2a$10$z/h4gKgrVrSp9C1LQhxpPec0TT/EIa1FyDMKvP/xe7NOCnG3Qiv8q', b'0', NULL, NULL, 'Male', NULL, 'Activated', NULL, NULL, '2021-01-01 00:00:00', 'Asia/Kolkata', NULL, 'WFO', NULL, NULL, 'PRDADM0001', '2021-01-01 00:00:00', 'PRDADM0001', '2021-01-01 00:00:00', b'1'),
	('T_046ea493-8fcc-4c68-b4b8-431a82a375bb', 'PRD000001', 'PRD000001', 'Employee', 'DP100361', NULL, 'S Balamurugan', NULL, 'Test@1234', '$2a$10$z/h4gKgrVrSp9C1LQhxpPec0TT/EIa1FyDMKvP/xe7NOCnG3Qiv8q', b'0', NULL, NULL, 'Male', NULL, 'Activated', NULL, NULL, '2021-01-01 00:00:00', 'Asia/Kolkata', NULL, 'WFO', NULL, NULL, 'PRDADM0001', '2021-01-01 00:00:00', 'PRDADM0001', '2021-01-01 00:00:00', b'1'),
	('T_047ea493-8fcc-4c68-b4b8-431a82a375bb', 'PRD000001', 'PRD000001', 'Employee', 'DP100362', NULL, 'Senthil kumar', NULL, 'Test@1234', '$2a$10$z/h4gKgrVrSp9C1LQhxpPec0TT/EIa1FyDMKvP/xe7NOCnG3Qiv8q', b'0', NULL, NULL, 'Male', NULL, 'Activated', NULL, NULL, '2021-01-01 00:00:00', 'Asia/Kolkata', NULL, 'WFO', NULL, NULL, 'PRDADM0001', '2021-01-01 00:00:00', 'PRDADM0001', '2021-01-01 00:00:00', b'1'),
	('T_048ea493-8fcc-4c68-b4b8-431a82a375bb', 'PRD000001', 'PRD000001', 'Employee', 'DP100363', NULL, 'Rameshkumar', NULL, 'Test@1234', '$2a$10$z/h4gKgrVrSp9C1LQhxpPec0TT/EIa1FyDMKvP/xe7NOCnG3Qiv8q', b'0', NULL, NULL, 'Male', NULL, 'Activated', NULL, NULL, '2021-01-01 00:00:00', 'Asia/Kolkata', NULL, 'WFO', NULL, NULL, 'PRDADM0001', '2021-01-01 00:00:00', 'PRDADM0001', '2021-01-01 00:00:00', b'1'),
	('T_049ea493-8fcc-4c68-b4b8-431a82a375bb', 'PRD000001', 'PRD000001', 'Employee', 'DP100364', NULL, 'Vijesh', NULL, 'Test@1234', '$2a$10$z/h4gKgrVrSp9C1LQhxpPec0TT/EIa1FyDMKvP/xe7NOCnG3Qiv8q', b'0', NULL, NULL, 'Male', NULL, 'Activated', NULL, NULL, '2021-01-01 00:00:00', 'Asia/Kolkata', NULL, 'WFO', NULL, NULL, 'PRDADM0001', '2021-01-01 00:00:00', 'PRDADM0001', '2021-01-01 00:00:00', b'1'),
	('T_050ea493-8fcc-4c68-b4b8-431a82a375bb', 'PRD000001', 'PRD000001', 'Employee', 'DP100365', NULL, 'Rajagopal', NULL, 'Test@1234', '$2a$10$z/h4gKgrVrSp9C1LQhxpPec0TT/EIa1FyDMKvP/xe7NOCnG3Qiv8q', b'0', NULL, NULL, 'Male', NULL, 'Activated', NULL, NULL, '2021-01-01 00:00:00', 'Asia/Kolkata', NULL, 'WFO', NULL, NULL, 'PRDADM0001', '2021-01-01 00:00:00', 'PRDADM0001', '2021-01-01 00:00:00', b'1'),
	('T_051ea493-8fcc-4c68-b4b8-431a82a375bb', 'PRD000001', 'PRD000001', 'Employee', 'DP100366', NULL, 'Sudhakar', NULL, 'Test@1234', '$2a$10$z/h4gKgrVrSp9C1LQhxpPec0TT/EIa1FyDMKvP/xe7NOCnG3Qiv8q', b'0', NULL, NULL, 'Male', NULL, 'Activated', NULL, NULL, '2021-01-01 00:00:00', 'Asia/Kolkata', NULL, 'WFO', NULL, NULL, 'PRDADM0001', '2021-01-01 00:00:00', 'PRDADM0001', '2021-01-01 00:00:00', b'1'),
	('T_052ea493-8fcc-4c68-b4b8-431a82a375bb', 'PRD000001', 'PRD000001', 'Employee', 'DP100367', NULL, 'N Sugumar', NULL, 'Test@1234', '$2a$10$z/h4gKgrVrSp9C1LQhxpPec0TT/EIa1FyDMKvP/xe7NOCnG3Qiv8q', b'0', NULL, NULL, 'Male', NULL, 'Activated', NULL, NULL, '2021-01-01 00:00:00', 'Asia/Kolkata', NULL, 'WFO', NULL, NULL, 'PRDADM0001', '2021-01-01 00:00:00', 'PRDADM0001', '2021-01-01 00:00:00', b'1'),
	('T_053ea493-8fcc-4c68-b4b8-431a82a375bb', 'PRD000001', 'PRD000001', 'Employee', 'DP100368', NULL, 'C Sathiyaraj', NULL, 'Test@1234', '$2a$10$z/h4gKgrVrSp9C1LQhxpPec0TT/EIa1FyDMKvP/xe7NOCnG3Qiv8q', b'0', NULL, NULL, 'Male', NULL, 'Activated', NULL, NULL, '2021-01-01 00:00:00', 'Asia/Kolkata', NULL, 'WFO', NULL, NULL, 'PRDADM0001', '2021-01-01 00:00:00', 'PRDADM0001', '2021-01-01 00:00:00', b'1'),
	('T_054ea493-8fcc-4c68-b4b8-431a82a375bb', 'PRD000001', 'PRD000001', 'Employee', 'DP100369', NULL, 'Selva kumar', NULL, 'Test@1234', '$2a$10$z/h4gKgrVrSp9C1LQhxpPec0TT/EIa1FyDMKvP/xe7NOCnG3Qiv8q', b'0', NULL, NULL, 'Male', NULL, 'Activated', NULL, NULL, '2021-01-01 00:00:00', 'Asia/Kolkata', NULL, 'WFO', NULL, NULL, 'PRDADM0001', '2021-01-01 00:00:00', 'PRDADM0001', '2021-01-01 00:00:00', b'1'),
	('T_055ea493-8fcc-4c68-b4b8-431a82a375bb', 'PRD000001', 'PRD000001', 'Employee', 'DP100370', NULL, 'M Periyasamy', NULL, 'Test@1234', '$2a$10$z/h4gKgrVrSp9C1LQhxpPec0TT/EIa1FyDMKvP/xe7NOCnG3Qiv8q', b'0', NULL, NULL, 'Male', NULL, 'Activated', NULL, NULL, '2021-01-01 00:00:00', 'Asia/Kolkata', NULL, 'WFO', NULL, NULL, 'PRDADM0001', '2021-01-01 00:00:00', 'PRDADM0001', '2021-01-01 00:00:00', b'1'),
	('T_056ea493-8fcc-4c68-b4b8-431a82a375bb', 'PRD000001', 'PRD000001', 'Employee', 'DP100371', NULL, 'B Kanagavel', NULL, 'Test@1234', '$2a$10$z/h4gKgrVrSp9C1LQhxpPec0TT/EIa1FyDMKvP/xe7NOCnG3Qiv8q', b'0', NULL, NULL, 'Male', NULL, 'Activated', NULL, NULL, '2021-01-01 00:00:00', 'Asia/Kolkata', NULL, 'WFO', NULL, NULL, 'PRDADM0001', '2021-01-01 00:00:00', 'PRDADM0001', '2021-01-01 00:00:00', b'1'),
	('T_057ea493-8fcc-4c68-b4b8-431a82a375bb', 'PRD000001', 'PRD000001', 'Employee', 'DP100372', NULL, 'S Sanjay Kumar', NULL, 'Test@1234', '$2a$10$z/h4gKgrVrSp9C1LQhxpPec0TT/EIa1FyDMKvP/xe7NOCnG3Qiv8q', b'0', NULL, NULL, 'Male', NULL, 'Activated', NULL, NULL, '2021-01-01 00:00:00', 'Asia/Kolkata', NULL, 'WFO', NULL, NULL, 'PRDADM0001', '2021-01-01 00:00:00', 'PRDADM0001', '2021-01-01 00:00:00', b'1'),
	('T_058ea493-8fcc-4c68-b4b8-431a82a375bb', 'PRD000001', 'PRD000001', 'Employee', 'DP100373', NULL, 'T Devendhiran', NULL, 'Test@1234', '$2a$10$z/h4gKgrVrSp9C1LQhxpPec0TT/EIa1FyDMKvP/xe7NOCnG3Qiv8q', b'0', NULL, NULL, 'Male', NULL, 'Activated', NULL, NULL, '2021-01-01 00:00:00', 'Asia/Kolkata', NULL, 'WFO', NULL, NULL, 'PRDADM0001', '2021-01-01 00:00:00', 'PRDADM0001', '2021-01-01 00:00:00', b'1'),
	('T_059ea493-8fcc-4c68-b4b8-431a82a375bb', 'PRD000001', 'PRD000001', 'Employee', 'DP100374', NULL, 'Durga devi', NULL, 'Test@1234', '$2a$10$z/h4gKgrVrSp9C1LQhxpPec0TT/EIa1FyDMKvP/xe7NOCnG3Qiv8q', b'0', NULL, NULL, 'Male', NULL, 'Activated', NULL, NULL, '2021-01-01 00:00:00', 'Asia/Kolkata', NULL, 'WFO', NULL, NULL, 'PRDADM0001', '2021-01-01 00:00:00', 'PRDADM0001', '2021-01-01 00:00:00', b'1'),
	('T_060ea493-8fcc-4c68-b4b8-431a82a375bb', 'PRD000001', 'PRD000001', 'Employee', 'DP100375', NULL, 'Sangeetha', NULL, 'Test@1234', '$2a$10$z/h4gKgrVrSp9C1LQhxpPec0TT/EIa1FyDMKvP/xe7NOCnG3Qiv8q', b'0', NULL, NULL, 'Male', NULL, 'Activated', NULL, NULL, '2021-01-01 00:00:00', 'Asia/Kolkata', NULL, 'WFO', NULL, NULL, 'PRDADM0001', '2021-01-01 00:00:00', 'PRDADM0001', '2021-01-01 00:00:00', b'1'),
	('T_061ea493-8fcc-4c68-b4b8-431a82a375bb', 'PRD000001', 'PRD000001', 'Employee', 'DP100376', NULL, 'Sumithra', NULL, 'Test@1234', '$2a$10$z/h4gKgrVrSp9C1LQhxpPec0TT/EIa1FyDMKvP/xe7NOCnG3Qiv8q', b'0', NULL, NULL, 'Male', NULL, 'Activated', NULL, NULL, '2021-01-01 00:00:00', 'Asia/Kolkata', NULL, 'WFO', NULL, NULL, 'PRDADM0001', '2021-01-01 00:00:00', 'PRDADM0001', '2021-01-01 00:00:00', b'1'),
	('T_062ea493-8fcc-4c68-b4b8-431a82a375bb', 'PRD000001', 'PRD000001', 'Employee', 'DP100377', NULL, 'Roshini', NULL, 'Test@1234', '$2a$10$z/h4gKgrVrSp9C1LQhxpPec0TT/EIa1FyDMKvP/xe7NOCnG3Qiv8q', b'0', NULL, NULL, 'Male', NULL, 'Activated', NULL, NULL, '2021-01-01 00:00:00', 'Asia/Kolkata', NULL, 'WFO', NULL, NULL, 'PRDADM0001', '2021-01-01 00:00:00', 'PRDADM0001', '2021-01-01 00:00:00', b'1'),
	('T_063ea493-8fcc-4c68-b4b8-431a82a375bb', 'PRD000001', 'PRD000001', 'Employee', 'DP100378', NULL, 'J Anthony Ranjith', NULL, 'Test@1234', '$2a$10$z/h4gKgrVrSp9C1LQhxpPec0TT/EIa1FyDMKvP/xe7NOCnG3Qiv8q', b'0', NULL, NULL, 'Male', NULL, 'Activated', NULL, NULL, '2021-01-01 00:00:00', 'Asia/Kolkata', NULL, 'WFO', NULL, NULL, 'PRDADM0001', '2021-01-01 00:00:00', 'PRDADM0001', '2021-01-01 00:00:00', b'1'),
	('T_064ea493-8fcc-4c68-b4b8-431a82a375bb', 'PRD000001', 'PRD000001', 'Employee', 'DP100379', NULL, 'P Mathiyalagan', NULL, 'Test@1234', '$2a$10$z/h4gKgrVrSp9C1LQhxpPec0TT/EIa1FyDMKvP/xe7NOCnG3Qiv8q', b'0', NULL, NULL, 'Male', NULL, 'Activated', NULL, NULL, '2021-01-01 00:00:00', 'Asia/Kolkata', NULL, 'WFO', NULL, NULL, 'PRDADM0001', '2021-01-01 00:00:00', 'PRDADM0001', '2021-01-01 00:00:00', b'1'),
	('T_065ea493-8fcc-4c68-b4b8-431a82a375bb', 'PRD000001', 'PRD000001', 'Employee', 'DP100380', NULL, 'M Saran Kumar', NULL, 'Test@1234', '$2a$10$z/h4gKgrVrSp9C1LQhxpPec0TT/EIa1FyDMKvP/xe7NOCnG3Qiv8q', b'0', NULL, NULL, 'Male', NULL, 'Activated', NULL, NULL, '2021-01-01 00:00:00', 'Asia/Kolkata', NULL, 'WFO', NULL, NULL, 'PRDADM0001', '2021-01-01 00:00:00', 'PRDADM0001', '2021-01-01 00:00:00', b'1'),
	('T_066ea493-8fcc-4c68-b4b8-431a82a375bb', 'PRD000001', 'PRD000001', 'Employee', 'DP100381', NULL, 'K Vishnu', NULL, 'Test@1234', '$2a$10$z/h4gKgrVrSp9C1LQhxpPec0TT/EIa1FyDMKvP/xe7NOCnG3Qiv8q', b'0', NULL, NULL, 'Male', NULL, 'Activated', NULL, NULL, '2021-01-01 00:00:00', 'Asia/Kolkata', NULL, 'WFO', NULL, NULL, 'PRDADM0001', '2021-01-01 00:00:00', 'PRDADM0001', '2021-01-01 00:00:00', b'1'),
	('T_067ea493-8fcc-4c68-b4b8-431a82a375bb', 'PRD000001', 'PRD000001', 'Employee', 'DP100382', NULL, 'S Kathir', NULL, 'Test@1234', '$2a$10$z/h4gKgrVrSp9C1LQhxpPec0TT/EIa1FyDMKvP/xe7NOCnG3Qiv8q', b'0', NULL, NULL, 'Male', NULL, 'Activated', NULL, NULL, '2021-01-01 00:00:00', 'Asia/Kolkata', NULL, 'WFO', NULL, NULL, 'PRDADM0001', '2021-01-01 00:00:00', 'PRDADM0001', '2021-01-01 00:00:00', b'1'),
	('T_068ea493-8fcc-4c68-b4b8-431a82a375bb', 'PRD000001', 'PRD000001', 'Employee', 'DP100383', NULL, 'D Velmurugan', NULL, 'Test@1234', '$2a$10$z/h4gKgrVrSp9C1LQhxpPec0TT/EIa1FyDMKvP/xe7NOCnG3Qiv8q', b'0', NULL, NULL, 'Male', NULL, 'Activated', NULL, NULL, '2021-01-01 00:00:00', 'Asia/Kolkata', NULL, 'WFO', NULL, NULL, 'PRDADM0001', '2021-01-01 00:00:00', 'PRDADM0001', '2021-01-01 00:00:00', b'1'),
	('T_069ea493-8fcc-4c68-b4b8-431a82a375bb', 'PRD000001', 'PRD000001', 'Employee', 'DP100384', NULL, 'K Ranjith', NULL, 'Test@1234', '$2a$10$z/h4gKgrVrSp9C1LQhxpPec0TT/EIa1FyDMKvP/xe7NOCnG3Qiv8q', b'0', NULL, NULL, 'Male', NULL, 'Activated', NULL, NULL, '2021-01-01 00:00:00', 'Asia/Kolkata', NULL, 'WFO', NULL, NULL, 'PRDADM0001', '2021-01-01 00:00:00', 'PRDADM0001', '2021-01-01 00:00:00', b'1'),
	('T_070ea493-8fcc-4c68-b4b8-431a82a375bb', 'PRD000001', 'PRD000001', 'Employee', 'DP100385', NULL, 'V.Yuvaraj', NULL, 'Test@1234', '$2a$10$z/h4gKgrVrSp9C1LQhxpPec0TT/EIa1FyDMKvP/xe7NOCnG3Qiv8q', b'0', NULL, NULL, 'Male', NULL, 'Activated', NULL, NULL, '2021-01-01 00:00:00', 'Asia/Kolkata', NULL, 'WFO', NULL, NULL, 'PRDADM0001', '2021-01-01 00:00:00', 'PRDADM0001', '2021-01-01 00:00:00', b'1'),
	('T_071ea493-8fcc-4c68-b4b8-431a82a375bb', 'PRD000001', 'PRD000001', 'Employee', 'DP100386', NULL, 'B.Manisha', NULL, 'Test@1234', '$2a$10$z/h4gKgrVrSp9C1LQhxpPec0TT/EIa1FyDMKvP/xe7NOCnG3Qiv8q', b'0', NULL, NULL, 'Male', NULL, 'Activated', NULL, NULL, '2021-01-01 00:00:00', 'Asia/Kolkata', NULL, 'WFO', NULL, NULL, 'PRDADM0001', '2021-01-01 00:00:00', 'PRDADM0001', '2021-01-01 00:00:00', b'1'),
	('T_072ea493-8fcc-4c68-b4b8-431a82a375bb', 'PRD000001', 'PRD000001', 'Employee', 'DP100387', NULL, 'Preetha', NULL, 'Test@1234', '$2a$10$z/h4gKgrVrSp9C1LQhxpPec0TT/EIa1FyDMKvP/xe7NOCnG3Qiv8q', b'0', NULL, NULL, 'Male', NULL, 'Activated', NULL, NULL, '2021-01-01 00:00:00', 'Asia/Kolkata', NULL, 'WFO', NULL, NULL, 'PRDADM0001', '2021-01-01 00:00:00', 'PRDADM0001', '2021-01-01 00:00:00', b'1'),
	('T_073ea493-8fcc-4c68-b4b8-431a82a375bb', 'PRD000001', 'PRD000001', 'Employee', 'DP100388', NULL, 'Sangavi', NULL, 'Test@1234', '$2a$10$z/h4gKgrVrSp9C1LQhxpPec0TT/EIa1FyDMKvP/xe7NOCnG3Qiv8q', b'0', NULL, NULL, 'Male', NULL, 'Activated', NULL, NULL, '2021-01-01 00:00:00', 'Asia/Kolkata', NULL, 'WFO', NULL, NULL, 'PRDADM0001', '2021-01-01 00:00:00', 'PRDADM0001', '2021-01-01 00:00:00', b'1'),
	('USR0000000000000', 'PRD000001', 'PRD000001', 'Consumer', 'Demo-Id', NULL, 'Demo', 'User', 'Test@1234', '$2a$10$z/h4gKgrVrSp9C1LQhxpPec0TT/EIa1FyDMKvP/xe7NOCnG3Qiv8q', NULL, NULL, NULL, NULL, NULL, 'Activated', NULL, NULL, '2021-01-01 00:00:00', 'Asia/Kolkata', NULL, 'WFO', NULL, NULL, 'PRDADM0001', '2021-01-01 00:00:00', 'PRDADM0001', '2021-01-01 00:00:00', b'1'),
	('USR1513438024799', 'PRD000001', 'PRD000001', 'Employee', 'Ananth-Id', NULL, 'Ananth', 'Balasubramanian', 'Test@1234', '$2a$10$z/h4gKgrVrSp9C1LQhxpPec0TT/EIa1FyDMKvP/xe7NOCnG3Qiv8q', b'0', NULL, NULL, NULL, NULL, 'Activated', NULL, '8029f8a2-3e15-4a3f-a4c5-8c8383f037bc', '2021-01-01 00:00:00', 'Asia/Kolkata', NULL, 'WFO', NULL, NULL, 'PRDADM0001', '2021-01-01 00:00:00', 'PRDADM0001', '2021-01-01 00:00:00', b'1');
/*!40000 ALTER TABLE `users` ENABLE KEYS */;

-- Dumping structure for table data_process.usersaddress
CREATE TABLE IF NOT EXISTS `usersaddress` (
  `addressId` varchar(50) NOT NULL,
  `employeeId` varchar(50) NOT NULL,
  `addressLine1` varchar(50) DEFAULT NULL,
  `addressLine2` varchar(50) DEFAULT NULL,
  `addressLine3` varchar(50) DEFAULT NULL,
  `landmark` varchar(50) DEFAULT NULL,
  `city` varchar(50) DEFAULT NULL,
  `state` varchar(50) DEFAULT 'No State',
  `country` varchar(50) DEFAULT 'IN',
  `pincode` varchar(50) DEFAULT NULL,
  `addressType` varchar(50) NOT NULL,
  PRIMARY KEY (`addressId`),
  KEY `FK_useraddress_users` (`employeeId`),
  KEY `FK_usersaddress_state` (`state`),
  KEY `FK_usersaddress_country` (`country`),
  CONSTRAINT `FK_useraddress_users` FOREIGN KEY (`employeeId`) REFERENCES `users` (`employeeId`),
  CONSTRAINT `FK_usersaddress_state` FOREIGN KEY (`state`) REFERENCES `state` (`state`)
) ENGINE=InnoDB DEFAULT CHARSET=utf8;

-- Dumping data for table data_process.usersaddress: ~0 rows (approximately)
DELETE FROM `usersaddress`;
/*!40000 ALTER TABLE `usersaddress` DISABLE KEYS */;
/*!40000 ALTER TABLE `usersaddress` ENABLE KEYS */;

-- Dumping structure for table data_process.usersattachments
CREATE TABLE IF NOT EXISTS `usersattachments` (
  `autoId` int(11) NOT NULL AUTO_INCREMENT,
  `employeeId` varchar(50) DEFAULT NULL,
  `uploadDocumentForType` varchar(50) DEFAULT NULL,
  `uploadFileFolderURL` varchar(500) DEFAULT NULL,
  `uploadResourceHandler` varchar(50) NOT NULL DEFAULT 'Default',
  `uploadFileName` varchar(100) DEFAULT NULL,
  `uploadFileDate` datetime DEFAULT NULL,
  `uploadFileLastModifiedDate` datetime DEFAULT NULL,
  `uploadFileSize` bigint(20) NOT NULL,
  `createdDate` datetime DEFAULT NULL,
  `modifiedDate` datetime DEFAULT NULL,
  `createdBy` varchar(50) DEFAULT NULL,
  `modifiedBy` varchar(50) DEFAULT NULL,
  `status` bit(1) NOT NULL DEFAULT b'1',
  PRIMARY KEY (`autoId`),
  KEY `FK_userattachments_users` (`employeeId`),
  CONSTRAINT `FK_userattachments_users` FOREIGN KEY (`employeeId`) REFERENCES `users` (`employeeId`)
) ENGINE=InnoDB DEFAULT CHARSET=utf8;

-- Dumping data for table data_process.usersattachments: ~0 rows (approximately)
DELETE FROM `usersattachments`;
/*!40000 ALTER TABLE `usersattachments` DISABLE KEYS */;
/*!40000 ALTER TABLE `usersattachments` ENABLE KEYS */;

-- Dumping structure for table data_process.usersmedia
CREATE TABLE IF NOT EXISTS `usersmedia` (
  `mediaId` varchar(50) NOT NULL,
  `employeeId` varchar(50) NOT NULL,
  `mediaType` varchar(20) NOT NULL,
  `emailId` varchar(50) DEFAULT NULL,
  `mobileNo` varchar(20) DEFAULT NULL,
  `phoneNo` varchar(20) DEFAULT NULL,
  `whatsAppNo` varchar(20) DEFAULT NULL,
  PRIMARY KEY (`mediaId`)
) ENGINE=InnoDB DEFAULT CHARSET=utf8;

-- Dumping data for table data_process.usersmedia: ~3 rows (approximately)
DELETE FROM `usersmedia`;
/*!40000 ALTER TABLE `usersmedia` DISABLE KEYS */;
INSERT INTO `usersmedia` (`mediaId`, `employeeId`, `mediaType`, `emailId`, `mobileNo`, `phoneNo`, `whatsAppNo`) VALUES
	('UMEDIA00001', 'PRDADM0001', 'Primary', 'producer@gmail.com', '9677101111', ' ', '9677101111'),
	('UMEDIA00002', 'USR1513438024799', 'Primary', 'ananth.malbal@gmail.com', '9677101112', ' ', '9677101112'),
	('UMEDIA00003', 'USR0000000000000', 'Primary', 'consumer@gmail.com', '9677101113', ' ', '9677101113');
/*!40000 ALTER TABLE `usersmedia` ENABLE KEYS */;

/*!40101 SET SQL_MODE=IFNULL(@OLD_SQL_MODE, '') */;
/*!40014 SET FOREIGN_KEY_CHECKS=IF(@OLD_FOREIGN_KEY_CHECKS IS NULL, 1, @OLD_FOREIGN_KEY_CHECKS) */;
/*!40101 SET CHARACTER_SET_CLIENT=@OLD_CHARACTER_SET_CLIENT */;
